subset,sample_id,num_nodes,num_faces,inlet_count,wss_mag_mean,wss_mag_std,wss_mag_max,pressure_mean,pressure_min,pressure_max,pressure_range
single,sample_0000,10475,20946,265,30.001700466491286,47.20776336307258,443.42567332755334,134969.3613394988,131830.515625,138535.75,6705.234375
single,sample_0001,10276,20548,271,18.82665724763037,20.84552268270018,348.27415424238615,134103.27655459323,133319.328125,135996.625,2677.296875
single,sample_0002,9463,18922,244,22.110550781442228,18.865182799647965,348.3659814379663,134405.50544720227,133322.75,136476.03125,3153.28125
single,sample_0003,11845,23686,272,36.237558195742224,49.75027951703463,348.1524187537618,135540.23164441748,132690.03125,139176.953125,6486.921875
single,sample_0004,7980,15956,197,28.34399564486431,23.630806576248105,352.63235554725406,135049.32450657894,133322.0,137788.71875,4466.71875
single,sample_0005,8419,16834,204,26.999527619758915,31.506418155348417,351.7218839206952,134863.91077844755,133067.640625,138129.984375,5062.34375
single,sample_0006,10127,20250,252,25.57703346618334,31.15585230888063,347.9535080510163,134796.15883282316,132824.578125,137390.265625,4565.6875
single,sample_0007,9970,19936,262,22.167636021029608,21.042872606553818,348.15361333403274,134378.23550651956,133319.5,136549.390625,3229.890625
single,sample_0008,9435,18866,248,24.924417405783355,34.3814479027112,348.9230191470381,134737.55375761792,132691.515625,137275.46875,4583.953125
single,sample_0009,9916,19828,263,29.004557231343252,32.471523092890784,348.51065215478627,134760.3493328333,133322.28125,137724.765625,4402.484375
single,sample_0010,7816,15628,211,23.325804087247857,22.74589688974681,351.3028039641253,134496.63386602802,133313.59375,136578.484375,3264.890625
single,sample_0011,9698,19392,264,23.807651179356625,34.3381062705106,348.4764380710909,134545.46854538308,132557.6875,137031.234375,4473.546875
single,sample_0012,10800,21596,275,18.61444220594883,21.923232050494526,347.8197398046008,134120.29199508103,133279.84375,136162.625,2882.78125
single,sample_0013,9349,18694,239,23.72207054795567,24.780268165943717,348.8727004733202,134443.37283399294,133321.078125,136875.046875,3553.96875
single,sample_0014,10097,20190,257,30.82231262669851,39.26371356621449,347.94906575612737,135155.40973649352,133040.125,138136.59375,5096.46875
single,sample_0015,8532,17060,228,27.782383701638388,42.48069573569328,354.68571301328615,135040.17355800222,132159.734375,138356.75,6197.015625
single,sample_0016,9122,18240,238,25.237145613680724,27.396602749351562,348.9418080520178,134678.8238256413,133319.703125,137239.203125,3919.5
single,sample_0017,10791,21578,265,30.508203763154615,51.26812846777117,475.4037275307778,135204.1323788342,131636.625,138442.390625,6805.765625
single,sample_0018,10757,21510,274,27.371941264542,35.63251430458608,347.9997078050979,134844.53699916333,132815.4375,137477.140625,4661.703125
single,sample_0019,11227,22450,269,35.669176935909995,48.75949463839973,369.6977778450706,135297.0285277679,132365.453125,139040.015625,6674.5625
single,sample_0020,9750,19496,255,26.125789808899007,36.02203772452653,348.663767026221,134638.69225801283,132557.84375,137619.59375,5061.75
single,sample_0021,9711,19418,263,21.416418747522293,26.44959747592692,347.9941678231904,134352.13806508083,133133.046875,136485.078125,3352.03125
single,sample_0022,9814,19624,248,29.741238555463596,48.233720562336906,355.44170331450283,135178.33090801406,132238.328125,138358.5625,6120.234375
single,sample_0023,10470,20936,265,25.18814065105019,32.69097245982416,347.9422295438952,134522.2881820081,133117.0,137138.546875,4021.546875
single,sample_0024,10532,21060,255,25.66638841681082,30.641620835513702,348.26396509298564,134479.49767078902,133323.390625,137077.390625,3754.0
single,sample_0025,5883,11762,158,27.83791497301532,25.07609198560536,355.89640255775356,134880.9439141382,133321.203125,137296.0625,3974.859375
single,sample_0026,9952,19900,242,36.88533587118239,43.39181187954122,348.73871448958164,135422.25319345357,133228.34375,139225.234375,5996.890625
single,sample_0027,8924,17844,233,22.849558726623517,23.975334009548085,349.56372105429506,134436.35909835837,133320.375,137093.625,3773.25
single,sample_0028,9862,19720,260,31.894590321576125,42.77169739137899,348.17909655623123,135184.57944952848,133022.984375,138561.75,5538.765625
single,sample_0029,10035,20066,268,21.231050500194645,20.19191418898329,348.20836394300306,134311.62178624814,133318.734375,136359.890625,3041.15625
single,sample_0030,10500,20996,253,23.46999518126035,25.77347194611403,347.8903718310764,134431.16299255952,133285.625,136730.234375,3444.609375
single,sample_0031,7748,15492,215,26.019823659005976,24.940456927673754,350.73508779856667,134605.07654596347,133321.015625,137448.859375,4127.84375
single,sample_0032,7475,14946,198,24.802102133913028,25.48401859319629,352.03801829858224,134515.46405100334,133321.265625,136974.640625,3653.375
single,sample_0033,10743,21482,253,21.93631167156881,30.942980677872097,348.36185943184705,134282.5014151657,133016.90625,136708.875,3691.96875
single,sample_0034,9516,19028,263,24.71927355231859,27.38671228286791,348.76689306931394,134568.25254669768,133321.375,137126.390625,3805.015625
single,sample_0035,9477,18950,229,41.008652551118935,55.08313373276863,364.44068085385067,136526.4154762847,132261.671875,141211.671875,8950.0
single,sample_0036,8897,17790,241,27.8144211306357,31.455204562238904,350.23940641403044,134990.79659400642,133100.828125,138036.875,4936.046875
single,sample_0037,10508,21012,260,32.42958370587612,47.30438234767882,347.86240888129373,135318.21439171347,132236.875,138535.28125,6298.40625
single,sample_0038,9471,18938,240,25.99785015888482,27.09520800452427,348.65173786465635,134703.105465038,133321.25,137483.125,4161.875
single,sample_0039,9683,19362,259,23.207907703531628,24.827359341358026,348.65818300070765,134485.71959232676,133320.40625,136783.9375,3463.53125
single,sample_0040,7813,15622,198,40.85476589233336,55.446786436415145,395.3179053092874,136274.1011015295,132310.875,140796.0,8485.125
single,sample_0041,9191,18378,248,22.480027501872808,21.946056612821085,349.0621792739534,134396.8675368567,133318.515625,136746.359375,3427.84375
single,sample_0042,9799,19594,257,33.3695123203516,45.85140725774974,348.60517658104277,135541.5566097306,132407.28125,138820.5625,6413.28125
single,sample_0043,9605,19206,243,24.643962263637096,35.435644531276665,349.1300932503074,134602.60673152003,132751.171875,137277.28125,4526.109375
single,sample_0044,9312,18620,217,39.62907445278591,50.863222684050115,351.34259515158266,136543.0127238375,132814.859375,141234.171875,8419.3125
single,sample_0045,6660,13316,170,29.2296145692048,26.148319342385236,353.94713325937244,134999.5488621434,133320.515625,137677.84375,4357.328125
single,sample_0046,7969,15934,221,30.73229870037825,35.43570819575594,350.65076759233625,134992.39476800727,133321.046875,138426.71875,5105.671875
single,sample_0047,9365,18726,247,24.690908034941728,26.233241603651962,348.371590857808,134631.69157434598,133321.296875,137022.53125,3701.234375
single,sample_0048,9184,18364,231,21.347093108956617,19.602390398065534,350.08674842070326,134319.5872968614,133321.546875,136392.34375,3070.796875
single,sample_0049,8887,17770,219,29.6743274519441,47.25809905560945,378.2603755075643,135225.0698703162,131798.359375,138862.546875,7064.1875
single,sample_0050,6131,12258,152,36.69530369021308,48.59706085963221,355.14558598851835,135670.57005892188,133014.015625,139464.078125,6450.0625
single,sample_0051,9250,18496,241,29.7704848322836,47.838828218763645,349.0101058852515,135235.01483277028,132155.265625,138620.46875,6465.203125
single,sample_0052,10850,21696,262,37.128612721510905,53.91887712814826,449.48961963423795,135807.65148761522,131825.171875,139629.96875,7804.796875
single,sample_0053,9452,18900,254,28.591041579846916,42.73136583645071,348.6336002183644,134932.068165137,132609.859375,138032.34375,5422.484375
single,sample_0054,9959,19914,257,35.707711562711985,55.487261086768605,388.1620688281003,135414.03837452305,131758.875,139428.796875,7669.921875
single,sample_0055,9048,18092,234,23.09910393352654,19.864822350048513,350.259209895638,134542.54636729113,133318.90625,136968.140625,3649.234375
single,sample_0056,9966,19928,252,33.143451837450684,52.38983214258045,400.2553408281123,135643.85041328016,131825.203125,139081.125,7255.921875
single,sample_0057,7122,14240,177,40.985773660440096,53.97516796301763,400.95859224850346,136126.29628922703,133184.03125,141040.046875,7856.015625
single,sample_0058,9484,18964,244,20.931036058863462,26.855458922454996,348.49881987260494,134309.2713781105,133149.796875,136557.5,3407.703125
single,sample_0059,10988,21972,266,23.37072262524382,31.534963622080685,347.822074121698,134493.90692403077,132725.28125,136979.046875,4253.765625
single,sample_0060,6699,13394,184,24.059988016889083,18.729620749742654,352.3067080304706,134546.97826867815,133311.828125,136958.609375,3646.78125
single,sample_0061,6906,13808,183,24.94873691902053,23.19832352457577,352.1971278438256,134629.8428834528,133320.796875,137403.453125,4082.65625
single,sample_0062,9680,19356,259,20.826245564458834,21.402926127949467,348.1669674960715,134298.70401439824,133319.578125,136289.59375,2970.015625
single,sample_0063,9469,18934,239,28.276648612857038,40.018267350590705,348.4332011026511,134814.35958621555,132353.21875,137945.6875,5592.46875
single,sample_0064,7150,14296,195,32.19857700021953,35.72757445476104,352.620943235342,135263.1211166958,133312.46875,138615.703125,5303.234375
single,sample_0065,8571,17138,239,21.712444820452255,23.975575498566528,349.3882050287178,134329.71787313325,133321.203125,136485.125,3163.921875
single,sample_0066,9920,19836,254,34.473865352895096,57.407326126202,517.1224598370624,135611.92920394405,132001.4375,139283.5625,7282.125
single,sample_0067,10735,21466,267,23.022533342343053,32.523216578305636,347.97998486610464,134435.07940731253,132655.515625,136904.40625,4248.890625
single,sample_0068,9812,19620,254,32.683215803346386,50.260864067499924,355.3849502762719,135579.49038326793,132226.515625,138843.734375,6617.21875
single,sample_0069,8886,17768,221,26.229623473969024,24.619478070169055,349.8942836240621,134748.30020713762,133320.578125,137197.75,3877.171875
single,sample_0070,9303,18602,238,25.829395218841615,31.57672307276572,349.27531824438887,134665.67471514567,133321.375,137438.25,4116.875
single,sample_0071,6680,13356,172,34.67853084412172,42.5952960116816,354.1906323087286,135517.62481053517,133307.984375,139064.453125,5756.46875
single,sample_0072,11804,23604,260,34.486241367284805,41.56317563286105,347.66131840913295,135180.44028904397,133028.390625,138692.203125,5663.8125
single,sample_0073,6925,13846,188,29.22321400480288,34.09319057039083,353.7629059660188,135030.743508574,133320.0625,137888.9375,4568.875
single,sample_0074,6296,12588,181,31.430376073673386,31.393074678734784,353.4350452247195,135086.0439763342,133321.359375,137975.9375,4654.578125
single,sample_0075,9320,18636,241,34.312087897793624,45.98258667770046,349.92974810857703,135548.87084395118,132833.0625,139862.484375,7029.421875
single,sample_0076,6763,13522,168,34.237337696629275,36.19462736770011,353.9282200504192,135375.3478693812,133258.5,139112.34375,5853.84375
single,sample_0077,9505,19006,254,34.83367132736495,48.195367679380126,349.5818816952363,135674.5054855997,132693.09375,139563.078125,6869.984375
single,sample_0078,9738,19472,253,30.144680783714165,41.379894137257125,348.5980989910339,135208.5279269999,132430.40625,138457.453125,6027.046875
single,sample_0079,11348,22692,262,28.855979819376614,31.615369876304083,348.1862089916565,134740.51499438228,133121.703125,137527.03125,4405.328125
single,sample_0080,10026,20048,258,30.839690215943442,46.817552607616676,348.28147562128765,134991.2817985737,132498.09375,138229.203125,5731.109375
single,sample_0081,9722,19440,253,24.358055582284663,28.92809706547357,348.3829673596593,134600.22672482513,133180.390625,137005.96875,3825.578125
single,sample_0082,8960,17916,223,38.03577109582831,50.718923367932526,388.3703369745415,135794.46140311105,132742.34375,140283.0625,7540.71875
single,sample_0083,9452,18900,251,32.77880519328641,54.72232403114746,490.3137379646294,135416.42210312633,131933.390625,139316.28125,7382.890625
single,sample_0084,9659,19314,253,30.455921599304826,50.00866808670808,448.53974921882246,135371.2104983047,131804.09375,138624.34375,6820.25
single,sample_0085,7419,14834,209,26.942299532069256,29.610614307235956,351.22454162649194,134878.9505682201,133320.59375,137875.34375,4554.75
single,sample_0086,9781,19558,249,33.10171938534532,45.98972545164631,452.7078145293006,135125.715149269,132099.484375,138808.9375,6709.453125
single,sample_0087,9608,19212,242,25.775835379202718,28.783973958233698,348.7168633306399,134716.44112490892,133320.25,137508.84375,4188.59375
single,sample_0088,6493,12982,148,32.22945930740208,31.181204918082592,356.16801853058155,135172.191420087,133322.0,138079.71875,4757.71875
single,sample_0089,5982,11960,170,28.115974728801007,37.70616805400001,353.8160354729832,134918.27229866682,132848.390625,137639.390625,4791.0
single,sample_0090,9614,19224,245,23.035788215114984,24.528035592154716,348.5742274048373,134471.19472741574,133321.125,136625.703125,3304.578125
single,sample_0091,6492,12980,188,33.603799721214955,48.37237914439741,356.1443788821981,135378.04071357055,132683.90625,138951.71875,6267.8125
single,sample_0092,6992,13980,183,34.445066214961585,37.97708852033663,353.223482424936,135357.31381176703,133289.34375,138817.546875,5528.203125
single,sample_0093,6068,12132,160,30.309657668146063,27.25531429825296,354.252320613448,135048.59200416118,133321.109375,137742.28125,4421.171875
single,sample_0094,5669,11334,160,25.23029999021654,22.63176513094823,354.3559890288122,134631.20834252072,133321.21875,136988.640625,3667.421875
single,sample_0095,10122,20240,258,28.214693654851523,47.5238132060317,402.5720001792746,135038.3890319354,131745.3125,138364.40625,6619.09375
single,sample_0096,10895,21786,268,22.472320135896354,35.11993793365107,348.3017711619574,134472.7689737265,132304.03125,137083.5,4779.46875
single,sample_0097,5652,11300,147,26.361582926490094,20.849022661343533,355.7492638253521,134788.95330469302,133322.140625,137177.296875,3855.15625
single,sample_0098,9122,18240,245,23.900228120200918,26.47209368188716,348.7922357304879,134512.78597929457,133318.875,137476.40625,4157.53125
single,sample_0099,9398,18792,227,29.120143529775035,34.44412827121861,350.09170503280893,134980.61131856512,133321.890625,138348.765625,5026.875
single,sample_0100,9642,19280,249,24.151098663407648,25.302022820967128,348.48456675361865,134443.81395360144,133321.09375,137072.34375,3751.25
single,sample_0101,11218,22432,271,28.581306441908644,42.17056287495708,347.7373794762953,134811.64722293412,132182.484375,137749.40625,5566.921875
single,sample_0102,9547,19090,237,38.90771280565383,52.268027576603075,407.01101714148035,136177.28153641196,132385.09375,141069.96875,8684.875
single,sample_0103,9981,19958,248,21.32896304482747,26.701830039387488,348.4454115772884,134351.74717901513,132944.890625,136579.90625,3635.015625
single,sample_0104,9782,19560,256,25.246460299959992,29.051662382693806,348.26432346131395,134655.82293530207,133313.9375,137135.171875,3821.234375
single,sample_0105,7204,14404,194,32.355906574962766,38.51168859940504,352.6715254061039,135381.73702326833,132885.625,138849.65625,5964.03125
single,sample_0106,6938,13872,178,35.19255733159073,40.39856079118852,353.8264888012422,135403.38740901556,133322.140625,139032.5,5710.359375
single,sample_0107,9814,19624,257,26.235280606016786,29.875191439976398,348.26608976028626,134662.17255642448,133223.890625,137403.640625,4179.75
single,sample_0108,9375,18746,237,30.47480453801219,44.08989411848143,349.54418071823227,135008.88240333332,132201.796875,138390.25,6188.453125
single,sample_0109,9171,18338,238,25.828013350156567,32.4990386667988,349.7259783692509,134818.85854187113,132824.578125,137533.40625,4708.828125
single,sample_0110,9369,18734,233,31.052376500104995,36.0361287385436,349.78410817403596,135213.52532287332,133321.203125,138539.390625,5218.1875
single,sample_0111,10572,21140,254,27.12757819747156,37.103673975936545,348.4432608851613,134705.09473727772,132189.546875,137576.046875,5386.5
single,sample_0112,9392,18780,231,33.50315954416985,39.842535966469114,348.78304872616445,135439.99714850404,133123.171875,139472.34375,6349.171875
single,sample_0113,9600,19196,244,27.6054135953257,35.491759290361536,348.69656118299,134828.937664388,132886.953125,137547.921875,4660.96875
single,sample_0114,9974,19944,262,30.100457553011722,51.7248008320299,440.67905843748144,135297.83763409866,131583.15625,138706.75,7123.59375
single,sample_0115,10096,20188,265,29.400131757068646,44.22060653612906,353.27668172519424,135110.90778680914,132429.84375,138219.625,5789.78125
single,sample_0116,9181,18358,235,32.64399896158147,44.70731821253557,348.86460289551866,135425.16253165505,132555.109375,139196.96875,6641.859375
single,sample_0117,9377,18750,233,33.44708622996523,42.997917738928216,349.4857875755642,135646.9091977045,132970.671875,139172.78125,6202.109375
single,sample_0118,9844,19684,258,20.11091534889208,18.739668600099467,348.4999893176208,134226.48435754012,133317.625,136129.375,2811.75
single,sample_0119,10776,21548,257,27.705213280848096,30.718193443699974,348.1666269702146,134729.47113811944,133062.015625,137560.21875,4498.203125
single,sample_0120,9917,19830,254,18.126116449266362,20.959533201444323,348.41781647063834,134058.52427964605,133321.296875,135878.765625,2557.46875
single,sample_0121,10039,20074,253,21.05586663877207,21.775851493121614,348.47533222447896,134284.82282846898,133318.109375,136329.109375,3011.0
single,sample_0122,8937,17870,233,32.747838060483716,48.538586981829134,349.88786934492964,135561.89462697215,132473.75,139536.6875,7062.9375
single,sample_0123,7036,14068,208,28.483350601335317,32.25371715853355,351.5584874144544,134906.24217195495,133320.765625,137736.875,4416.109375
single,sample_0124,8329,16654,204,34.39421544075219,51.03862291939512,393.69551993148457,135694.8343832543,132349.09375,139636.3125,7287.21875
single,sample_0125,10334,20664,245,34.83914043565171,48.78164471498564,348.5452208041835,135408.53050912038,132876.921875,138730.859375,5853.9375
single,sample_0126,9293,18582,229,28.755809732160618,29.788773458839348,349.76098252689064,135102.18555801408,133313.03125,137976.515625,4663.484375
single,sample_0127,8602,17200,224,26.268631231846072,24.314092196042797,350.52036669580247,134789.91479089166,133320.296875,137237.234375,3916.9375
single,sample_0128,5780,11556,168,24.879555568995762,24.404941816966375,355.63170496317565,134600.926816609,133319.96875,137215.0625,3895.09375
single,sample_0129,10669,21334,267,23.741224883154462,30.636629158600833,348.11833146092795,134407.2688323062,133242.609375,136842.046875,3599.4375
single,sample_0130,10299,20594,261,36.91475129131162,53.20459695518548,424.0639069499163,135703.89001814497,131852.71875,139728.3125,7875.59375
single,sample_0131,9108,18212,242,29.06723886762765,38.90380931570751,349.2031857234897,135189.69212333937,132719.546875,138410.125,5690.578125
single,sample_0132,8446,16888,217,41.617359497275075,51.132240988341444,350.7353728104212,136726.28590087022,132568.765625,141071.5,8502.734375
single,sample_0133,11090,22176,281,27.00112432986964,43.153298881219,348.1401297310608,134873.7318037083,132325.109375,137895.75,5570.640625
single,sample_0134,10621,21238,259,34.437620456770254,48.47638932818572,348.03317166762577,135232.34979198052,132701.609375,139039.0625,6337.453125
single,sample_0135,9487,18970,244,32.08722459492138,46.96267030931152,348.57304201613147,135443.9769338964,132540.390625,138815.96875,6275.578125
single,sample_0136,8318,16632,236,22.10055784396799,22.871614376513662,350.0910981803673,134346.9590609221,133320.625,136631.90625,3311.28125
single,sample_0137,9004,18004,218,33.18945958770458,49.160729637089126,392.4042337147291,135621.7887449328,132455.21875,139990.671875,7535.453125
single,sample_0138,5893,11782,176,31.651727370737337,30.270004104346828,354.4936069262552,135048.59767149584,133316.921875,138171.1875,4854.265625
single,sample_0139,9211,18418,232,36.73465340301548,46.96953593800406,350.1498658535029,135686.21216480294,132753.390625,140214.109375,7460.71875
single,sample_0140,10178,20352,250,32.28229534123382,43.840655377402044,367.25985223008934,135134.2926931863,132296.015625,138673.140625,6377.125
single,sample_0141,10947,21890,267,30.74753533893412,42.506786875361456,348.0089973440516,134983.06629099295,132425.125,138214.8125,5789.6875
single,sample_0142,6079,12154,154,34.593680159877565,34.61673490702021,355.03245292519864,135119.1966092285,133291.5625,138584.015625,5292.453125
single,sample_0143,7320,14636,174,45.33751120665879,60.149516150935376,407.34436621932855,136553.54932547815,132498.921875,141879.921875,9381.0
single,sample_0144,9582,19160,235,35.00625449067874,46.03563728826069,349.2751751542049,135876.33503737475,133140.140625,139429.15625,6289.015625
single,sample_0145,9609,19214,251,26.25556610603975,32.298411137915515,348.77821494078296,134727.00607340774,133010.171875,137414.6875,4404.515625
single,sample_0146,11100,22196,271,25.926432418301733,35.04621203900955,347.8940331761927,134751.27883445946,132513.453125,137393.671875,4880.21875
single,sample_0147,10567,21130,268,30.6414606445376,45.38074266598345,348.1700107226593,135042.1231014006,132230.203125,138479.203125,6249.0
single,sample_0148,9489,18974,251,29.08974401167968,34.212477570870355,348.6585493652237,134902.72614507587,133319.421875,138135.578125,4816.15625
single,sample_0149,9720,19436,257,19.419265772076407,19.392338259053517,348.0380327595938,134183.7112348894,133320.4375,136055.34375,2734.90625
single,sample_0150,10102,20200,255,28.75817719996383,40.66725621621949,348.25399030582753,135054.8134759825,132502.234375,138126.203125,5623.96875
single,sample_0151,6577,13150,184,29.04001466518868,30.94399737130815,352.91149686033447,134840.5901151741,133321.859375,138043.71875,4721.859375
single,sample_0152,9622,19240,243,36.154637336427236,42.072532463714765,348.6911653213706,135656.89659601694,132954.40625,139580.75,6626.34375
single,sample_0153,7208,14412,177,30.018729791005644,31.665447193095574,353.04755343128414,134924.0589362514,133321.421875,138056.671875,4735.25
single,sample_0154,10937,21870,267,24.010358968414522,29.967731728933437,348.1085656095007,134498.9089486948,132813.953125,137082.78125,4268.828125
single,sample_0155,5826,11648,160,37.275677869552396,49.294392104651536,354.9200464002159,135553.8973888603,132899.859375,139324.796875,6424.9375
single,sample_0156,9560,19116,237,32.10647164393232,35.866487895236716,349.29250783876023,135304.10944691423,133239.5,138755.78125,5516.28125
single,sample_0157,9495,18986,249,27.778140124134996,28.707245776433137,349.03827023525986,134829.5212134676,133324.4375,137683.296875,4358.859375
single,sample_0158,9728,19452,246,19.940554508415012,20.21740477762027,348.55662111379996,134204.27948158665,133319.1875,136099.578125,2780.390625
single,sample_0159,8935,17866,240,33.41572931985138,35.48114186831191,349.30712597127854,135471.42902035534,133269.375,138882.703125,5613.328125
single,sample_0160,9969,19934,245,35.910936189909215,53.19059324086789,430.1804119182085,135481.943017103,132544.234375,139378.0625,6833.828125
single,sample_0161,11589,23174,265,28.710142030624898,38.348224105568505,348.1737387768941,134731.7930998684,132624.53125,137890.125,5265.59375
single,sample_0162,6988,13972,171,34.553229821104196,36.464919179229916,353.7981425828148,135667.07556033556,133304.265625,139067.796875,5763.53125
single,sample_0163,9218,18432,246,28.765167030823672,48.778575778663985,416.1088223843872,135147.84412460675,131818.984375,138760.15625,6941.171875
single,sample_0164,9096,18188,234,30.21734236377219,47.98476433704047,411.95549556752934,135297.0289086549,132107.25,139217.828125,7110.578125
single,sample_0165,10520,21036,264,27.66794020638735,34.451594516382855,348.10105444636986,134698.4978359672,132978.65625,137465.65625,4487.0
single,sample_0166,9595,19186,244,30.043435807030253,40.669364626088,349.22644495451294,135325.26726647993,132895.78125,138528.640625,5632.859375
single,sample_0167,6285,12566,164,38.047551164586515,45.650745736919305,354.6286235071178,135559.46603023072,132962.484375,139479.515625,6517.03125
single,sample_0168,10252,20500,255,35.719858192175515,47.760494462588504,348.64664609020366,135589.849297698,132258.515625,139226.921875,6968.40625
single,sample_0169,8432,16860,198,30.399021915191465,42.54688999509251,352.5741271142939,135539.20593609166,132206.4375,138824.40625,6617.96875
single,sample_0170,9281,18558,227,31.163356582670037,34.66260646190767,349.8993067315625,135430.60156839242,133138.953125,138773.671875,5634.71875
single,sample_0171,9647,19290,239,34.65288520724826,47.22958746531609,349.2441757499263,135640.94740107027,132800.015625,139058.78125,6258.765625
single,sample_0172,9630,19256,241,31.975379744186966,45.11931528984495,348.7034536225001,135099.01284559967,132962.40625,138436.203125,5473.796875
single,sample_0173,9225,18446,232,25.902317577009246,29.7213172734224,349.1957017469845,134747.26329268294,133164.640625,137372.265625,4207.625
single,sample_0174,9927,19850,249,36.58300784120468,47.686206630501786,348.57319126405685,135844.29080569407,132273.984375,139514.375,7240.390625
single,sample_0175,9576,19148,245,28.454557053138597,34.92378021958135,348.6912859478386,134822.9228246397,132914.46875,137877.390625,4962.921875
single,sample_0176,7062,14120,203,34.72591622405808,53.83596458493357,428.79330149542943,135528.61597723732,131901.25,139515.140625,7613.890625
single,sample_0177,9577,19150,264,24.60288437517225,28.434834720220884,348.49144147561367,134645.42879424663,133313.9375,137120.09375,3806.15625
single,sample_0178,10477,20950,264,32.918014641720035,40.222872904435484,348.1521893806049,134989.24919168177,133346.0,138452.671875,5106.671875
single,sample_0179,7204,14404,188,26.66101802172963,23.71667387406379,352.4033836191919,134672.46904063714,133321.296875,137342.53125,4021.234375
single,sample_0180,8033,16062,219,28.54203066800899,32.48461614982889,351.1175723967469,135005.01541492905,133321.375,138013.8125,4692.4375
single,sample_0181,9318,18632,246,22.367877565609778,23.111722526461605,348.8960019603702,134396.81854508747,133321.359375,136561.84375,3240.484375
single,sample_0182,9295,18586,229,23.21905741596188,20.12212177573463,350.5480472055401,134501.63709319526,133319.65625,136799.765625,3480.109375
single,sample_0183,6576,13148,185,33.99240529710066,45.72872821827674,353.3754186816256,135391.3460571586,132777.671875,139144.59375,6366.921875
single,sample_0184,10836,21668,267,24.587310671503438,51.045428086897125,484.6289521284701,134703.78790100705,131060.1796875,137998.8125,6938.6328125
single,sample_0185,7504,15004,196,38.30180633339411,52.439149345990224,371.9463751821802,136000.91915353478,132230.4375,140227.28125,7996.84375
single,sample_0186,8021,16038,222,27.2633193851563,34.35164766906234,350.54905475853917,134784.76963011158,132662.265625,137805.203125,5142.9375
single,sample_0187,9421,18838,245,24.929395894303063,29.306339553721717,348.4625765630988,134639.69853087518,133240.484375,137234.21875,3993.734375
single,sample_0188,9074,18144,242,25.979421977071972,35.626439801967095,348.88730283874844,134613.43743800969,133211.4375,137701.65625,4490.21875
single,sample_0189,10284,20564,264,23.691496608565796,28.70053654299594,348.30456014308015,134463.36712824533,132887.96875,136775.0625,3887.09375
single,sample_0190,9918,19832,258,21.449749857352735,21.373509609763296,348.04390144148687,134322.7491949612,133317.703125,136326.984375,3009.28125
single,sample_0191,9875,19746,257,22.31961216872149,23.05731638556671,348.32081370940676,134435.0605443038,133321.5,136570.96875,3249.46875
single,sample_0192,9173,18342,242,29.40831435957428,30.303031961774224,349.1640587134041,134866.79441192903,133319.78125,138190.703125,4870.921875
single,sample_0193,9884,19764,254,31.617426727339947,40.17259252393345,348.55309443987665,135195.29210877427,132924.203125,138207.21875,5283.015625
single,sample_0194,10377,20750,264,19.36822913513704,19.56793035079024,348.0750887029028,134151.92564836898,133323.046875,136039.390625,2716.34375
single,sample_0195,10116,20228,250,35.96893254623085,58.03025833081926,460.63908329297203,135639.56632129796,132209.671875,139748.6875,7539.015625
single,sample_0196,9179,18354,246,28.702284822306943,38.49856403863979,348.9934258770894,134860.3312265089,132639.703125,138482.515625,5842.8125
single,sample_0197,7961,15918,217,30.21208105355542,32.50992049247164,350.7215761858163,134934.57415839718,133321.578125,138338.15625,5016.578125
single,sample_0198,7109,14214,185,41.55954230762717,59.72314228088509,402.2255487168318,136583.89345591856,132060.265625,141109.484375,9049.21875
single,sample_0199,9331,18658,244,30.59194781091293,42.561822612844935,349.06545228676134,135240.15623492928,132873.734375,138813.578125,5939.84375
single,sample_0200,10165,20326,251,31.348966159515143,45.37001889719947,348.36593082601115,135324.46185747665,132234.71875,138485.453125,6250.734375
single,sample_0201,8805,17606,233,21.785624932794786,22.327011290073308,349.66548399579335,134360.42305153323,133321.140625,136576.28125,3255.140625
single,sample_0202,9489,18974,253,23.178095057577785,21.446615463207404,348.7438934698919,134483.27694896722,133319.015625,136695.703125,3376.6875
single,sample_0203,9360,18716,249,22.306316799592047,27.12881085004132,349.2291423333695,134449.80409321582,133174.640625,137082.125,3907.484375
single,sample_0204,10551,21098,251,34.83716212437322,47.96469390488342,355.54468916529265,135499.65733846318,132473.015625,139151.1875,6678.171875
single,sample_0205,9466,18928,245,23.482488869331586,31.843381436634527,348.6809939279548,134511.9624841538,132690.5625,136967.71875,4277.15625
single,sample_0206,8945,17886,243,27.110816084206917,32.23459768993589,349.2157451967876,134697.73792272218,133288.8125,137975.515625,4686.703125
single,sample_0207,9046,18088,242,25.394359138520546,30.548355793802045,349.3497432077637,134800.62287544218,133043.78125,137469.140625,4425.359375
single,sample_0208,8469,16934,198,32.88361197275672,35.00141211241013,351.4902292257932,135211.37683758413,133320.84375,138853.0625,5532.21875
single,sample_0209,9403,18802,248,23.980220445687866,21.313227085255708,349.33479730426603,134577.35813536902,133320.65625,136807.671875,3487.015625
single,sample_0210,10847,21690,274,22.28948120503692,25.725585053113882,348.1687301077171,134362.61993955701,133317.234375,136578.171875,3260.9375
single,sample_0211,10391,20778,269,22.91998275805504,22.6394418872875,348.38640834637266,134420.69189382638,133318.25,136595.125,3276.875
single,sample_0212,7341,14678,179,40.74569302684071,54.29495109036338,392.93055398033454,136297.19000945034,132537.125,140813.1875,8276.0625
single,sample_0213,10426,20848,266,23.77306808701927,22.612879427123705,348.2596540326038,134440.11743028247,133320.453125,136755.109375,3434.65625
single,sample_0214,9449,18894,242,24.47898493803456,25.031771089812906,348.41251868501405,134518.46502110013,133321.6875,137004.125,3682.4375
single,sample_0215,9932,19860,258,19.01163609737327,18.01106527694295,347.63106348620295,134161.98050807996,133321.96875,136085.78125,2763.8125
single,sample_0216,10443,20882,261,24.115852013310246,38.23235102810561,348.15083697358955,134534.2160672819,132163.953125,137864.234375,5700.28125
single,sample_0217,10049,20094,265,27.638488980670942,35.08657844597631,348.3193435122408,134729.0922028933,132995.34375,137605.390625,4610.046875
single,sample_0218,8819,17634,230,30.302633466484725,36.38309698859977,350.02873115458704,134964.72711794137,133233.078125,138545.203125,5312.125
single,sample_0219,10885,21766,271,18.70219787039639,22.754574914327186,347.8806303667405,134118.10158474965,133234.640625,136114.734375,2880.09375
single,sample_0220,8798,17592,226,25.35483272586764,25.79586841353172,349.87659633153436,134616.8165705274,133321.296875,137216.765625,3895.46875
single,sample_0221,8981,17958,231,33.3866802904158,43.09687795291013,350.94778053538715,135542.32575889377,132961.046875,139111.078125,6150.03125
single,sample_0222,7017,14030,168,33.81180033627409,40.753249002717105,354.64330069834017,135688.92190617428,132926.390625,139180.984375,6254.59375
single,sample_0223,9291,18578,240,21.330506934343333,21.80385964838698,349.3156185948063,134320.35782107685,133320.5,136549.796875,3229.296875
single,sample_0224,8835,17666,236,37.59127695110208,51.88906138708555,379.68910442634893,136265.11482208545,132467.359375,140463.375,7996.015625
single,sample_0225,10984,21964,282,23.545095776478885,28.298760667078994,347.9383769755322,134329.1900363597,133320.40625,136841.5625,3521.15625
single,sample_0226,9598,19192,236,23.965815785414605,26.349473714614554,348.9790878833841,134510.29200256563,133320.3125,136862.25,3541.9375
single,sample_0227,6232,12460,172,31.972089644771113,39.038320701057636,354.2594023313698,135079.292946185,133319.78125,138392.453125,5072.671875
single,sample_0228,11777,23550,259,26.9719706605635,29.91835172797596,347.98545982598,134574.46924487347,133325.1875,137235.28125,3910.09375
single,sample_0229,9976,19948,263,27.23646221083777,30.916698140553503,348.30097523788896,134577.6156509999,133323.375,137239.859375,3916.484375
single,sample_0230,6310,12616,169,46.300532782074505,62.02292166252793,402.39326397467875,136938.95979348256,132266.390625,141503.96875,9237.578125
single,sample_0231,9159,18314,225,29.52955700999025,30.221642183062336,349.71880644488635,134907.66185582487,133321.609375,138104.640625,4783.03125
single,sample_0232,9317,18630,243,27.373663243108737,26.661194060463732,348.7063455475269,134771.0715509955,133318.171875,137466.359375,4148.1875
single,sample_0233,9900,19796,255,34.58327989826241,44.992014502733774,348.44662103323816,135371.4737326389,132685.921875,138803.265625,6117.34375
single,sample_0234,9293,18582,247,35.73611706774881,52.115114003171584,376.14538214492524,135838.1004586786,132237.0,139880.015625,7643.015625
single,sample_0235,10638,21272,274,21.50436782127532,24.333997385287294,348.2076325711883,134288.60948222174,133320.15625,136446.40625,3126.25
single,sample_0236,9730,19456,252,19.38964818907641,18.960996983594423,348.4628957202409,134172.58001991265,133319.84375,136133.46875,2813.625
single,sample_0237,9915,19826,263,23.859900540961824,26.883743298312343,348.33122417546844,134383.40517366363,133319.921875,136759.796875,3439.875
single,sample_0238,10274,20544,258,30.23645371119785,43.56210835704598,348.3902452835716,134897.87923094706,132665.296875,138029.59375,5364.296875
single,sample_0239,8371,16738,227,32.36250884677436,45.38569143955548,351.6196786880839,135620.67393008602,132582.390625,139057.140625,6474.75
single,sample_0240,6715,13426,159,41.30203082071833,55.950731921409954,405.4145505894384,136343.72821574833,132578.796875,140491.75,7912.953125
single,sample_0241,9482,18960,247,27.054530891420804,31.143066629564217,348.61785297218927,134677.35360419741,133319.515625,137414.265625,4094.75
single,sample_0242,9562,19120,238,28.080967941270007,42.56850268671148,361.06716403836253,135024.37279073417,132254.359375,137990.890625,5736.53125
single,sample_0243,9702,19400,257,18.830686467530537,20.062674439478986,348.3659175031455,134123.49522005772,133319.96875,135976.5625,2656.59375
single,sample_0244,9756,19508,253,23.13136867013859,32.41286695436451,348.4480268729608,134501.28311583897,132716.4375,136896.234375,4179.796875
single,sample_0245,6922,13840,177,32.742451922840374,30.060123192850636,353.4200915636805,135185.33708872076,133311.640625,138290.203125,4978.5625
single,sample_0246,9829,19654,267,29.556327006570374,41.494773165129644,370.43654363343217,135078.92386210448,132267.125,138204.3125,5937.1875
single,sample_0247,6620,13236,154,28.237540527587356,22.90438850321181,355.2075167794158,135040.6114071941,133321.59375,137602.125,4280.53125
single,sample_0248,10351,20698,271,18.5798699093282,18.860443001660325,348.2457621853991,134110.40924940826,133319.578125,136060.96875,2741.390625
single,sample_0249,8075,16146,192,33.21931318248693,42.04283081979163,352.8881142212008,135288.84289280185,132952.15625,139274.109375,6321.953125
single,sample_0250,7184,14364,165,35.40307282176819,41.858197593669594,353.93428785990665,135739.68233226615,133318.109375,139572.34375,6254.234375
single,sample_0251,10799,21594,268,23.228108173331808,29.984137877847456,348.2853847022891,134423.66053714463,132794.859375,136828.25,4033.390625
single,sample_0252,9871,19738,260,29.00194597444856,52.613814436628694,398.7519903361496,135193.63824428883,131980.5625,138733.0625,6752.5
single,sample_0253,10976,21948,267,25.093113134009037,26.61999382997828,348.08652741632864,134451.85270561907,133320.171875,136935.640625,3615.46875
single,sample_0254,9658,19312,262,20.198115936764143,20.785168496283422,348.40281460291584,134225.27177760666,133322.625,136277.640625,2955.015625
single,sample_0255,10386,20768,274,31.54253717317811,52.515944673986645,404.1181659133685,135433.16094532303,132138.578125,138854.390625,6715.8125
single,sample_0256,9379,18754,258,21.1652514138025,20.968415247738935,348.2307083002858,134300.36328833032,133321.125,136496.015625,3174.890625
single,sample_0257,10726,21448,270,25.79092487234324,30.029394074832325,348.14642204945983,134639.76220311626,133141.46875,137006.796875,3865.328125
single,sample_0258,8664,17324,237,27.22382323100577,28.179073235778336,349.29961064842564,134831.85982405645,133306.75,137554.125,4247.375
single,sample_0259,9516,19028,258,36.05642932741962,57.43402583213947,447.57446053653314,135784.65969485603,131791.578125,140008.640625,8217.0625
single,sample_0260,6776,13548,169,37.538409297020884,48.34227621679309,354.6686787121668,136195.02899710374,133071.921875,140104.15625,7032.234375
single,sample_0261,9323,18642,250,23.67199659514692,24.086388249827678,349.0118517726954,134548.9071701035,133320.671875,136988.140625,3667.46875
single,sample_0262,9933,19862,245,33.11839496317827,41.62031669319024,348.5106381561768,135299.07678948957,133257.203125,138572.140625,5314.9375
single,sample_0263,9883,19762,257,31.669149824681902,36.24833690743564,348.7135917073349,135058.74017251848,133292.390625,138298.984375,5006.59375
single,sample_0264,10738,21472,266,32.81639211637256,53.867149140856654,516.9760842803112,135338.37121961726,131344.859375,139184.78125,7839.921875
single,sample_0265,8860,17716,219,34.50725573634212,45.422843950389186,351.09751930422874,135606.24968785272,133045.625,140368.90625,7323.28125
single,sample_0266,9602,19200,257,28.06513326156421,38.99905857620167,348.6802011997248,134944.973395842,132486.421875,137949.078125,5462.65625
single,sample_0267,11096,22188,268,28.48150101348772,36.70162387054688,347.93014415278464,134732.75259806463,132785.46875,137600.09375,4814.625
single,sample_0268,6149,12294,163,43.212067738178874,64.82000905791182,487.15818406412444,136253.94900847698,132000.015625,141539.625,9539.609375
single,sample_0269,9269,18534,244,29.75855620349004,45.336840220577706,348.96277653828804,135138.1296239481,132019.71875,138508.140625,6488.421875
single,sample_0270,9673,19342,254,32.348432949123826,57.34359922153976,507.94343001688173,135504.71992433837,131802.6875,139288.65625,7485.96875
single,sample_0271,9384,18764,245,32.97362106595646,36.70412541665984,348.9017027418866,135520.8980345535,133064.703125,139454.40625,6389.703125
single,sample_0272,6921,13838,170,34.82114058865879,35.753719160268226,353.6683664395879,135706.9715562238,133321.640625,138875.34375,5553.703125
single,sample_0273,9774,19544,251,27.89187565919602,33.13197465040773,348.23146431361494,134839.2438948358,132907.09375,137634.296875,4727.203125
single,sample_0274,9962,19920,256,34.73047326467325,57.47980840345034,533.5597266713427,135472.86298559527,131243.25,139844.1875,8600.9375
single,sample_0275,9184,18364,226,25.193398616288693,22.780345771366115,349.3142025644758,134698.05905140733,133321.3125,137203.03125,3881.71875
single,sample_0276,10022,20040,252,24.788431493563127,26.41742272709832,348.0451921753168,134480.18111560817,133318.53125,137015.296875,3696.765625
single,sample_0277,10347,20690,261,23.253253649222994,24.393629377615127,347.75856272877996,134350.3175437325,133320.28125,136703.359375,3383.078125
single,sample_0278,7090,14176,193,39.40453373445275,54.61332519209113,408.11243042525854,136066.79852124472,132545.234375,140486.734375,7941.5
single,sample_0279,9842,19680,256,32.61979450217707,49.03094845175146,423.0511986977112,135417.0728827982,132284.9375,138915.515625,6630.578125
single,sample_0280,9512,19020,262,23.109630306120398,24.34927921434881,349.03374885970305,134488.8995922913,133320.953125,136656.234375,3335.28125
single,sample_0281,9377,18750,237,24.448574693076193,23.089654976253712,349.1774468381859,134593.5939732857,133319.96875,137110.703125,3790.734375
single,sample_0282,10068,20132,245,32.40936574893824,49.665758876588576,367.1524362015043,135386.53893368843,132156.6875,138718.46875,6561.78125
single,sample_0283,7027,14050,179,40.130137465367625,58.060123697692795,421.07736131779654,136288.93131181513,132201.171875,140738.859375,8537.6875
single,sample_0284,10937,21870,266,22.386189575168917,21.267563654634884,347.88638620074744,134367.56995034058,133320.765625,136415.078125,3094.3125
single,sample_0285,8955,17906,256,25.373019435560362,35.31866572579424,348.8371656361954,134795.58447096593,132613.046875,137689.84375,5076.796875
single,sample_0286,6539,13074,186,35.28926222365576,56.075272410711726,419.7032208380477,135688.99421260896,132021.625,139654.140625,7632.515625
single,sample_0287,9158,18312,236,20.512792196811482,19.844461435128004,349.79585083272826,134256.41589491427,133317.15625,136267.53125,2950.375
single,sample_0288,8930,17856,230,23.031064137766904,22.57458666566172,349.14368091888474,134483.20858412655,133321.03125,136930.859375,3609.828125
single,sample_0289,10274,20544,258,25.112981833368107,25.111327735478564,348.09779526945863,134491.86218701332,133316.265625,137030.546875,3714.28125
single,sample_0290,9669,19334,252,22.92178325682911,23.490459448803872,348.5527750327573,134413.0236031389,133319.96875,136646.8125,3326.84375
single,sample_0291,9339,18674,235,24.81930828305585,24.17651752852544,349.29929459057433,134629.87242678553,133322.703125,137106.375,3783.671875
single,sample_0292,9122,18240,227,30.898444353630776,41.829997885149325,350.14438635613953,135501.80222436143,132306.671875,138669.796875,6363.125
single,sample_0293,6754,13504,215,37.00612168995747,55.03379216363538,402.81507015778817,135718.96612192775,132150.640625,140011.578125,7860.9375
single,sample_0294,10219,20434,262,19.03107330566039,19.424045672616685,348.1193100120133,134127.43267443,133319.265625,135995.265625,2676.0
single,sample_0295,6555,13106,194,24.529445126069863,22.966473102838155,352.11524009982776,134575.29506578948,133320.546875,137082.71875,3762.171875
single,sample_0296,9079,18154,223,37.97916359384495,49.266824342731994,349.87208053727505,136300.42861273268,132950.25,140640.625,7690.375
single,sample_0297,11268,22532,272,27.08409277984974,38.27278434708818,347.6742954231576,134855.08800086527,132498.328125,137739.609375,5241.28125
single,sample_0298,9149,18294,243,31.94692694245913,46.14781113899014,349.2957717404858,135586.90949318232,132384.640625,139092.6875,6708.046875
single,sample_0299,11375,22746,276,25.377046904195293,31.4745491046265,347.6964775917669,134418.24675137363,132977.3125,137005.4375,4028.125
single,sample_0300,9264,18524,247,25.757965746793243,29.699788544811096,348.921408970709,134802.01840457687,133097.578125,137437.40625,4339.828125
single,sample_0301,9665,19326,249,31.48284826607032,47.33397487156756,349.05969057065397,135371.86432844025,132351.734375,138832.765625,6481.03125
single,sample_0302,11423,22842,269,38.9513711740011,54.46467030141648,368.39296255262417,136009.34364193951,132232.234375,139880.734375,7648.5
single,sample_0303,6928,13852,188,29.872735511555337,40.421585622218245,352.9851942466942,135149.31076564305,132806.6875,138276.625,5469.9375
single,sample_0304,6377,12750,155,40.15062542336396,50.462396512692685,355.6171352810502,136277.24778990904,132958.46875,139968.9375,7010.46875
single,sample_0305,9869,19734,253,30.18772675294953,52.499722713449884,471.8233296810408,135309.36648216637,131397.234375,138579.75,7182.515625
single,sample_0306,8959,17914,231,30.846263564092197,33.503585182921235,349.6201434055108,135047.1974882102,133318.5625,138407.140625,5088.578125
single,sample_0307,9229,18454,235,22.365164349807802,26.26529964022859,348.87230939748616,134405.628816096,133322.09375,136646.5625,3324.46875
single,sample_0308,10743,21482,273,28.405522341275194,51.99795615892629,425.21443039640934,135028.1209872126,131332.96875,138290.21875,6957.25
single,sample_0309,9357,18710,251,23.300076708283584,22.89530228262603,348.58450971001673,134486.4278481351,133320.8125,136684.71875,3363.90625
single,sample_0310,6029,12054,172,35.419066379964754,37.72758020845169,354.5014161979865,135238.58477514927,133299.125,138982.90625,5683.78125
single,sample_0311,10214,20424,261,26.697001750156257,41.85147887722486,348.4651352783354,134820.37062028833,131855.5,137590.484375,5734.984375
single,sample_0312,11556,23108,263,22.673407586816467,21.150735729780273,347.8274088372283,134364.20131317063,133323.71875,136552.609375,3228.890625
single,sample_0313,5865,11726,166,29.933735440669192,30.176578445677784,354.2862644794923,134860.69140558396,133327.15625,137710.8125,4383.65625
single,sample_0314,8292,16580,209,29.256811827389562,24.963745025173292,351.1131715939464,135015.4593113091,133321.375,137907.0625,4585.6875
single,sample_0315,8598,17192,218,27.289250470679438,22.849262260232063,350.38317254607574,134851.45743559548,133318.734375,137544.359375,4225.625
single,sample_0316,9435,18866,255,25.745008875866116,31.57599613831216,348.32883920092627,134727.8146528882,132953.640625,137456.859375,4503.21875
single,sample_0317,10356,20708,258,29.778428136533734,47.11858592718985,379.4203106851911,135135.76076972287,131712.359375,138422.328125,6709.96875
single,sample_0318,9472,18940,243,29.60884657086991,36.31717491827061,348.5670839728885,134896.14653551255,132876.78125,138229.671875,5352.890625
single,sample_0319,9292,18580,226,35.501964003760925,40.255396841049176,349.99466984349306,135599.4588120157,132993.25,139593.671875,6600.421875
single,sample_0320,9362,18720,250,28.77883863387932,38.9748020747068,348.8695141796594,134978.052843276,132678.71875,138145.859375,5467.140625
single,sample_0321,7073,14142,161,45.93941503064705,57.02181838905956,354.80061169471577,136333.24219523187,132939.625,142048.0,9108.375
single,sample_0322,6306,12608,157,43.302467788103485,59.52590300395038,442.775575192802,136349.92505153822,132899.625,140916.65625,8017.03125
single,sample_0323,9175,18346,229,39.99380526796261,52.842392928931446,392.3781020526081,136463.58196014987,132341.78125,141349.8125,9008.03125
single,sample_0324,9395,18786,241,32.59936964356918,37.201840049243096,349.21921427338583,135444.32167708888,133001.984375,139266.390625,6264.40625
single,sample_0325,9726,19448,263,31.959767693345047,48.58251511392975,368.76561593975714,135490.77921775397,132291.359375,139105.625,6814.265625
single,sample_0326,9906,19808,244,28.804397895321305,34.47612238092997,348.8616351931276,134997.50554272663,132962.9375,137964.15625,5001.21875
single,sample_0327,10375,20746,258,30.23013961594726,38.929680657767896,348.1255363099549,134737.70243222892,133214.3125,137793.375,4579.0625
single,sample_0328,9172,18340,236,32.276849840053664,50.14652865261076,401.77530450939696,135633.0929561437,132116.90625,139574.25,7457.34375
single,sample_0329,9438,18872,253,22.527518552480636,20.951086792735328,348.82333527385515,134425.28724968212,133321.375,136644.109375,3322.734375
single,sample_0330,9425,18846,246,23.9319775260664,25.742411095496653,349.9359952749393,134504.4752204907,133319.59375,136903.828125,3584.234375
single,sample_0331,9257,18510,250,22.27679131409432,23.685662134926933,348.867070834613,134366.07046863183,133320.640625,136509.515625,3188.875
single,sample_0332,9576,19148,250,23.445618877254155,22.52605991235396,348.5794006723686,134469.9902523235,133319.671875,136653.875,3334.203125
single,sample_0333,9969,19934,260,33.93917284535493,54.205651021670604,455.187234494388,135685.91736414135,131560.859375,139454.640625,7893.78125
single,sample_0334,9878,19752,257,25.78978535810734,31.94062705162939,348.3027019571244,134614.1683507542,133203.140625,137160.875,3957.734375
single,sample_0335,9794,19584,237,35.413582268277096,47.56223504872966,348.71272450505865,135742.2565186594,132371.25,139234.015625,6862.765625
single,sample_0336,9569,19134,250,30.61853044191255,54.14408398621787,402.87897161345137,135031.85723756402,131579.28125,139158.109375,7578.828125
single,sample_0337,8890,17776,231,25.023999976209538,21.10253425683651,350.1562264631285,134644.7069090973,133321.4375,137669.609375,4348.171875
single,sample_0338,9404,18804,239,34.059469813663966,40.87254731023584,349.2215577881588,135329.4172858624,133031.859375,139135.703125,6103.84375
single,sample_0339,9583,19162,249,33.50275490832184,46.6726068386506,365.6464592827757,135429.93726031776,132028.859375,139274.96875,7246.109375
single,sample_0340,10268,20532,266,25.44356726328474,29.403682415572415,348.58327718697655,134541.44387904168,133167.03125,137142.15625,3975.125
single,sample_0341,9435,18866,248,26.949659664261343,30.270075294234505,349.1994243294243,134745.66168190248,133321.953125,137563.0625,4241.109375
single,sample_0342,9477,18950,250,32.25854424868646,47.56062882707413,372.15761794846003,135559.19129867046,132289.234375,139259.78125,6970.546875
single,sample_0343,9242,18480,227,30.294921952125886,33.34997756232113,350.2750765433274,135213.1146701201,133322.09375,138476.734375,5154.640625
single,sample_0344,9621,19238,261,27.516582464391885,29.70113475801293,348.39968996072565,134862.35314838635,133319.328125,137558.6875,4239.359375
single,sample_0345,9502,19000,249,21.605380600171987,21.713076744491552,348.5073312307746,134322.65962264524,133320.640625,136367.125,3046.484375
single,sample_0346,6143,12282,154,37.59069942620382,45.3661802104913,355.00648922612123,135461.46838881655,132942.953125,139524.375,6581.421875
single,sample_0347,8326,16648,188,36.64116822982978,44.42044598039853,353.12246529541216,135593.0543346895,133152.515625,140309.78125,7157.265625
single,sample_0348,9070,18136,235,25.57694960991867,21.365570159161035,349.62361695672666,134673.8871175579,133321.5625,137141.875,3820.3125
single,sample_0349,10496,20988,265,27.34317803651289,32.538362109546696,348.0794530419021,134549.29456013005,133322.078125,137330.796875,4008.71875
single,sample_0350,11239,22474,267,29.721092005456917,40.25574194018525,361.24757071144865,135221.30062032875,131994.59375,138266.859375,6272.265625
single,sample_0351,9626,19248,253,24.62277337592735,28.807807329692153,348.92686797289036,134472.93608456265,133319.40625,137045.40625,3726.0
single,sample_0352,9398,18792,233,28.417479104726787,36.23456692773797,349.5168041196441,134981.3593350979,133030.109375,138035.765625,5005.65625
single,sample_0353,10516,21028,257,25.436121896560852,27.646495535590688,348.2018944068778,134410.24661527673,133320.375,136905.75,3585.375
single,sample_0354,10996,21988,267,31.010639347901968,46.19600104996136,350.5232884524843,135280.2474237791,132231.59375,138395.734375,6164.140625
single,sample_0355,9619,19234,241,30.86569059448686,39.70099332194911,348.3925181725473,134978.76678156512,133072.90625,138346.71875,5273.8125
single,sample_0356,8806,17608,239,31.122389942918897,49.281926432476816,350.7507940741579,135300.48361734897,131762.71875,139081.84375,7319.125
single,sample_0357,8943,17882,236,31.9633350778927,49.633069825779685,367.3591329718873,135396.5092967265,132208.265625,139554.421875,7346.15625
single,sample_0358,10632,21260,272,28.16639751552482,34.498236574234475,347.9019381030112,134774.60020751035,133257.71875,137648.265625,4390.546875
single,sample_0359,9610,19216,264,27.955427437651817,42.81244105429348,378.17637014642315,135055.2915989204,132119.6875,138143.5625,6023.875
single,sample_0360,9164,18324,244,21.342740717890994,22.552811591512352,349.17634158748587,134291.0227964044,133317.875,136527.6875,3209.8125
single,sample_0361,9875,19746,250,19.216303319255903,18.922903815443558,347.8815348443078,134161.01825,133320.140625,135999.375,2679.234375
single,sample_0362,8982,17960,242,28.36790105284209,29.71148930191645,349.92173174381065,135005.10947067747,133319.921875,138011.703125,4691.78125
single,sample_0363,6918,13832,177,31.931443274419205,38.71964153648226,353.85092787008944,135226.43816854584,132830.734375,138675.5625,5844.828125
single,sample_0364,11241,22478,269,29.21420070599819,39.26174130057225,347.88215142764807,134857.30477437505,132696.90625,137998.390625,5301.484375
single,sample_0365,9298,18592,227,31.50249662928988,32.00609919113419,350.5007115701105,135339.02936283342,133329.484375,138996.96875,5667.484375
single,sample_0366,9973,19942,255,22.31664173024067,24.33639296505018,347.90961926449586,134399.57438364835,133315.90625,136658.5,3342.59375
single,sample_0367,9502,19000,251,31.24318946181817,51.0444055703758,425.2635300730056,135397.73076227374,131866.21875,139075.59375,7209.375
single,sample_0368,9379,18754,244,32.85454535150022,45.82559367623657,349.05482681516895,135308.0836659692,132623.921875,139403.75,6779.828125
single,sample_0369,5918,11832,170,25.452395330418714,24.332310567397567,353.48325294079706,134619.18969932833,133321.890625,136941.15625,3619.265625
single,sample_0370,6132,12260,161,42.732090364625876,61.62018133604302,379.2580804839115,136230.89249021525,132280.984375,141496.140625,9215.15625
single,sample_0371,8844,17684,227,23.699798890409166,25.402976268812203,349.9235398958386,134523.70153140547,133319.8125,136963.796875,3643.984375
single,sample_0372,10094,20184,260,27.275161050675795,39.6673069929831,348.02570277840067,134810.18321992026,132144.5625,137746.609375,5602.046875
single,sample_0373,6729,13454,182,25.164690973929904,21.00907698840573,353.293940042186,134730.70428601946,133320.09375,137058.078125,3737.984375
single,sample_0374,10320,20636,264,26.448368415549904,32.31160478397648,348.1020968048036,134524.41527222627,133179.328125,137303.5625,4124.234375
single,sample_0375,10226,20448,254,37.02087206596235,52.31681336656179,348.367276585526,135404.39131716947,132318.515625,139406.234375,7087.71875
single,sample_0376,7147,14290,204,32.69161352711003,38.42762774199772,351.37812152564607,135080.6634339583,133319.375,138727.984375,5408.609375
single,sample_0377,6265,12526,163,40.88429357215547,58.93626638492413,420.39534737360555,136243.86822126896,132261.5625,140493.046875,8231.484375
single,sample_0378,10279,20554,259,22.95801396793526,26.853342586919744,347.93390310970454,134372.50076156485,133027.15625,136705.5,3678.34375
single,sample_0379,10866,21728,274,27.81632525791377,41.15653485736626,347.9817542613064,134990.20958580665,132296.0625,137912.234375,5616.171875
single,sample_0380,8426,16848,209,34.43455137815666,48.715238383804945,411.90148313123973,135817.6788177961,132170.890625,139650.15625,7479.265625
single,sample_0381,9909,19814,247,38.495914843569466,55.67030578810276,417.75525973853763,135937.2433346579,132350.0,140327.484375,7977.484375
single,sample_0382,9855,19706,249,28.677101065355963,33.13087936125303,348.4975977637294,134922.95618023846,133106.28125,137778.859375,4672.578125
single,sample_0383,10649,21294,260,32.087391913597976,43.360858593776314,348.5864570555837,135136.92939037704,132826.25,138402.03125,5575.78125
single,sample_0384,10913,21822,264,21.00865881588282,26.31868067830867,348.2750559820099,134279.56411790985,133011.390625,136422.703125,3411.3125
single,sample_0385,9465,18926,245,31.076305544709555,48.246996462229696,428.2725865184514,135263.12959753038,132194.453125,139277.921875,7083.46875
single,sample_0386,10337,20670,264,24.75498811756823,32.99936407518017,347.9959088778872,134595.74958432087,132892.15625,137070.921875,4178.765625
single,sample_0387,9249,18494,245,23.087681616275766,20.40043241174736,348.9071268517182,134466.93286774246,133321.421875,136730.296875,3408.875
single,sample_0388,6935,13866,200,32.62347937565281,39.96976741732297,351.7505658461537,135376.7136377974,132991.375,138745.9375,5754.5625
single,sample_0389,9238,18472,237,24.231270437787057,19.284732344413015,348.9206159429647,134635.07523780852,133317.84375,136996.125,3678.28125
single,sample_0390,10080,20156,256,36.485059548435814,57.19103243036441,457.4418371921193,135761.90748232888,131911.96875,139767.59375,7855.625
single,sample_0391,7537,15070,199,37.20790695445314,48.67142672400815,352.2581659647418,135784.35418808876,133000.203125,139876.28125,6876.078125
single,sample_0392,6063,12122,160,27.495241389002672,24.334388503623106,354.21513054918785,134803.68242825335,133320.375,137232.890625,3912.515625
single,sample_0393,9330,18656,264,37.21566209957123,54.197287063335,461.5430251547579,136017.44976889068,131971.375,140619.921875,8648.546875
single,sample_0394,9676,19348,258,28.119687844409658,33.47649407055337,348.7619315825651,134683.61451820226,133254.625,137793.390625,4538.765625
single,sample_0395,6971,13938,163,43.874524091368485,49.74451072088167,354.7263525931968,136344.5353473318,133108.046875,140912.25,7804.203125
single,sample_0396,9380,18756,247,27.673879220382798,29.219405968645898,348.9121794486444,134759.52694229744,133320.140625,137653.5625,4333.421875
single,sample_0397,9498,18992,241,31.637071827165894,39.02278368963332,348.49642538363605,135005.5067086492,133082.6875,138625.03125,5542.34375
single,sample_0398,9682,19360,242,26.295276590375288,30.130979155067237,348.7440774420603,134678.18441114956,133272.90625,137242.75,3969.84375
single,sample_0399,9898,19792,249,31.941740752709045,43.27554838988466,348.54137152690737,135187.05139295818,132550.578125,138336.59375,5786.015625
single,sample_0400,9839,19674,252,31.4224398323823,41.720356926268266,348.44971962747474,134921.59410413913,132718.0625,138537.46875,5819.40625
single,sample_0401,9646,19288,250,25.07792148605649,28.29182486732086,348.66526532995664,134617.02311191167,133248.3125,137027.234375,3778.921875
single,sample_0402,9467,18930,249,26.266031547990416,38.912390672890375,348.90276982684094,134940.11140012677,132232.484375,138075.328125,5842.84375
single,sample_0403,9226,18448,250,23.322245744172257,21.50310432157538,349.2333767384198,134496.1141255013,133321.046875,137093.6875,3772.640625
single,sample_0404,11420,22836,266,28.359500839215524,34.604768541993046,348.1914208966677,134636.22288474167,133172.453125,137664.484375,4492.03125
single,sample_0405,11098,22192,270,28.853869591138928,37.423677487946435,347.7738631772115,134845.3440484772,133134.421875,137752.96875,4618.546875
single,sample_0406,10113,20222,262,33.89377247176172,45.30427235085549,348.427176648087,135260.30963394887,132582.296875,138842.1875,6259.890625
single,sample_0407,9592,19180,243,27.776424477875356,32.265813891196395,348.39339058647795,134634.52602266212,133319.953125,137883.796875,4563.84375
single,sample_0408,9715,19426,239,39.76346128210882,52.874752200068,403.1504140652324,135898.60887963203,132207.78125,140350.6875,8142.90625
single,sample_0409,9053,18102,242,21.405027285355146,23.29841737458937,349.04608189322266,134291.35410395724,133318.78125,136387.609375,3068.828125
single,sample_0410,10411,20818,257,24.227689730266974,23.563505387427348,347.969344510443,134549.47637564834,133317.765625,136844.984375,3527.21875
single,sample_0411,9494,18984,244,28.58451858667542,32.94311606945684,349.3126985995342,134722.58321538602,133319.296875,137827.53125,4508.234375
single,sample_0412,8657,17310,219,28.916886652627397,25.37481679432366,350.57670692171365,134918.46887634284,133321.140625,137755.015625,4433.875
single,sample_0413,9265,18526,230,32.880867585408076,41.28705667607338,350.46576416858886,135317.44986508365,132877.234375,139379.15625,6501.921875
single,sample_0414,10065,20126,255,29.581302718111253,43.019350323729945,348.2602711408494,135133.76934923002,132330.140625,138094.578125,5764.4375
single,sample_0415,11763,23522,265,29.958702672999266,40.67890546456441,347.85393594682574,134919.96669243602,132708.28125,137921.578125,5213.296875
single,sample_0416,9537,19070,244,29.000949390271888,33.6692158268506,348.36488028713967,134874.5495930324,133321.890625,138019.34375,4697.453125
single,sample_0417,8800,17596,208,33.066624224649644,35.443392415069496,352.62239987967615,135801.40272549717,133184.171875,139142.515625,5958.34375
single,sample_0418,10670,21336,263,24.344737773127477,30.634853223615686,348.09944953998854,134507.31757116917,132595.328125,137128.84375,4533.515625
single,sample_0419,6551,13098,155,31.905588518096444,36.43927357988655,355.26222432311886,135287.81235927722,133320.359375,138238.796875,4918.4375
single,sample_0420,9954,19904,257,27.455232912707597,33.75469565736432,348.1667909555397,134864.76658880853,132992.15625,137622.640625,4630.484375
single,sample_0421,8013,16022,208,39.20425985979515,55.35786996478552,384.2685738299669,136164.99301915636,132664.75,140838.875,8174.125
single,sample_0422,6973,13942,190,30.052017972887104,32.50608551390769,351.9232299992868,134884.70600216908,133321.578125,138471.234375,5149.65625
single,sample_0423,9135,18266,226,29.1150122800856,32.17251826924578,349.991359195949,135118.48571428572,133262.859375,137968.984375,4706.125
single,sample_0424,6831,13658,173,31.926133695367977,32.79549566673601,353.38062500791494,135048.89864908138,133321.203125,138064.140625,4742.9375
single,sample_0425,9495,18986,247,29.66278311745727,39.064396368600804,354.7173123307875,135154.8884560953,132491.671875,138334.015625,5842.34375
single,sample_0426,8809,17614,226,37.38226637914311,53.478736972575305,493.25653598190587,135962.3030104155,132216.390625,140765.09375,8548.703125
single,sample_0427,9804,19604,252,37.04683852247603,50.72922009791235,379.54113222284445,135787.37310664015,132727.640625,139803.078125,7075.4375
single,sample_0428,10495,20986,251,31.999431112613472,42.358292339762514,348.3568021235146,135373.73845134588,132394.96875,138480.421875,6085.453125
single,sample_0429,6144,12284,171,38.60978131706381,51.346080311871496,354.84059735768267,136077.1893641154,132502.703125,139684.65625,7181.953125
single,sample_0430,9591,19178,233,32.263034873726866,36.11086414190886,349.51551604984365,135179.2096724794,133316.5625,138935.109375,5618.546875
single,sample_0431,9976,19948,256,31.598313189677132,33.49368036494836,348.7432558251437,134935.46283893846,133319.578125,138146.9375,4827.359375
single,sample_0432,10006,20008,255,30.112620756273884,43.7354051273895,348.5288158838051,135259.6930638492,132243.359375,138259.578125,6016.21875
single,sample_0433,9187,18370,257,30.92515151771559,41.982324982585126,348.68862937674277,135289.69517218624,132397.046875,138648.828125,6251.78125
single,sample_0434,9719,19434,262,18.841996948769403,22.82059533361914,348.27760449042495,134101.81083605567,133321.1875,135980.8125,2659.625
single,sample_0435,9302,18600,232,37.77653362701599,51.13600827855146,361.53035660970846,135830.0783971189,132831.40625,140754.375,7922.96875
single,sample_0436,10249,20494,258,32.49270906713973,47.6583669757133,348.3090369590664,135179.95214167237,132605.40625,138648.71875,6043.3125
single,sample_0437,8503,17002,211,30.958604978415575,48.5592408774377,441.9705462562337,135594.68041059037,131824.9375,139146.3125,7321.375
single,sample_0438,9319,18634,247,30.948396730561097,50.10856350922762,443.1899825987398,135466.73037275995,131838.96875,139209.21875,7370.25
single,sample_0439,9324,18644,239,35.412648677105224,48.72698064076849,382.93685110103837,135862.1794126716,132446.71875,140082.828125,7636.109375
single,sample_0440,7064,14124,190,24.631526296810073,20.346254633078967,353.48185679068024,134609.40178855817,133314.078125,136807.171875,3493.09375
single,sample_0441,9627,19250,253,30.468941383825378,34.71806061575466,348.65019453960446,135136.98163044042,133033.765625,138289.765625,5256.0
single,sample_0442,9482,18960,246,33.67419820283408,50.06140545055606,376.0570466977873,135819.61081193315,132375.984375,139451.234375,7075.25
single,sample_0443,10055,20106,257,25.635448676743728,31.049898611992734,348.71935194295577,134657.2319384013,133155.328125,137294.375,4139.046875
single,sample_0444,8696,17388,215,31.330873877415204,34.19334829252776,350.8446270016128,135415.3791290536,133307.609375,139538.3125,6230.703125
single,sample_0445,10574,21144,253,19.964516393594277,18.388043722778924,348.030735441914,134233.45974648904,133321.59375,136201.921875,2880.328125
single,sample_0446,9466,18928,234,31.992207728147307,35.89826131674613,350.1716458889942,135361.3732272079,133173.5,138568.125,5394.625
single,sample_0447,9506,19008,246,30.82110875632078,45.69128367273417,349.5293955226601,135282.40475916528,132332.90625,138530.5625,6197.65625
single,sample_0448,9200,18396,236,22.07940595115652,22.479050695049608,348.80805081209894,134331.3831810462,133313.046875,136415.09375,3102.046875
single,sample_0449,10880,21756,269,21.30960092319054,26.70394715905357,348.16610371644447,134269.69790326286,133167.546875,136539.734375,3372.1875
single,sample_0450,9266,18528,228,29.715913339224166,35.1056422147463,350.4001322752163,135006.55834502482,132967.421875,138291.90625,5324.484375
single,sample_0451,9195,18386,235,35.60330139253755,54.9672805589949,435.31943286660186,136012.1401831838,132438.109375,140233.765625,7795.65625
single,sample_0452,9727,19450,250,19.410152184364218,19.01714279833901,348.2400408350657,134161.5015806518,133320.171875,136075.15625,2754.984375
single,sample_0453,8665,17326,232,31.60658872037099,40.04031139261726,349.59635576562454,135331.22162976052,132778.109375,139002.359375,6224.25
single,sample_0454,8768,17532,223,38.42596260151823,56.49165113509374,430.7831643297149,135949.88371778055,132417.828125,141000.65625,8582.828125
single,sample_0455,9119,18234,247,38.61990248100008,51.79907096849553,349.62889518234607,135872.25674073363,133133.015625,140744.328125,7611.3125
single,sample_0456,10088,20172,257,35.84817493023454,53.023909190160296,376.2597331818076,135666.84454147253,132545.28125,139237.59375,6692.3125
single,sample_0457,8945,17886,229,27.889467213796,31.294089184865385,349.5348894890461,134891.5788079933,133321.125,137852.796875,4531.671875
single,sample_0458,6734,13464,167,36.785432984849244,37.87351247606993,354.5092210783314,135547.06987396048,133352.546875,139234.375,5881.828125
single,sample_0459,9573,19142,249,33.39824453951597,40.225756786233354,348.3680693079709,135207.27331100492,132704.296875,138858.828125,6154.53125
single,sample_0460,6774,13544,160,26.61519479509637,21.79889014684139,354.3115747649188,134747.40467458297,133317.40625,137056.796875,3739.390625
single,sample_0461,10181,20358,266,18.84008348528453,20.787452687919934,348.2364824987961,134115.54785568707,133320.484375,135981.28125,2660.796875
single,sample_0462,5899,11794,168,29.309854378182408,25.47318875468235,353.5448334129052,134906.15332842432,133322.296875,137623.40625,4301.109375
single,sample_0463,6507,13010,154,32.17347572742302,27.422320080360155,355.59928348969737,135102.13927068925,133320.40625,137982.296875,4661.890625
single,sample_0464,10496,20988,256,30.094526341202364,48.29095566672604,421.852318853919,135388.6440876286,131885.1875,138736.1875,6851.0
single,sample_0465,7313,14622,188,38.34221521574801,47.23940063059497,362.3218070914282,136044.33365026323,132481.796875,140101.6875,7619.890625
single,sample_0466,9275,18546,237,28.04184048452357,27.253460363402347,349.3381989998077,134778.67565869272,133319.21875,137763.8125,4444.59375
single,sample_0467,9475,18946,252,25.007223015404072,25.7815287372015,348.43124963647887,134616.16506431397,133317.78125,137353.15625,4035.375
single,sample_0468,5938,11872,183,25.117495869894352,24.433697077304128,353.1815390070601,134621.0096833951,133310.796875,136956.84375,3646.046875
single,sample_0469,9819,19634,258,35.915543735601325,45.21273577674269,348.4993406934144,135628.77950274976,132933.96875,139221.765625,6287.796875
single,sample_0470,7472,14940,178,28.78823426777367,23.934595106587174,353.1598925893342,134992.70615924452,133319.453125,137715.5625,4396.109375
single,sample_0471,10993,21982,273,33.74222679706061,53.70415664009764,394.48528523559645,135655.30137502274,132209.5625,139141.96875,6932.40625
single,sample_0472,9104,18204,231,31.23058935946901,42.80063122656437,349.56533918652633,135376.79674113027,132889.578125,138922.78125,6033.203125
single,sample_0473,10313,20622,263,23.42213726449965,26.545803043058825,347.8694869862581,134433.1867833681,133221.15625,136775.75,3554.59375
single,sample_0474,9105,18206,236,22.922322089375307,21.318331639835943,349.3628329226287,134489.44166495057,133321.109375,136796.296875,3475.1875
single,sample_0475,6236,12468,189,30.851074683517403,29.12614610450862,352.03980087637706,135034.14191288486,133321.65625,137839.328125,4517.671875
single,sample_0476,9265,18526,236,23.487202919086776,20.68132664661427,348.9324833854879,134515.91178157044,133321.640625,137137.0625,3815.421875
single,sample_0477,9309,18614,239,33.84526093457011,49.43971606266033,364.3092817218361,135649.35097251317,132530.6875,139735.5625,7204.875
single,sample_0478,11248,22492,270,22.053173920556986,23.161301526329815,347.73616595575515,134267.66793124334,133319.765625,136483.234375,3163.46875
single,sample_0479,9324,18644,233,32.79806051700054,53.32147855974101,384.5981186634675,135511.44986560222,131713.953125,139424.515625,7710.5625
single,sample_0480,11407,22810,277,25.483795898897665,33.560183177595086,347.7289084353524,134630.99418120453,133034.609375,137168.640625,4134.03125
single,sample_0481,10297,20590,267,25.211385286947408,27.443811852397914,348.2822350275951,134429.671639798,133322.90625,137002.71875,3679.8125
single,sample_0482,9350,18696,254,23.375415089618567,25.545356041342433,348.5728761672643,134522.39156584223,133138.46875,136850.359375,3711.890625
single,sample_0483,9735,19466,252,26.17231685037623,31.389636606139568,348.0982020384049,134694.32922444787,133117.859375,137274.875,4157.015625
single,sample_0484,10330,20656,265,20.939325407504874,22.377710573051964,348.1888331190875,134253.12526167717,133210.890625,136334.953125,3124.0625
single,sample_0485,9315,18626,251,21.68919982260556,21.788928533886267,348.6101545781203,134329.9640683709,133319.46875,136428.625,3109.15625
single,sample_0486,9456,18908,238,24.318335652258313,23.91391333154052,348.6011619521751,134577.83607795316,133314.140625,136828.703125,3514.5625
single,sample_0487,6511,13018,163,42.13657366067711,53.00870668424609,357.000395789302,136596.35167648978,132394.796875,140547.03125,8152.234375
single,sample_0488,10614,21224,269,19.94511108485813,23.140304252318444,347.79508179932236,134174.6108927478,133319.0625,136186.703125,2867.640625
single,sample_0489,6773,13542,179,30.143293759745994,28.67330440373075,353.39461666067126,135073.10362376348,133311.90625,137778.65625,4466.75
single,sample_0490,9801,19598,255,38.72638533033756,56.015134361010524,418.74890021255504,136452.12331968677,132223.375,140188.984375,7965.609375
single,sample_0491,9190,18376,223,29.06862044414819,26.53394012123452,350.3320491630035,135033.54630202666,133321.296875,138530.34375,5209.046875
single,sample_0492,5940,11876,158,27.523834326908542,27.319470012332847,354.2460657261027,134809.05878577442,133321.078125,137414.6875,4093.609375
single,sample_0493,11718,23432,263,24.20751640537123,24.693551368114246,347.7900453777736,134418.22972803592,133323.5,136792.3125,3468.8125
single,sample_0494,10124,20244,261,23.60946612686643,30.364789897274203,348.5406370855826,134477.18344095713,132919.21875,136959.296875,4040.078125
single,sample_0495,9351,18698,236,33.155193873845825,43.355976008801754,350.0867547987719,135691.92713680354,132710.609375,139492.375,6781.765625
single,sample_0496,9474,18944,246,33.62722484695342,48.847551639752545,369.5231595548946,135536.34033440205,132645.46875,139868.046875,7222.578125
single,sample_0497,9481,18958,235,36.33345631952794,53.580835695116065,419.14560145652894,135657.83063989822,132605.765625,140151.75,7545.984375
single,sample_0498,9787,19570,255,29.709815088619518,37.282883501250936,348.693779598711,135080.98540474608,132626.4375,138181.671875,5555.234375
single,sample_0499,10407,20810,256,28.827661184631307,45.08201749968006,347.9336521625549,135062.5965500985,132131.640625,137993.984375,5862.34375
single,sample_0500,10343,20682,252,18.78845789767291,17.562666262811007,348.0512030607495,134127.21866238036,133319.625,135953.921875,2634.296875
single,sample_0501,6570,13136,153,27.27307030255835,23.891343998870074,355.0271574479349,134916.70444254184,133318.03125,137406.140625,4088.109375
single,sample_0502,9530,19056,246,29.10298759431575,33.31417976356436,348.7195586634074,135003.81922383263,133166.9375,138215.296875,5048.359375
single,sample_0503,9561,19118,248,22.851516855593502,20.911759131066177,348.4670400529361,134460.97949514957,133321.84375,136724.859375,3403.015625
single,sample_0504,7924,15844,222,30.383006591889277,40.090470416189326,350.3900789119853,135222.5292249022,132983.625,138474.53125,5490.90625
single,sample_0505,9178,18352,237,30.46499194775828,32.403448624130704,349.9341998385865,135225.80195678526,133321.328125,138210.734375,4889.40625
single,sample_0506,6324,12644,163,41.43873612576828,52.39443835220786,379.36182165256275,136094.28766405757,132536.96875,140447.3125,7910.34375
single,sample_0507,9642,19280,242,27.07945661012792,31.620228070129627,349.0502791584739,134613.78622335874,133313.65625,137428.484375,4114.828125
single,sample_0508,9186,18368,236,27.644200572179468,31.267430465686186,349.13836917219106,135053.0633453761,133229.640625,137980.28125,4750.640625
single,sample_0509,7261,14518,169,41.74495388794622,55.21247777709215,385.1761783791002,136323.09901356563,132794.53125,141056.09375,8261.5625
single,sample_0510,5822,11640,168,28.291125748048668,24.218362065321838,354.7041487353519,134873.96419829957,133318.34375,137671.515625,4353.171875
single,sample_0511,9495,18986,252,22.281617067824897,21.256281098156972,348.7540380130591,134412.7299088336,133321.125,136473.71875,3152.59375
single,sample_0512,7378,14752,195,32.50003018459399,38.74884361591366,353.24422545689816,135333.88652709068,133312.28125,139014.734375,5702.453125
single,sample_0513,9311,18618,246,32.48903269693203,42.63709140871887,349.15285221888354,135451.72387834283,132694.15625,139069.9375,6375.78125
single,sample_0514,10037,20070,264,25.829177489806792,28.43901031925852,348.06039203046464,134608.31369090616,133319.65625,137028.640625,3708.984375
single,sample_0515,10411,20818,264,36.06107384614567,57.17859295607278,507.9875972216147,135865.16607434445,131711.328125,139965.078125,8253.75
single,sample_0516,11556,23108,269,32.354097760528745,43.47646958180629,348.28414738609257,135331.36815831604,132248.9375,138490.40625,6241.46875
single,sample_0517,9422,18840,238,33.03111215884362,43.4964685527109,349.3470485359624,135416.20324937647,132719.546875,138940.390625,6220.84375
single,sample_0518,9865,19726,258,21.215410527151416,22.626548423068833,348.3973354971854,134293.4174448809,133319.5625,136338.890625,3019.328125
single,sample_0519,9177,18350,242,30.67059315789925,52.15897337900027,386.8492405647708,135475.62653576877,131769.734375,139103.40625,7333.671875
single,sample_0520,8529,17054,222,31.405090535100943,41.843726757742736,350.6504883284769,135542.8635024622,132777.25,139056.75,6279.5
single,sample_0521,10714,21424,262,30.934956059038193,47.08825765954299,403.9517886357795,134996.43215069067,131945.609375,138371.265625,6425.65625
single,sample_0522,8499,16994,203,26.120024044995386,32.67902029923205,351.88851641447934,134663.60562455878,133276.015625,137586.09375,4310.078125
single,sample_0523,9529,19054,242,24.481211537067832,26.898864347749157,348.2874680411911,134620.2522021592,133318.109375,137014.125,3696.015625
single,sample_0524,10361,20718,266,19.441628549227147,18.284998898806297,347.9504322525448,134173.57284679325,133322.078125,136057.3125,2735.234375
single,sample_0525,9990,19976,268,19.34730888215121,20.36710157620425,348.55126198906316,134177.2711007883,133317.1875,136075.015625,2757.828125
single,sample_0526,10606,21208,266,28.901467811198312,45.20617729344514,363.0375612185033,135069.18642749387,132163.078125,138082.015625,5918.9375
single,sample_0527,10488,20972,272,19.265049283241147,17.930259014753382,347.9442624570088,134163.8441641638,133323.09375,136058.0625,2734.96875
single,sample_0528,9642,19280,241,31.649340730626005,39.90963921424718,348.6169651254963,135108.1602526706,133072.8125,138639.890625,5567.078125
single,sample_0529,11030,22056,262,25.664532026793765,27.90238118525463,347.8666676675107,134551.52839981866,133321.0,137095.859375,3774.859375
single,sample_0530,6163,12322,157,32.3462934219834,34.191237110474034,355.24188702839905,135263.59993104008,133321.953125,138412.4375,5090.484375
single,sample_0531,10332,20660,267,22.951168166340608,32.05206340948617,348.13139793155915,134455.02009835947,132747.03125,136885.34375,4138.3125
single,sample_0532,6863,13722,183,31.868617601667665,36.24204624512777,353.47680870309165,135021.23540406892,133320.421875,138344.640625,5024.21875
single,sample_0533,8777,17550,226,22.969037895559644,22.629162191544353,349.75318763941294,134440.6099322092,133314.5,136982.515625,3668.015625
single,sample_0534,10045,20086,264,23.712086329182004,28.214221654266275,347.9661176831285,134469.7212154679,133015.46875,136922.40625,3906.9375
single,sample_0535,9848,19692,255,22.36126082023767,22.423557398568406,348.3589803468095,134409.88044368147,133322.46875,136519.03125,3196.5625
single,sample_0536,10653,21302,256,29.819908874244042,51.83071065773466,432.5976221422796,135093.86318261287,131764.359375,138552.046875,6787.6875
single,sample_0537,9706,19408,257,34.89144156701401,51.28510630515309,349.02078612866444,135545.41767817587,132848.71875,139582.265625,6733.546875
single,sample_0538,9427,18850,268,20.78973951796682,22.39625983749345,348.8317099872502,134315.36693970775,133320.078125,136412.515625,3092.4375
single,sample_0539,6774,13544,159,36.07542690780746,34.84565076743958,355.3820658155399,135604.42782375627,133320.171875,139004.0,5683.828125
single,sample_0540,8866,17728,232,25.88867388423179,32.296324947790126,349.4657191374652,134792.59127037277,132810.25,137649.359375,4839.109375
single,sample_0541,9940,19876,265,32.522846797766874,51.68598314954368,382.50987235658806,135247.15613524898,131932.03125,138909.609375,6977.578125
single,sample_0542,9694,19384,253,32.76736778313745,36.959472732637785,348.7051680635036,135162.44346374046,133240.03125,138520.5,5280.46875
single,sample_0543,6269,12534,193,27.079853559903235,27.90082120052442,352.60028208908415,134720.88581213114,133320.953125,137349.84375,4028.890625
single,sample_0544,8656,17308,207,31.05008523156479,39.098968970214706,351.10783479660614,134997.92662603973,132947.890625,138799.71875,5851.828125
single,sample_0545,9070,18136,242,29.041648484564618,33.58615374135541,349.5998047722274,135008.0545634647,133320.5,138283.65625,4963.15625
single,sample_0546,9696,19388,251,33.78700353826515,46.63214194295894,348.7548362821053,135686.17869159963,132608.3125,139104.921875,6496.609375
single,sample_0547,7223,14442,188,35.438086744450615,48.5263079149974,369.65572821313316,135403.59145914094,132550.8125,139510.5,6959.6875
single,sample_0548,9286,18568,236,21.416876016337564,20.501425548153723,349.1947264925124,134326.2070926664,133310.078125,136438.0,3127.921875
single,sample_0549,5669,11334,186,24.965063109489225,23.55751587990243,352.8357047581187,134599.20514530782,133319.53125,137335.671875,4016.140625
single,sample_0550,10760,21516,257,27.709998429369342,39.06001153632019,347.99811650100827,134773.26124244888,132669.5,137560.234375,4890.734375
single,sample_0551,6862,13720,162,43.11252403114181,49.487518308074684,355.4486400265051,136061.83843085106,133304.453125,140891.765625,7587.3125
single,sample_0552,5769,11534,168,30.368570935812023,33.50103173857875,354.46585060741756,134946.01564125065,133316.34375,137888.6875,4572.34375
single,sample_0553,8833,17662,218,32.069779753489954,34.065185581655975,350.59502913527535,135384.72332446507,133167.4375,138713.703125,5546.265625
single,sample_0554,9324,18644,254,21.974991248354737,22.196894241420313,349.0933273206731,134362.89409051908,133321.25,136522.625,3201.375
single,sample_0555,9424,18844,252,29.898656867154056,40.21278131565778,367.4220470949327,135072.26672922858,131988.515625,138292.0,6303.484375
single,sample_0556,9727,19450,262,25.1492308086866,28.301953299096244,348.31476087450903,134562.42986821476,133203.765625,137244.65625,4040.890625
single,sample_0557,9531,19058,245,36.29324205671616,53.673017356302154,420.9824749702651,135978.1374724583,132283.671875,139904.5625,7620.890625
single,sample_0558,9380,18756,249,25.58462199330933,30.975216677999672,349.4203797701925,134797.41783548775,133221.3125,137315.734375,4094.421875
single,sample_0559,8166,16328,224,31.04806710991127,30.14290214853591,351.32384286350805,135040.12159410972,133320.296875,139148.90625,5828.609375
single,sample_0560,9391,18778,255,19.771182848765594,19.415704724226657,348.55551755218215,134205.5484423251,133319.78125,136253.375,2933.59375
single,sample_0561,8465,16926,230,32.746446545303655,43.117234475880416,350.12445559915466,135345.5361377732,133027.453125,139273.484375,6246.03125
single,sample_0562,9928,19852,248,30.29219285398234,37.414914312042086,348.9533267993542,135003.6555779739,133195.46875,138334.453125,5138.984375
single,sample_0563,6491,12978,168,35.63729264712288,50.35232391474707,408.2804942263878,135925.54649707288,132538.953125,139706.484375,7167.53125
single,sample_0564,8189,16374,193,39.2004817512112,40.35880551367241,352.68073444567295,136219.6822318812,133324.78125,140980.421875,7655.640625
single,sample_0565,6689,13374,163,38.84494892011641,49.42172755275867,368.7628629679216,136164.7955295074,132926.671875,140081.28125,7154.609375
single,sample_0566,8718,17432,212,33.05888884313321,53.00220082235022,369.72623591051024,135578.95240988472,131970.515625,139781.359375,7810.84375
single,sample_0567,10501,20998,258,27.755451702849133,35.571605381893725,347.703168958588,134992.48113423723,132776.546875,137824.03125,5047.484375
single,sample_0568,8692,17380,216,25.271621091660204,23.951206066696436,350.6682890367336,134690.10478205534,133312.25,137119.15625,3806.90625
single,sample_0569,9356,18708,234,33.75239120815373,48.650679095876725,348.96982668854383,135394.92038531424,132519.59375,139731.6875,7212.09375
single,sample_0570,9617,19230,253,29.280692967780826,41.59220436903622,348.6990214190613,135022.14867227306,132498.453125,138098.859375,5600.40625
single,sample_0571,9374,18744,256,22.213010691470803,25.96770336040896,348.68715638961567,134385.92860071742,133321.15625,136612.171875,3291.015625
single,sample_0572,9287,18570,231,29.81664578083763,50.08106464999912,433.0547405122675,135345.400103976,131635.703125,139143.875,7508.171875
single,sample_0573,10849,21694,260,29.992128425584195,36.96080185819306,347.8659870557582,134916.27007961564,133083.546875,138027.625,4944.078125
single,sample_0574,9517,19030,249,35.450099913832744,51.81613925594309,412.8640933130233,135516.18786776296,132211.828125,139717.203125,7505.375
single,sample_0575,5951,11898,178,36.49704190121358,49.53862573014528,353.38851237271757,135748.20914027054,132902.671875,139510.828125,6608.15625
single,sample_0576,10396,20788,266,34.02957282341372,55.42389068785444,412.50273599578134,135615.49010286407,131966.671875,139368.734375,7402.0625
single,sample_0577,5697,11390,169,27.88210949582459,28.127113673832177,354.46445465293533,134784.01298380728,133321.34375,137416.484375,4095.140625
single,sample_0578,6381,12758,174,32.56823241937101,38.21873063516115,353.36168911211576,135228.0423792313,133322.796875,138521.375,5198.578125
single,sample_0579,11212,22420,267,30.40715603530734,47.34934213806361,420.9247939057419,135088.8086717914,132053.453125,138487.515625,6434.0625
single,sample_0580,9379,18754,233,31.124891639310743,32.02551027504185,349.13992982653525,135402.87516826155,133198.28125,138977.828125,5779.546875
single,sample_0581,10453,20902,261,20.580521893257966,20.295396654879816,347.8199561649946,134276.51882533723,133321.0625,136242.75,2921.6875
single,sample_0582,9379,18754,243,28.995227712481213,32.760285417464004,350.3372374728331,134974.35024056403,133321.609375,138559.1875,5237.578125
single,sample_0583,9487,18970,252,21.022146992973905,18.556244025546814,348.7905884585959,134299.25589622642,133322.9375,136256.734375,2933.796875
single,sample_0584,8408,16812,223,21.647121031576592,20.858393399778194,350.46830233311977,134341.8194390759,133321.140625,136445.5625,3124.421875
single,sample_0585,10374,20744,272,19.78928331510718,18.993450040788627,348.24045407000295,134202.05919847696,133318.875,136052.078125,2733.203125
single,sample_0586,6845,13686,180,26.24654300818681,22.63931393667895,352.97243340387456,134715.9482514609,133321.40625,137102.15625,3780.75
single,sample_0587,9785,19566,255,20.35941410011552,21.189689169515113,348.36230893676264,134233.80522004343,133320.421875,136249.453125,2929.03125
single,sample_0588,10633,21262,260,19.113695625838744,18.998084102519183,347.8340146204124,134132.80032093482,133323.5,135966.578125,2643.078125
single,sample_0589,8518,17032,223,29.46959237408882,38.87668353087248,350.7817778611477,135215.380605776,132736.015625,138353.28125,5617.265625
single,sample_0590,9866,19728,251,34.792910696398444,40.049672458646135,348.6671744844403,135465.4997466045,133029.625,138907.78125,5878.15625
single,sample_0591,6512,13020,178,37.01616245466916,46.42625379303415,353.0936391556406,135638.6474297451,132901.921875,139496.84375,6594.921875
single,sample_0592,9408,18812,235,31.654978210396095,44.474277898942084,369.26778947214683,135519.90378534226,132611.9375,138935.265625,6323.328125
single,sample_0593,6561,13118,172,27.046821495076273,29.357251323822386,353.93597068069045,134763.98528235024,133321.09375,137277.375,3956.28125
single,sample_0594,10797,21590,267,25.179064039808864,28.73036425736624,348.4810224911932,134373.62026922987,133319.109375,137001.5,3682.390625
single,sample_0595,8289,16574,211,23.557083392004944,22.665166552301354,350.8333304024246,134522.04226610568,133320.578125,136845.734375,3525.15625
single,sample_0596,8768,17532,234,27.168665584723897,32.0636703762898,349.9323979038661,134787.16261369467,133080.515625,137717.609375,4637.09375
single,sample_0597,10809,21614,265,29.109236242611424,47.97398367114479,438.2117470542919,134955.49778974697,131881.65625,138343.0625,6461.40625
single,sample_0598,9820,19636,239,34.434151012166744,49.68996918164723,359.613673672482,135650.67527685844,132583.5625,139048.53125,6464.96875
single,sample_0599,10526,21048,269,23.77747911814175,32.65160417408037,347.8518221185129,134561.55091855882,132616.109375,137205.703125,4589.59375
single,sample_0600,6857,13710,179,43.16892638194291,53.546760384432865,362.5095170345896,136316.64840218026,132528.359375,140641.890625,8113.53125
single,sample_0601,9523,19042,234,28.849206822152976,35.44620109447179,349.0097014063588,134968.91257022473,133024.8125,137862.3125,4837.5
single,sample_0602,9456,18908,252,29.38582576136004,37.56724087040601,348.59628133057726,135016.01144280087,132763.90625,138189.296875,5425.390625
single,sample_0603,9187,18370,248,27.461601000511802,29.790986804467124,349.35404674021066,134688.20880728203,133320.921875,138055.546875,4734.625
single,sample_0604,6462,12920,158,37.397447638932526,39.82547678832484,354.8935198120286,136023.93227715878,133271.5,139451.625,6180.125
single,sample_0605,9337,18670,234,32.172104802062584,33.87628474481821,350.02078839967135,135342.93331804915,133319.296875,139137.671875,5818.375
single,sample_0606,9065,18126,212,31.575030355261976,47.40828088338866,407.81834315544006,135365.87142167677,132294.46875,138986.109375,6691.640625
single,sample_0607,6129,12254,163,41.533294145021785,54.294537138202976,354.3057714051664,136183.81028461005,132653.5,140341.71875,7688.21875
single,sample_0608,8159,16314,224,34.44221237513468,46.737037832421294,350.77047135081415,135505.06415269946,132391.453125,139459.765625,7068.3125
single,sample_0609,6381,12758,166,34.89460493182418,41.33159068534994,354.1002507770171,135460.45617849866,133327.3125,139094.578125,5767.265625
single,sample_0610,6280,12556,163,29.547945130700874,25.945837458719964,354.36466477862024,134919.9849298368,133322.296875,137689.546875,4367.25
single,sample_0611,6019,12034,160,30.00367135211272,31.81451725760436,354.12650930257377,134958.56472991777,133315.15625,137777.75,4462.59375
single,sample_0612,9115,18226,231,35.258259021301285,54.648129999984405,378.3797043622975,135754.43394301974,132703.90625,140279.4375,7575.53125
single,sample_0613,10360,20716,264,22.274705130222117,29.34802394203621,348.192285444697,134226.3188797056,133071.3125,136696.03125,3624.71875
single,sample_0614,9889,19774,258,39.55931985161674,56.74360074300944,443.65439650854915,136242.8373318839,131864.28125,140430.484375,8566.203125
single,sample_0615,8948,17892,226,23.683912084495816,22.87893953334653,351.0476985912994,134505.58979485638,133322.265625,136850.25,3527.984375
single,sample_0616,9551,19098,239,33.97214535991687,49.91411299596115,431.56138197007624,135623.07870085593,132044.734375,139438.78125,7394.046875
single,sample_0617,9750,19496,254,21.157627040449295,19.509484844633562,348.52211137530645,134322.37184134615,133320.765625,136330.09375,3009.328125
single,sample_0618,6065,12126,160,35.154434839663125,50.53656333396782,369.4072811328292,135716.6749458986,132549.546875,139289.359375,6739.8125
single,sample_0619,6423,12842,162,33.238627981365184,39.86641983840785,354.96466965929034,135349.1695055854,133322.078125,139426.953125,6104.875
single,sample_0620,9339,18674,246,29.743277427495425,39.106191494302195,349.10702827367334,135125.47424443194,132366.84375,138311.8125,5944.96875
single,sample_0621,10289,20574,267,17.445487793875085,18.464837825209287,348.24419875587796,134029.4760363009,133319.203125,135886.875,2567.671875
single,sample_0622,11757,23510,265,35.49662532248292,54.791009819723186,430.9462710439935,135852.01791751722,131880.09375,139596.515625,7716.421875
single,sample_0623,9516,19028,253,39.48112985932432,54.17199079881323,406.1508053787535,135873.56678226145,132075.0625,140394.203125,8319.140625
single,sample_0624,10929,21854,277,34.973329299263135,52.66849306671078,360.8235288604711,135658.23988642602,132270.921875,138872.703125,6601.78125
single,sample_0625,9827,19650,255,27.28133649967222,33.2112047895975,348.322683530388,134739.42842741936,133252.65625,137590.84375,4338.1875
single,sample_0626,8724,17444,226,21.188587548998925,21.95747763602377,349.81017590273683,134307.1121887179,133321.09375,136297.4375,2976.34375
single,sample_0627,9105,18206,232,26.20172720617794,28.472234927789096,349.80869785208375,134752.3924560681,133321.5,137596.515625,4275.015625
single,sample_0628,11531,23058,275,39.14932747771363,56.08901163551212,403.4348310089931,135975.58328500346,132385.046875,140116.46875,7731.421875
single,sample_0629,9784,19564,235,40.82532749003313,50.405398687580714,349.9224482133946,135919.74044358137,132679.828125,140647.953125,7968.125
single,sample_0630,9428,18852,248,30.199907085979255,44.935842963110034,366.075436329995,135161.08783676283,132450.578125,138642.15625,6191.578125
single,sample_0631,10408,20812,263,20.239923654750203,20.16638571309464,348.00443438371894,134227.77857177172,133319.578125,136189.671875,2870.09375
single,sample_0632,9892,19780,258,29.238707041902824,40.82360242388639,353.5051613208526,134928.4946358168,132269.4375,138189.84375,5920.40625
single,sample_0633,6224,12444,178,28.685637713348044,31.875298263225666,353.08413259248823,134920.18485650307,133189.375,137790.578125,4601.203125
single,sample_0634,10519,21034,254,20.090336896018815,21.96207331251365,347.7915764907534,134217.47360579667,133320.390625,136179.640625,2859.25
single,sample_0635,11187,22370,271,28.57701940203559,41.42109004628023,376.89883022997736,135114.3731312014,132280.875,138201.21875,5920.34375
single,sample_0636,9263,18522,231,25.802084725115133,27.078527405731823,349.5773559736844,134824.4279188708,133318.53125,137499.625,4181.09375
single,sample_0637,9233,18462,233,27.187026966238967,40.92253614059084,349.22828307467245,134815.92575036554,132483.03125,138262.5,5779.46875
single,sample_0638,10076,20148,263,31.50105043188435,36.75152392900943,348.3408919491671,134995.5683012232,133068.390625,138101.625,5033.234375
single,sample_0639,9747,19490,257,29.999433136282466,38.37438693716403,348.6725134753581,134992.11228134297,132773.703125,138184.328125,5410.625
single,sample_0640,8906,17808,240,22.757182603089117,19.91564065392241,349.30779510899487,134435.27704110992,133319.84375,136614.1875,3294.34375
single,sample_0641,9528,19052,246,35.64002702602098,54.56790536803235,387.3442877323627,135970.84192806727,131907.03125,139609.234375,7702.203125
single,sample_0642,8657,17310,229,27.726325396663203,33.65864853934326,349.63701941160224,135017.22067041122,133091.921875,137763.90625,4671.984375
single,sample_0643,9132,18260,232,30.62549957538996,42.69737950341624,350.3548277907946,135306.92505064607,132494.375,138487.59375,5993.21875
single,sample_0644,8362,16720,230,31.651034801021552,42.11230692162541,350.0812827639761,135445.98216634776,132756.46875,139301.96875,6545.5
single,sample_0645,9796,19588,251,26.930654880046742,35.67885830846741,348.0865508195225,134741.3028898913,132767.4375,137629.125,4861.6875
single,sample_0646,10000,19996,250,29.170907273887483,31.297532569912363,348.4178411443415,134934.2275015625,133320.03125,137584.109375,4264.078125
single,sample_0647,9362,18720,248,21.966299928176333,24.322597830304133,348.6177694035037,134390.07831359486,133320.1875,136713.953125,3393.765625
single,sample_0648,9240,18476,239,23.091806133950133,23.654361469449118,349.2079945497746,134381.25001691017,133314.75,136690.90625,3376.15625
single,sample_0649,10807,21610,271,23.14364103185115,31.2541685228688,348.3031433145175,134319.7153696678,132785.015625,136810.046875,4025.03125
single,sample_0650,9716,19428,250,36.765390062221556,53.75908613755473,348.32546463822763,135792.7726301976,132553.0625,139441.9375,6888.875
single,sample_0651,9663,19322,254,32.41792511771785,51.53916771510938,425.50931894053366,135520.9382082428,132005.890625,139186.140625,7180.25
single,sample_0652,10314,20624,254,25.014576322208747,28.883913036136587,348.0240886047814,134474.13049011052,133319.203125,137081.84375,3762.640625
single,sample_0653,10132,20260,261,30.100967749123924,42.030013389428106,348.2747810341386,135150.6382470144,132607.421875,138187.921875,5580.5
single,sample_0654,10170,20336,259,31.18967523599903,39.48404868496044,348.4749947666401,135110.25389165437,132598.390625,138267.734375,5669.34375
single,sample_0655,8303,16602,215,25.253917768824714,29.10881060981332,350.8841947744217,134731.54428745635,133307.265625,137453.09375,4145.828125
single,sample_0656,9176,18348,238,29.00664641811519,30.169490326255428,349.7579385725332,135009.01665349826,133321.203125,137996.203125,4675.0
single,sample_0657,9135,18266,242,29.01491283193078,47.954610582138486,375.9495859461656,135251.8697642994,131998.859375,138517.046875,6518.1875
single,sample_0658,6218,12432,158,43.377575225604325,59.09197089709331,379.43965192333764,136375.88699139594,132464.28125,140629.5,8165.21875
single,sample_0659,6982,13960,163,39.2919998009995,52.798747181689045,393.4173125578007,135822.67816349183,132367.84375,140031.03125,7663.1875
single,sample_0660,9383,18762,234,42.272591574223874,57.01213725524137,387.8678785722523,136703.13045701,132096.5,141423.453125,9326.953125
single,sample_0661,9192,18380,243,30.436388439299986,41.6797371872845,349.529069638702,135248.65569924936,132499.390625,139034.921875,6535.53125
single,sample_0662,6105,12206,161,33.21336992970918,42.018484892339764,354.7555584505834,135375.30689496314,133034.75,138790.375,5755.625
single,sample_0663,9122,18240,247,19.588190541047727,19.790731225771545,350.15854295620176,134186.06056100636,133319.53125,136058.109375,2738.578125
single,sample_0664,10846,21688,267,19.182401494659505,21.136425597883424,347.8183428988995,134122.04544878297,133318.046875,136034.609375,2716.5625
single,sample_0665,6097,12190,161,29.34095856163064,34.99283667546008,354.64366912348737,134961.5567825365,133246.078125,137744.359375,4498.28125
single,sample_0666,9701,19398,243,33.25700250333177,47.78122630739508,389.4226709949375,135579.7840267756,132278.15625,138887.78125,6609.625
single,sample_0667,9147,18290,237,25.831366597870442,31.2727557591765,348.91015655571823,134648.1631050481,133319.4375,137856.828125,4537.390625
single,sample_0668,10993,21982,279,29.05330607656967,33.17200899217009,348.23539679543484,134869.244988288,133212.21875,137648.046875,4435.828125
single,sample_0669,6787,13570,167,32.74069476299522,42.68097906225666,354.1395555837836,135360.849217714,133000.46875,138702.796875,5702.328125
single,sample_0670,10713,21422,265,20.847251582943844,20.815530303752787,347.71273510287887,134246.60582644917,133323.453125,136229.1875,2905.734375
single,sample_0671,9862,19720,245,38.64970591030473,56.269922773950725,398.57147535079343,135900.43265818292,131923.4375,139812.609375,7889.171875
single,sample_0672,8155,16306,207,27.53459224109043,25.17351750314545,351.7370471362235,134846.54611434703,133321.046875,137603.640625,4282.59375
single,sample_0673,10586,21168,245,34.22662885197478,50.0532035083904,429.9552564007374,135343.09783410872,131916.1875,139152.46875,7236.28125
single,sample_0674,9578,19152,247,33.295861827528206,53.541521755509244,479.6093728238372,135457.88540796618,132258.453125,139332.015625,7073.5625
single,sample_0675,9200,18396,245,24.906076671362282,28.052650914257818,348.7928628475839,134652.34950577444,133129.125,137185.5,4056.375
single,sample_0676,8971,17938,226,27.224638847285892,24.722271579223225,349.5853881849996,134804.27402881507,133319.921875,137964.8125,4644.890625
single,sample_0677,10572,21140,262,29.982353978765246,35.248433814930195,348.11624017647534,135038.55394408578,133150.0625,137868.109375,4718.046875
single,sample_0678,7903,15802,197,37.94942163138176,43.35912005919233,352.24638070966,135691.7751664716,133317.25,140069.71875,6752.46875
single,sample_0679,6982,13960,201,25.655758504615346,23.530344042820825,351.2939822610819,134610.463054551,133321.203125,137336.796875,4015.59375
single,sample_0680,9383,18762,236,29.520689612583336,45.82215015036429,378.2123944480614,135228.10693374986,132112.234375,138579.53125,6467.296875
single,sample_0681,10480,20956,263,17.719127658224657,20.63035779226801,347.8708193191867,134072.29739533635,133287.578125,135955.921875,2668.34375
single,sample_0682,10706,21408,253,27.40351168433309,33.74442766178483,348.189689328449,134706.7202240566,132876.765625,137593.59375,4716.828125
single,sample_0683,9378,18752,246,23.216380914850806,32.82590363974382,349.7888556174712,134568.7763265755,132463.96875,137247.578125,4783.609375
single,sample_0684,10420,20836,265,31.7254005736368,49.87671643248264,356.33634073746595,135193.32649352206,132108.671875,138494.90625,6386.234375
single,sample_0685,10777,21550,259,23.011706825768265,33.82833295914338,347.7710486943206,134470.73921458895,132440.34375,137026.203125,4585.859375
single,sample_0686,7191,14378,183,40.27871087617292,44.5204540233858,353.44421545960563,135743.76857573702,133071.1875,140105.8125,7034.625
single,sample_0687,9707,19410,257,31.951873174811407,39.749103605958545,348.6152991343901,135168.04259007674,133038.53125,138508.109375,5469.578125
single,sample_0688,8593,17182,217,31.638929986938237,33.07280481845434,351.7482716614831,135009.55977794426,133320.3125,138648.375,5328.0625
single,sample_0689,9274,18544,251,27.497612437225893,32.46006485079354,348.82014674821914,134737.4337260082,133166.234375,137670.34375,4504.109375
single,sample_0690,9382,18760,252,22.703185912860672,25.291572645705084,349.1215705384466,134428.35031842891,133319.546875,137067.734375,3748.1875
single,sample_0691,8295,16586,220,26.644167876004207,27.32685765202521,350.8013299061648,134737.4923994123,133313.59375,137333.90625,4020.3125
single,sample_0692,9304,18604,240,30.13207814110958,51.94182659736345,393.35356875168713,135320.28787853342,131836.625,138826.640625,6990.015625
single,sample_0693,9118,18232,240,25.23101599444252,30.18665644983325,349.7556670552678,134647.61545329294,133233.78125,137436.984375,4203.203125
single,sample_0694,11205,22406,265,34.556959804044006,49.44004366404814,347.814194232113,135390.18654757921,132798.984375,138883.234375,6084.25
single,sample_0695,9189,18374,224,30.500522728709598,50.28113652666641,456.037520724749,135567.39054338066,131749.6875,139179.359375,7429.671875
single,sample_0696,6613,13222,170,25.293029308080577,21.213175134584088,354.6278388626417,134727.69856485332,133316.578125,137195.0,3878.421875
single,sample_0697,10210,20416,264,36.98591379619377,54.10924386963807,413.43926765476516,135744.45418401077,131988.203125,139573.890625,7585.6875
single,sample_0698,9017,18030,244,25.6581868517034,30.685290938851633,349.017350505866,134749.14052796108,133304.296875,137420.9375,4116.640625
single,sample_0699,6794,13584,189,28.251076907922492,28.890929083784357,353.04405524575714,134869.45518794155,133315.984375,137579.703125,4263.71875
single,sample_0700,9658,19312,249,34.19318587573018,52.60456102498765,378.4594729382038,135577.87767589046,132412.8125,139086.09375,6673.28125
single,sample_0701,9273,18542,240,35.36476624087438,47.4347145800532,349.9582611173712,135608.14211959453,133041.203125,139526.3125,6485.109375
single,sample_0702,9401,18798,249,20.44331936623902,20.085365094901086,348.674001319569,134235.42673319328,133319.5,136285.9375,2966.4375
single,sample_0703,9946,19888,257,21.76208049171534,26.087514637016987,348.10367863733404,134367.95087063895,133171.375,136516.6875,3345.3125
single,sample_0704,9078,18152,249,24.725111550515717,25.988337430445267,349.568383816905,134559.31880645518,133319.96875,137337.75,4017.78125
single,sample_0705,11028,22052,265,28.035600303825312,35.7450341253507,347.7930462731418,134788.77814993652,132688.890625,137590.9375,4902.046875
single,sample_0706,5755,11506,185,32.768065123251475,41.70564927597183,352.6434188997225,135324.8474451564,133024.046875,138497.625,5473.578125
single,sample_0707,9724,19444,258,26.777937229191117,34.574520928539684,348.414785893399,134745.26208832528,132465.671875,137637.96875,5172.296875
single,sample_0708,9830,19656,262,24.986294099168887,25.00882623647303,348.5623127683096,134486.2651672177,133323.671875,136933.09375,3609.421875
single,sample_0709,10115,20226,257,17.282337852557774,17.96353492022999,348.38945009777075,134026.98987889272,133320.46875,135778.421875,2457.953125
single,sample_0710,10416,20828,257,35.46768409169664,47.21226100090994,349.81073840182637,135709.82352720574,132426.875,139072.8125,6645.9375
single,sample_0711,9837,19670,265,25.19383448161425,29.473575386851756,348.2316388663324,134537.02005978703,133153.1875,137164.953125,4011.765625
single,sample_0712,6953,13902,170,37.91997162351899,55.76597226050636,496.0348066792602,136137.64682286422,132404.546875,140050.328125,7645.78125
single,sample_0713,9532,19060,246,33.010814351234146,38.92114413345229,349.16682085050047,135374.7577584059,133300.265625,138735.1875,5434.921875
single,sample_0714,9753,19502,265,27.10774229103247,47.774169255296,372.99596481576094,135046.50445055368,131825.09375,138157.0625,6331.96875
single,sample_0715,7204,14404,177,32.38321258806551,35.095105153748825,353.13323411748075,135283.079799417,133315.984375,138420.15625,5104.171875
single,sample_0716,7089,14174,209,24.691730659707364,24.412291186912125,351.92473881587057,134599.96171445196,133321.078125,136971.6875,3650.609375
single,sample_0717,8609,17214,196,33.06779574505199,41.21182967093833,351.964075852001,135670.62555719307,132888.265625,138917.109375,6028.84375
single,sample_0718,9980,19956,255,32.699850490706226,43.509713641196754,349.05472571170196,135237.69539078156,132514.109375,138585.671875,6071.5625
single,sample_0719,9522,19040,248,31.214533365964993,41.71731553568455,348.9298581203845,135316.29671747008,132463.8125,138495.5,6031.6875
single,sample_0720,10142,20280,270,19.710607003948528,20.884457472776095,348.28390355204516,134193.8211043803,133317.859375,136130.09375,2812.234375
single,sample_0721,9274,18544,210,34.264409171460876,37.23318401342793,350.4393956974059,135578.18379508573,133316.96875,140138.265625,6821.296875
single,sample_0722,6793,13582,189,41.19302821557791,50.29684398690684,352.4188661427271,136176.38435475857,132683.296875,140591.609375,7908.3125
single,sample_0723,8622,17240,228,25.29645785325052,31.16058513526763,350.2354759889229,134562.77148392194,133316.375,137650.265625,4333.890625
single,sample_0724,11780,23556,280,38.26174911421345,57.39374118941332,452.06425656477177,135607.7127347729,131906.484375,139802.859375,7896.375
single,sample_0725,6478,12952,159,31.230894953700123,34.7574815544238,354.5660920220588,135185.0651363268,133320.453125,138365.0,5044.546875
single,sample_0726,9572,19140,255,38.82029129056279,59.39035213625973,529.2834217457837,136341.87529219338,131867.28125,140727.421875,8860.140625
single,sample_0727,8987,17970,229,32.47591480150666,37.22535784492059,349.8656976611245,135489.71667060754,133106.546875,139067.015625,5960.46875
single,sample_0728,9018,18032,209,37.51754637238731,44.442994117762794,350.539720938524,135870.33414594422,133257.84375,140753.6875,7495.84375
single,sample_0729,10142,20280,268,23.69728490266001,28.77571861048209,348.1321633523115,134492.99401005718,133120.0625,136843.828125,3723.765625
single,sample_0730,10672,21340,266,34.820391911035905,55.264238538519116,423.9063351540335,135336.8523867949,132468.90625,139156.28125,6687.375
single,sample_0731,8228,16452,199,34.35755141042704,36.707759890140004,352.8106892787719,135463.3738340119,133321.59375,139138.640625,5817.046875
single,sample_0732,9705,19406,251,20.34450482313609,19.64114266588299,348.5858854991692,134236.27926165637,133321.421875,136213.453125,2892.03125
single,sample_0733,9057,18110,233,31.692885884419955,38.09505788089871,349.1389269384703,135232.7054729767,133060.734375,138982.375,5921.640625
single,sample_0734,10321,20638,265,29.373306154218394,41.188758433100226,348.15700434217734,134945.62161642525,132769.78125,138175.109375,5405.328125
single,sample_0735,9382,18760,237,34.564786107478525,42.070603218546765,349.4443460893387,135427.7468923204,133136.953125,139519.859375,6382.90625
single,sample_0736,9536,19068,241,31.5820723175615,35.07308747230921,349.47419056769735,135091.31217721006,133321.25,138594.34375,5273.09375
single,sample_0737,9786,19568,251,28.098516845317285,37.80803373544904,349.4127153718708,135017.84595659617,132583.046875,137863.09375,5280.046875
single,sample_0738,10541,21078,269,19.145418046582627,19.017490132101177,347.7860202697477,134142.26985995163,133321.5625,135993.390625,2671.828125
single,sample_0739,8487,16970,226,28.703598947966853,37.62807313359744,350.0875211006805,135027.5651566366,132680.90625,138275.21875,5594.3125
single,sample_0740,10167,20330,259,30.047351895455616,35.52332966323064,348.13849908114906,134946.00777484756,133023.3125,137856.140625,4832.828125
single,sample_0741,9629,19254,258,29.01958402654005,32.44595633426473,348.7837174754383,134939.64404890177,133260.625,137883.640625,4623.015625
single,sample_0742,7035,14066,207,34.43089109291113,41.1318329799107,351.748792072526,135523.3463730455,132970.90625,138947.109375,5976.203125
single,sample_0743,10860,21716,281,23.9780197194656,32.694935732780294,348.41933079122776,134490.27008517494,132753.265625,137093.03125,4339.765625
single,sample_0744,8035,16066,220,30.420993016503324,38.70939664079867,350.48556850053325,135131.85139623523,133012.546875,138724.734375,5712.1875
single,sample_0745,10886,21768,273,30.521697171187654,52.118065510772,442.7852107876612,135106.10300070044,131830.421875,138724.546875,6894.125
single,sample_0746,9427,18850,254,21.537225320675812,22.206159995337813,348.5436644337995,134265.06100661663,133319.265625,136522.96875,3203.703125
single,sample_0747,10322,20640,264,19.680456310939693,25.75715004250396,348.0842287159496,134217.80329484353,132869.71875,136363.296875,3493.578125
single,sample_0748,10545,21086,268,27.078459802897385,36.0492593756705,348.2925306078345,134754.90260342578,133010.390625,137523.359375,4512.96875
single,sample_0749,9681,19358,251,32.95494716032697,49.61428659800425,348.75584409509156,135317.28665362566,132783.390625,139119.640625,6336.25
single,sample_0750,9585,19166,249,36.47141746473085,52.394674772164336,348.7954965514065,135634.61616784037,132553.328125,140202.34375,7649.015625
single,sample_0751,9385,18766,245,26.231206166178506,30.190508379046847,348.95622041821264,134567.14950552743,133320.65625,137595.0625,4274.40625
single,sample_0752,9308,18612,229,24.616972363802667,24.218171453066205,350.19134613579143,134564.8290499436,133321.5,137060.5,3739.0
single,sample_0753,9558,19112,232,28.514300947308186,28.97785060959811,350.16545045807067,134787.21892655367,133319.390625,137945.125,4625.734375
single,sample_0754,8862,17720,205,38.65154274287076,51.395194870825854,352.38371967832154,136575.10207381233,133149.140625,140845.953125,7696.8125
single,sample_0755,9779,19554,249,24.012205342146473,34.00194282728539,348.27969214846047,134551.21059636722,132642.234375,137165.734375,4523.5
single,sample_0756,9470,18936,246,28.442096380133197,34.161966080787906,349.4458377946261,135097.1129124868,133070.296875,138085.15625,5014.859375
single,sample_0757,7291,14578,167,41.82588455782131,56.92433807108803,477.5924673026214,136417.69750805787,132387.296875,141383.03125,8995.734375
single,sample_0758,6471,12938,167,30.424894497168548,30.007630776787064,353.8793862133794,135057.9902376951,133320.6875,137963.453125,4642.765625
single,sample_0759,7246,14488,171,31.115914886977716,29.244907989243035,353.52598787670877,135085.34589989306,133322.3125,138371.28125,5048.96875
single,sample_0760,8257,16510,213,30.674087337337166,31.88569820798144,350.69484478312233,135029.32878920916,133319.984375,138174.078125,4854.09375
single,sample_0761,9244,18484,241,26.606058660599803,30.628152442670714,349.21441028784824,134784.82604256817,133293.640625,137714.875,4421.234375
single,sample_0762,9958,19912,245,35.04155427289476,45.31248929017095,349.2706672191158,135248.7654037583,132586.765625,139017.828125,6431.0625
single,sample_0763,7022,14040,191,39.303024671601946,56.54926775201381,383.11023731422694,136351.14308824053,132414.671875,140438.296875,8023.625
single,sample_0764,9892,19780,258,34.7467800720885,49.28397377282663,396.42404989400177,135624.04622264203,132079.5,139452.859375,7373.359375
single,sample_0765,9229,18454,249,25.485689585380566,28.04772883360174,348.4362388934758,134696.2382842128,133067.8125,137241.09375,4173.28125
single,sample_0766,10943,21882,256,36.766331247407756,50.27948627733948,348.27876279155544,135370.55872189984,132424.453125,139118.734375,6694.28125
single,sample_0767,9150,18296,249,23.094596942500466,22.757683442195667,348.9439590150142,134466.58993681695,133320.109375,136728.21875,3408.109375
single,sample_0768,7066,14128,199,37.72986301547124,53.00331096186738,351.97455995884263,135744.8305751132,132486.5625,140041.65625,7555.09375
single,sample_0769,9166,18328,246,23.148513175577083,23.437572367237674,349.25287245810995,134508.90421292002,133320.859375,137034.484375,3713.625
single,sample_0770,8456,16908,221,26.430082144659924,30.57122980311846,350.19713418149604,134686.59927492312,133322.640625,137655.359375,4332.71875
single,sample_0771,9430,18856,247,23.062366966890863,21.246822323389733,348.62703246530685,134501.37932959967,133321.453125,136772.015625,3450.5625
single,sample_0772,8203,16402,206,29.12981664554611,33.03273741583493,351.8725871212583,134838.5898223211,133321.40625,137971.078125,4649.671875
single,sample_0773,6942,13880,178,40.02250534902629,50.306095511479825,354.0602652528819,136173.20640665514,132921.390625,140054.859375,7133.46875
single,sample_0774,10538,21072,253,34.61359301063503,54.874309488280275,424.95167543991045,135572.23977065145,132090.5,139197.96875,7107.46875
single,sample_0775,8372,16740,224,29.19212095501104,27.326322123535803,351.1819962336397,135031.95680915553,133320.765625,137817.140625,4496.375
single,sample_0776,9701,19398,251,30.906255938421584,47.88998028260392,446.22516051063803,135225.9932159056,131773.078125,138806.0625,7032.984375
single,sample_0777,9484,18964,247,22.62389765503551,21.867319031824227,349.24942546349297,134454.19754817325,133321.625,136544.484375,3222.859375
single,sample_0778,7368,14732,175,40.8528869043923,52.65316456323063,352.7655682220444,136271.7438797842,132854.484375,140722.015625,7867.53125
single,sample_0779,10110,20216,246,36.57043347507144,45.596854432100265,348.47326602576555,135619.27025995302,132835.296875,139572.015625,6736.71875
single,sample_0780,9547,19090,249,34.553502581267765,49.32893113162665,349.16117490571133,135576.94592705823,132393.65625,139027.4375,6633.78125
single,sample_0781,9640,19276,251,32.1446617481715,49.894250134997485,449.7289092721014,135325.24054395748,131658.96875,139115.203125,7456.234375
single,sample_0782,6832,13660,193,38.82410323580524,52.17737991988624,431.63921331876156,135761.53449301084,132084.109375,140115.546875,8031.4375
single,sample_0783,11202,22400,266,22.444391034785273,24.117380715002955,347.62027448522554,134306.43367395332,133307.859375,136498.96875,3191.109375
single,sample_0784,6274,12544,157,35.201540626955385,36.80728612055392,355.72668642408564,135226.5272080212,133321.1875,138982.203125,5661.015625
single,sample_0785,6588,13172,184,29.471856252879277,30.097075759736853,353.779834424898,134886.96523745827,133318.421875,137781.21875,4462.796875
single,sample_0786,10528,21052,257,29.92227074754593,35.30023628842125,347.87505245469373,134879.52831882835,133004.875,137886.53125,4881.65625
single,sample_0787,10123,20242,270,18.82458507926669,19.45375079936314,348.140835530928,134160.33111787515,133320.265625,136034.3125,2714.046875
single,sample_0788,9460,18916,236,28.818516636147727,36.39585898403606,349.68139317341087,134774.26156514272,133320.421875,138025.484375,4705.0625
single,sample_0789,7099,14194,160,32.6595556472974,34.13475388822311,354.97033184522417,135319.16137836315,133327.59375,138720.21875,5392.625
single,sample_0790,9548,19092,240,26.509721900603886,25.72318013281909,348.8065284041982,134861.48844489685,133331.859375,137700.359375,4368.5
single,sample_0791,10262,20520,257,30.775574970040278,38.7441517650853,348.79244409148436,134980.34181172043,132907.234375,138088.90625,5181.671875
single,sample_0792,10472,20940,264,42.61157478309304,62.09060710895993,444.7684829146393,136687.68351467006,131576.671875,141085.421875,9508.75
single,sample_0793,9343,18682,219,34.87456366172843,52.40198029052126,466.8683937677679,135706.17236835064,132219.96875,139633.734375,7413.765625
single,sample_0794,10654,21304,267,23.97744266696331,30.25657964369595,348.00843005372343,134351.939218838,133320.328125,136804.796875,3484.46875
single,sample_0795,9833,19662,241,26.077906989517995,29.708984257379623,349.210834821144,134638.61060491457,133261.28125,137104.1875,3842.90625
single,sample_0796,9548,19092,245,24.530962041221382,29.66359920054209,348.80649917451416,134521.5519513249,133111.375,137022.625,3911.25
single,sample_0797,7766,15528,204,30.7090812952115,30.859558119720113,352.93023355141315,135212.27076559683,133332.9375,138692.4375,5359.5
single,sample_0798,11007,22010,269,29.43566168263665,51.2577652685556,509.4009680543508,135029.3409903925,131258.765625,138722.4375,7463.671875
single,sample_0799,9400,18796,248,23.01568331083215,22.773927947106834,348.54992268298827,134450.6021492686,133319.9375,136654.140625,3334.203125
single,sample_0800,9795,19586,233,34.90561701455928,48.88314762170197,348.6389468168506,135463.11602858602,133222.578125,139400.21875,6177.640625
single,sample_0801,10677,21350,267,25.885436768138515,40.69305248202579,348.14626299329086,134737.4619597031,132535.703125,137865.671875,5329.96875
single,sample_0802,9504,19004,246,39.26459546342004,57.03521983284656,516.2825690601355,136244.3714587279,131889.5,140964.375,9074.875
single,sample_0803,8802,17600,214,29.2273575320519,32.55037858218757,350.9666877002233,135005.46414344752,133321.0625,138284.375,4963.3125
single,sample_0804,9088,18172,253,22.286179283217503,20.613386682758055,348.8197015244365,134378.17426482725,133318.5625,137354.59375,4036.03125
single,sample_0805,8950,17896,227,23.34041109658728,21.94095377638174,350.2341866826515,134467.83065293296,133315.625,136660.84375,3345.21875
single,sample_0806,10129,20254,259,27.16209521055354,30.828747726621977,348.38088990685725,134702.5967626987,133322.25,137489.0625,4166.8125
single,sample_0807,8939,17874,226,33.950181348038754,35.18876357835585,350.62933686192173,135572.76462866372,133317.1875,139159.75,5842.5625
single,sample_0808,9622,19240,244,40.85253756193771,53.8908597955674,364.2586650002979,136215.34471621024,132292.71875,140687.25,8394.53125
single,sample_0809,8426,16848,207,35.29975229791719,43.95688096297585,351.15452432426974,135501.4875014835,133057.015625,139603.78125,6546.765625
single,sample_0810,9439,18874,236,33.65326687273745,37.73652254497123,349.2004654377451,135412.4577500927,133239.96875,139055.8125,5815.84375
single,sample_0811,6877,13750,164,39.970258816474306,52.700831041418574,425.3127395938088,136216.01434809875,132254.109375,140404.84375,8150.734375
single,sample_0812,9457,18910,253,22.91477886936779,23.97675193770218,348.85597915405174,134447.23298383472,133319.5625,136669.078125,3349.515625
single,sample_0813,9195,18386,237,25.75774827897987,25.817635351461632,349.04959052619455,134762.1078694263,133300.421875,137400.921875,4100.5
single,sample_0814,9509,19014,241,30.165954013070372,43.00359372095737,348.9019058182729,135126.39895099378,132545.0625,138212.734375,5667.671875
single,sample_0815,9579,19154,250,26.97321848146299,31.536195699668415,348.91578794986884,134789.70637429535,133291.8125,137580.515625,4288.703125
single,sample_0816,11498,22992,278,32.50338110388804,52.731038490463995,451.846801772577,135594.08799899984,131468.859375,139136.203125,7667.34375
single,sample_0817,10830,21656,263,26.05073265223683,28.741281776351283,347.92235627703275,134488.56210180055,133320.65625,137100.40625,3779.75
single,sample_0818,10004,20004,264,32.92493852417097,47.52790183815548,348.2673294999263,135189.0849582042,132957.453125,138798.09375,5840.640625
single,sample_0819,9381,18758,242,24.424670188094037,26.258061750077292,348.8220129370841,134547.19150077284,133320.546875,136999.84375,3679.296875
single,sample_0820,6813,13622,198,27.65109744339528,29.381107360454443,352.5935253852981,134714.40096827756,133321.734375,137534.8125,4213.078125
single,sample_0821,9587,19170,255,20.09429990865028,20.33335961586971,348.3820142377657,134237.13640052936,133320.390625,136173.5625,2853.171875
single,sample_0822,9945,19886,258,38.84190653146974,59.752315369642794,446.3111483054356,135852.38074566366,132386.234375,140007.296875,7621.0625
single,sample_0823,6588,13172,172,27.260049731312083,20.4783472573612,353.46482129002186,134865.97689217137,133316.109375,137396.046875,4079.9375
single,sample_0824,8807,17610,224,25.921481265745182,23.214927839971022,350.2086685216693,134768.06099019246,133319.359375,137230.234375,3910.875
single,sample_0825,7571,15138,205,29.752052325952498,28.228992132547017,352.1582693998682,135150.02132314094,133339.828125,138057.28125,4717.453125
single,sample_0826,10590,21176,264,26.23425706987984,42.42416057648123,348.15607177242737,134703.23205116857,131976.53125,137691.140625,5714.609375
single,sample_0827,6726,13448,184,28.281889837902433,40.299483852485366,352.1543396836511,135050.38588360467,132461.265625,138180.0,5718.734375
single,sample_0828,10777,21550,255,30.986066654952076,42.578107535432196,348.0444685058974,135181.4919432008,132397.453125,138237.90625,5840.453125
single,sample_0829,9385,18766,243,36.3982689808627,54.563248859213054,461.20767920023883,135728.2824936734,131945.453125,140089.390625,8143.9375
single,sample_0830,10145,20286,252,24.7086560262792,26.088299609183654,348.27670532696703,134519.3754281666,133321.859375,136932.0625,3610.203125
single,sample_0831,11510,23016,263,32.80517269443181,49.92957260405393,371.3254666319421,135481.6279838184,132155.953125,139021.25,6865.296875
single,sample_0832,10900,21796,282,23.197291705208258,25.941796812472468,348.03155825472146,134334.49238245413,133318.8125,136635.03125,3316.21875
single,sample_0833,9219,18434,229,33.19443694916969,48.155441656601624,395.80794557562376,135669.66715987364,132323.859375,139235.328125,6911.46875
single,sample_0834,6828,13652,170,35.06869959862097,37.579534134400795,353.6126567661766,135401.00832967195,133319.84375,139003.84375,5684.0
single,sample_0835,9334,18664,244,34.09943862511068,48.70392970659167,348.91140924335394,135560.15842618386,132201.203125,139419.140625,7217.9375
single,sample_0836,9436,18868,246,28.954985220562993,30.27584759587996,349.14361721412376,134800.9671984289,133318.5,137889.203125,4570.703125
single,sample_0837,7651,15298,229,22.725028868804024,25.297507704857097,349.524473164825,134381.45928432557,133320.53125,136566.421875,3245.890625
single,sample_0838,10204,20404,273,30.235412830456877,37.7275201759801,348.37741286597003,134761.9085698623,133321.53125,137764.0,4442.46875
single,sample_0839,10906,21808,252,32.16914468985592,44.1642226317903,347.9656727501587,135070.50830964607,132387.671875,138286.203125,5898.53125
single,sample_0840,6765,13526,193,24.8816060369417,21.5201233927796,351.70201167372954,134598.52699094603,133321.21875,137034.6875,3713.46875
single,sample_0841,9701,19398,255,25.735697294198804,30.292445107765364,348.51178632431544,134716.71512923925,133194.828125,137274.109375,4079.28125
single,sample_0842,6365,12726,185,38.4772029777379,45.9538617953927,353.30622483859696,135659.43071484682,133321.609375,139646.171875,6324.5625
single,sample_0843,8753,17502,233,22.540962403226715,22.813623040032855,350.0879684180262,134412.60815934537,133319.53125,136743.640625,3424.109375
single,sample_0844,10156,20308,265,28.455980503296086,46.56751856876028,424.91761721977747,135226.3065690848,131834.640625,138392.375,6557.734375
single,sample_0845,9174,18344,222,34.54818963029989,50.750989845449254,388.83776042469,135780.55966931,132301.234375,139763.078125,7461.84375
single,sample_0846,8847,17690,208,35.4648137558128,47.59183089621191,351.24494197081657,135894.4868228637,132724.859375,140050.265625,7325.40625
single,sample_0847,10873,21742,273,23.322384490555095,38.392592992308195,347.62698715572293,134620.12238457648,132368.828125,137285.78125,4916.953125
single,sample_0848,6488,12972,168,34.517083064735516,32.11851101309137,355.3719266603258,135310.1800270692,133332.796875,138507.5625,5174.765625
single,sample_0849,10534,21064,266,19.464946557768393,20.94043989143634,348.0063720667961,134146.5307174981,133322.140625,135987.6875,2665.546875
single,sample_0850,9860,19716,245,28.019606018938262,33.90711712869635,348.2799846803314,134834.2843971856,133211.1875,137640.75,4429.5625
single,sample_0851,9746,19488,250,21.619828896153027,29.095821690204115,348.5423925572315,134376.33385972452,132702.234375,136625.296875,3923.0625
single,sample_0852,10538,21072,265,27.749814759884984,36.634948486535144,347.8147802039751,134958.73045762954,132395.515625,137805.5,5409.984375
single,sample_0853,10993,21982,262,42.35854337232876,59.877344298861,408.3923670562831,135909.3721402256,132350.4375,140131.078125,7780.640625
single,sample_0854,8668,17332,206,32.408212263497845,38.118105075741376,351.5214785366716,135328.11715144786,132936.25,138789.453125,5853.203125
single,sample_0855,10538,21072,262,25.712455807395497,30.40296606015426,348.33771137364914,134547.8371325797,133231.609375,137273.5,4041.890625
single,sample_0856,9266,18528,250,26.83486013286026,33.298221023079385,348.91856215872536,134682.5285266701,133318.953125,137685.078125,4366.125
single,sample_0857,8824,17644,222,33.06760399681838,31.349491926197576,351.1503200119186,135474.51070057513,133325.25,138981.421875,5656.171875
single,sample_0858,9861,19718,263,25.79322761269761,26.892712660192373,348.36860118327513,134672.97323103642,133318.8125,137104.0625,3785.25
single,sample_0859,6539,13074,198,27.272734174098147,25.100835507120465,352.143422176175,134725.63243854183,133312.703125,137589.4375,4276.734375
single,sample_0860,7907,15810,199,31.518830222585905,36.36289439129722,351.85869892068433,135275.91025950108,133311.21875,138669.875,5358.65625
single,sample_0861,9462,18920,250,25.779649234854105,26.83170680749715,348.7054584110517,134710.5979245931,133288.21875,137077.34375,3789.125
single,sample_0862,9611,19218,258,24.437995287080273,24.215142555329187,348.60404672073025,134512.44727883415,133319.140625,136810.578125,3491.4375
single,sample_0863,9579,19154,242,21.982852704043204,22.9354712087118,348.2579822691561,134343.05991132947,133323.296875,136645.265625,3321.96875
single,sample_0864,10291,20578,261,30.65641372937624,38.07718503162846,348.4201701548583,134836.06099382957,132934.671875,137936.765625,5002.09375
single,sample_0865,10025,20046,254,18.848350769405084,20.747250484123253,348.1264356101207,134123.28159133418,133320.8125,136029.796875,2708.984375
single,sample_0866,10123,20242,261,29.12566615166519,37.09812773557906,348.44697297272717,134955.5877611627,133146.609375,137902.984375,4756.375
single,sample_0867,9649,19294,255,27.52542656685761,28.543267820316508,348.5937089804143,134737.62874229194,133315.84375,137792.375,4476.53125
single,sample_0868,9651,19298,239,35.67164525506766,54.60536462939009,431.3952471457083,135769.52138865142,132183.171875,139413.453125,7230.28125
single,sample_0869,6912,13820,169,39.31039206784711,45.376891953111055,353.9949249719003,135902.3261605722,133337.46875,140820.65625,7483.1875
single,sample_0870,9448,18892,246,24.543665227433856,23.436137578027594,348.5975832793828,134647.39366466447,133312.671875,137095.625,3782.953125
single,sample_0871,6251,12498,161,27.252048181240113,23.009687126962103,354.5426261953932,134877.1919117941,133319.125,137281.609375,3962.484375
single,sample_0872,10986,21968,281,27.633125237058543,42.547226098992546,354.9708977396338,135107.67196886946,132492.84375,138247.6875,5754.84375
single,sample_0873,9463,18922,254,27.344646377730353,32.24950336332888,348.86051293568903,134894.70101645883,133325.671875,137788.453125,4462.78125
single,sample_0874,10760,21516,286,32.55878773671279,52.36769976045284,420.6961597835857,135227.6523205158,132040.78125,138894.578125,6853.796875
single,sample_0875,6794,13584,162,34.67934205753842,33.691045706420425,354.7576237954578,135369.39481297837,133321.40625,138497.5625,5176.15625
single,sample_0876,10637,21270,261,32.22181096110297,41.906463619106624,348.20376978789244,135024.6054984958,132478.8125,138365.28125,5886.46875
single,sample_0877,9247,18490,244,24.49410570483584,23.175554860139208,349.5473403207429,134594.65707290202,133313.359375,136975.84375,3662.484375
single,sample_0878,9343,18682,243,24.365329460131015,21.391392127188308,348.8436157440622,134658.18720231723,133321.796875,137116.171875,3794.375
single,sample_0879,6350,12696,160,38.65938937493611,48.27083756099111,354.9970490129547,135716.00602362206,132756.65625,139710.84375,6954.1875
single,sample_0880,9890,19776,243,25.226897506656243,28.950289670245095,348.3782522229007,134454.88866437058,133321.03125,136996.09375,3675.0625
single,sample_0881,10495,20986,256,28.683543507794557,36.451821547214486,348.20191951791065,134729.48164751072,133088.890625,137607.421875,4518.53125
single,sample_0882,7016,14028,172,37.920244748194456,47.13479904073699,353.62384119643957,135619.16495109393,133321.375,139775.8125,6454.4375
single,sample_0883,10641,21278,250,34.795229218387995,53.27982996529541,498.96972816305276,135684.58834930928,131962.515625,139770.984375,7808.46875
single,sample_0884,9679,19354,260,31.112668270052716,48.890679911809634,425.5416125949512,135363.929707679,132202.515625,138763.75,6561.234375
single,sample_0885,9918,19832,260,21.58230926402837,23.341472029636538,348.05670611153505,134335.43038225954,133320.53125,136491.109375,3170.578125
single,sample_0886,8330,16656,212,32.69380605433871,45.241405286459276,367.4169402033126,135459.82337184873,132351.921875,139432.0625,7080.140625
single,sample_0887,9826,19648,248,26.894991477278186,33.365683987595375,348.52244097396044,134734.51270863015,132875.265625,137482.703125,4607.4375
single,sample_0888,6698,13392,199,29.962504816150823,32.27220900078646,351.75973796798684,135082.82760012316,133320.75,137994.125,4673.375
single,sample_0889,10824,21644,284,18.22580423940259,19.468865904077656,347.7454544289462,134074.8138035269,133320.65625,136044.78125,2724.125
single,sample_0890,7329,14654,212,28.529035707815098,30.545405991128963,351.0940010629312,134986.869013508,133320.171875,137904.5625,4584.390625
single,sample_0891,9704,19404,249,26.93217564418095,42.64135689875215,394.8169600333351,134908.2383182837,131823.296875,138019.328125,6196.03125
single,sample_0892,9571,19138,252,27.168268159797602,33.45493753123729,348.2449325013552,134797.4032575619,132896.28125,137503.734375,4607.453125
single,sample_0893,10382,20760,254,31.98824838709462,52.27425416753761,413.47832358735695,135189.87743961904,132074.671875,138696.0,6621.328125
single,sample_0894,10000,19996,263,19.21498047613318,19.911373772268647,348.22657287520065,134177.1478359375,133318.140625,136030.765625,2712.625
single,sample_0895,8939,17874,235,23.690628380632596,21.64776294956152,349.33277219012945,134515.86609764796,133320.28125,137085.0625,3764.78125
single,sample_0896,9281,18558,222,31.87957685786036,33.35215586937696,349.95047450279174,135534.37695964874,133318.15625,138959.40625,5641.25
single,sample_0897,9580,19156,242,34.104253551855365,44.39772331196355,349.3927660505884,135414.66947742694,132745.578125,139032.796875,6287.21875
single,sample_0898,11191,22378,276,21.23638114636857,28.204454381172926,347.85870255689065,134310.6204274082,132803.390625,136544.65625,3741.265625
single,sample_0899,7008,14012,170,35.24172588760249,43.06318338903701,353.67861519086637,135335.78169591894,133111.5625,139267.453125,6155.890625
single,sample_0900,9414,18824,240,25.3703220684006,35.74134482547278,348.72698677026085,134759.9335281894,132731.28125,137650.859375,4919.578125
single,sample_0901,11093,22182,262,37.122621603877306,55.601433849552585,436.58991564807724,136031.07892646262,131539.078125,139835.09375,8296.015625
single,sample_0902,9655,19306,265,32.30759518411579,46.23315402238696,348.6105246257937,135392.6145326256,132473.0,138560.34375,6087.34375
single,sample_0903,11075,22146,272,23.482010222012512,30.027288473897375,347.9467614822455,134474.79229683973,132840.328125,136829.734375,3989.40625
single,sample_0904,10285,20566,262,32.614420732347455,46.03603597668096,348.32331167573346,135307.52395175013,132682.796875,138599.765625,5916.96875
single,sample_0905,5466,10928,162,25.624619584193592,24.02442127417793,355.17986542561874,134662.94930307812,133321.6875,136911.59375,3589.90625
single,sample_0906,9897,19790,263,19.316513579780885,18.83908824646618,348.1510348062274,134180.35494499595,133320.796875,136134.28125,2813.484375
single,sample_0907,9721,19438,240,25.54967392498267,40.35002570336359,348.62220226661555,134704.59026366886,132295.0,137513.921875,5218.921875
single,sample_0908,9734,19464,243,28.834592942342276,34.17379665405069,349.1244190477947,134738.84331338608,133299.453125,137798.796875,4499.34375
single,sample_0909,9463,18922,237,27.56054430163275,37.577488565912375,349.2877271479302,134785.37541774544,132662.171875,137783.625,5121.453125
single,sample_0910,11416,22828,270,30.233151333193746,38.69110764820876,347.9066597808198,134839.67625208042,132735.859375,137931.515625,5195.65625
single,sample_0911,9096,18188,246,20.25626000009079,20.67612398079763,348.60112406800187,134234.10512862797,133318.890625,136293.765625,2974.875
single,sample_0912,9458,18912,242,34.35427682469746,42.717728954957614,349.16268644071675,135533.74739473197,132995.03125,139592.828125,6597.796875
single,sample_0913,9605,19206,250,20.57018762261329,19.25697528889677,348.75508967596335,134259.30975728788,133317.875,136248.765625,2930.890625
single,sample_0914,10372,20740,249,29.73543116127302,45.55856899531864,416.6938864816042,135091.0946357983,132113.6875,138430.0,6316.3125
single,sample_0915,10780,21556,265,31.510601247620432,45.57299301582625,348.026761480309,135080.85024640537,132680.921875,138296.375,5615.453125
single,sample_0916,10097,20190,262,22.969433145807837,29.86896453835639,348.17514600484975,134502.97709715756,132664.8125,136876.171875,4211.359375
single,sample_0917,9336,18668,243,25.5562413473919,28.39161084105391,349.32501299933045,134836.87722927378,133204.796875,137566.875,4362.078125
single,sample_0918,9281,18558,230,36.831480804229585,47.01979212443478,349.85077059381894,135810.73181432497,133157.609375,140263.265625,7105.65625
single,sample_0919,9763,19522,259,21.540061196036497,21.285974568485738,348.449679367925,134345.47187083887,133324.71875,136341.96875,3017.25
single,sample_0920,9869,19734,247,24.377954481723396,28.48550244254646,348.7511053529246,134530.12125088662,133072.34375,137105.4375,4033.09375
single,sample_0921,10600,21196,269,27.036334860346297,37.639061103286295,348.0510289290263,134700.29913472876,132652.484375,137595.609375,4943.125
single,sample_0922,9166,18328,242,26.636073540706626,24.30507797816109,349.28967745352037,134856.78277397447,133307.796875,137685.96875,4378.171875
single,sample_0923,9074,18144,238,26.51446732159358,38.510674088341275,348.69667695003545,134856.67371232368,132490.140625,138242.296875,5752.15625
single,sample_0924,9109,18214,242,28.231344348961233,37.14257396923324,349.33406964339116,134884.28153989188,132995.953125,138252.453125,5256.5
single,sample_0925,6961,13918,170,28.172440911712176,22.885692718179136,354.3886335279711,134986.1741263827,133306.625,137559.515625,4252.890625
single,sample_0926,11140,22276,269,29.256772217590914,38.6646906465979,347.7285778961668,135076.9351113667,132549.8125,137959.03125,5409.21875
single,sample_0927,6646,13288,153,32.214645277380235,26.823976945355838,355.56313933160857,135252.53839950723,133319.078125,138207.59375,4888.515625
single,sample_0928,9325,18646,241,30.771674609247306,45.06265812008599,390.9294247748509,135337.8465080429,131945.15625,139162.4375,7217.28125
single,sample_0929,6375,12746,160,45.462163386357574,63.72849386511595,469.87229506250543,136801.12696568627,132141.65625,141736.53125,9594.875
single,sample_0930,11014,22024,258,32.46157435026087,44.108667548963396,348.21654040585247,135385.55177217632,132790.078125,138423.25,5633.171875
single,sample_0931,8531,17058,227,31.110603111490747,38.17783744231,349.95371789248657,135281.09829775232,132837.984375,138596.5,5758.515625
single,sample_0932,10366,20728,270,23.634941953217872,30.367616336638932,348.11121981590424,134448.09258181797,133189.265625,136726.75,3537.484375
single,sample_0933,9609,19214,250,21.70457352151259,30.585047219392276,348.65133595575685,134383.70828129878,132604.5625,136859.875,4255.3125
single,sample_0934,10558,21112,261,24.907240543667594,43.28037663204876,364.60145815055733,134747.79157096514,131769.9375,137510.734375,5740.796875
single,sample_0935,9940,19876,251,27.8301930627446,38.786406337463184,348.2769285539875,134887.80563537474,132773.734375,137819.203125,5045.46875
single,sample_0936,10418,20832,247,33.82509085498886,43.684473335718415,348.3369306826326,135145.58799373682,132667.046875,138690.25,6023.203125
single,sample_0937,10746,21488,260,30.468754395780497,38.600933379936464,347.9301424852831,134898.69086317002,132666.71875,138038.5625,5371.84375
single,sample_0938,10565,21126,255,31.439761831565384,37.84231193998663,348.4202835547882,135024.61755353762,132715.109375,138155.578125,5440.46875
single,sample_0939,6896,13788,168,37.69896924564109,45.841660556829126,354.56973082513485,135694.58346777118,132673.625,139572.34375,6898.71875
single,sample_0940,8815,17626,223,26.191311641509948,33.30383713500329,350.1959334868142,134897.63474014463,132791.359375,137693.421875,4902.0625
single,sample_0941,10741,21478,265,18.726852397431966,19.79384103703284,348.0857398878894,134099.46454153478,133312.453125,135909.90625,2597.453125
single,sample_0942,9158,18312,227,23.292742688289078,20.787675634652718,350.23606678325467,134538.32600253876,133316.921875,137304.40625,3987.484375
single,sample_0943,9428,18852,248,23.568468415317664,21.409013167880765,348.5895624074785,134426.6340969055,133321.359375,137322.5625,4001.203125
single,sample_0944,8537,17070,224,25.73173684870726,24.641144328380243,350.3334410693882,134716.5548970657,133319.34375,137148.046875,3828.703125
single,sample_0945,6234,12464,154,31.291702130508597,39.328193663074444,355.05728414113,135061.8423739774,132881.28125,138307.375,5426.09375
single,sample_0946,10464,20924,256,26.54432801991069,34.970854665458866,348.35556899457424,134613.64961116685,132767.890625,137392.078125,4624.1875
single,sample_0947,9976,19948,254,28.442649597763634,46.513545602489664,380.8333118835389,135293.65211664245,132203.453125,138562.375,6358.921875
single,sample_0948,10707,21410,259,28.96177605175442,42.84331516932293,348.02481536939507,134947.2636928528,132753.203125,138032.296875,5279.09375
single,sample_0949,9009,18014,226,22.783276496170103,22.018620149277382,350.08887414785744,134466.00604777166,133321.046875,137130.21875,3809.171875
single,sample_0950,9036,18068,234,24.19587939223305,30.67701588242114,349.8209915524688,134650.80930444886,132947.46875,137334.71875,4387.25
single,sample_0951,12160,24316,282,34.250807821831934,47.26838115641866,348.1963234303839,135147.2761384663,132344.34375,138776.6875,6432.34375
single,sample_0952,9490,18976,243,28.44412892958158,31.254471607367083,348.7985492915457,134703.71847339303,133314.625,137885.015625,4570.390625
single,sample_0953,9876,19748,249,28.583264177277712,33.247337027104976,348.13310906857305,134885.05780269086,133284.90625,137847.65625,4562.75
single,sample_0954,9301,18598,247,34.17890491773239,37.66059385167274,348.93675243878977,135447.37469761315,133053.546875,139106.4375,6052.890625
single,sample_0955,9891,19778,260,20.617230882851494,20.49382534410681,348.12064394352535,134258.32105575775,133322.578125,136205.96875,2883.390625
single,sample_0956,6949,13894,192,24.89560079704974,22.028884909791014,352.56413019612495,134615.09864728738,133316.1875,136858.15625,3541.96875
single,sample_0957,9422,18840,254,21.12855519340733,20.765847620862615,348.73686659228804,134279.84729058322,133319.546875,136323.390625,3003.84375
single,sample_0958,9515,19026,230,37.486306210576615,52.32794415307181,380.69023461308603,135928.30741592223,132454.890625,140382.890625,7928.0
single,sample_0959,10223,20442,263,31.199812031829964,40.52462315356742,348.06965633319356,135121.85967304118,132644.015625,138291.984375,5647.96875
single,sample_0960,10426,20848,261,36.70545572345311,57.30472017248119,504.91051697905493,135734.8640463145,131917.34375,139980.203125,8062.859375
single,sample_0961,9411,18818,246,21.209847681995072,22.575871030273394,349.20707387172376,134313.8995507252,133319.75,136667.65625,3347.90625
single,sample_0962,10353,20702,255,38.87528065398057,50.500014531003885,376.3576362471172,135509.63162549504,132778.46875,139739.765625,6961.296875
single,sample_0963,11000,21996,261,29.90883946335051,40.050403758922805,347.73039807510565,134866.34073579544,132580.71875,137886.609375,5305.890625
single,sample_0964,8811,17618,230,28.44947371330246,28.617094563480304,349.8649252147474,134979.699447069,133316.25,137760.453125,4444.203125
single,sample_0965,9758,19512,261,19.70163709145066,19.62419496261285,348.04685787130666,134199.82763821993,133319.59375,136129.8125,2810.21875
single,sample_0966,9326,18648,241,31.34549656062569,37.42314934587599,349.4573337197409,135422.31873090018,132822.953125,138686.8125,5863.859375
single,sample_0967,6360,12716,175,38.43327767749243,49.21355853881699,353.53510356059394,135632.88332104954,132821.46875,139581.03125,6759.5625
single,sample_0968,7394,14784,198,37.19581671850085,43.71019939991527,351.89805997297043,135524.6856995537,133317.96875,139601.734375,6283.765625
single,sample_0969,9914,19824,260,20.666881481703587,20.35004986530406,348.21614818082156,134270.15812235224,133320.140625,136257.421875,2937.28125
single,sample_0970,11122,22240,272,23.30723219894569,26.361116517479836,347.96466144176236,134318.7102350634,133319.96875,136657.40625,3337.4375
single,sample_0971,9814,19624,260,21.833951292732802,31.24836896803162,348.55251011610864,134417.15574211586,132542.921875,136868.765625,4325.84375
single,sample_0972,9390,18776,242,30.583148635744312,41.69060587101956,348.8544500454968,135350.3220713525,132482.8125,138544.28125,6061.46875
single,sample_0973,10198,20392,251,32.436592554719134,48.82885757478319,436.962526609312,135341.02584759265,132259.875,138847.875,6588.0
single,sample_0974,6717,13430,186,29.427818959276543,32.47829778205889,352.6995993011954,134960.36736777952,133162.71875,137996.015625,4833.296875
single,sample_0975,9352,18700,240,27.9645854230949,34.20643992075195,348.84084056731837,134962.36222365536,132970.0625,138841.53125,5871.46875
single,sample_0976,7452,14900,184,41.35423762309484,55.290452014690246,353.7904471082823,136284.72629621244,132411.203125,140743.09375,8331.890625
single,sample_0977,11086,22168,274,26.12263430398279,35.32638075108935,348.3734163589763,134603.9705089753,132876.3125,137307.40625,4431.09375
single,sample_0978,9458,18912,253,22.917470333248342,28.226409090401678,348.4530524673973,134451.9494789464,133228.03125,136843.0,3614.96875
single,sample_0979,10589,21174,258,22.374605551824093,35.163723994257424,348.10457442853647,134449.96484854567,132434.0625,137167.625,4733.5625
single,sample_0980,10096,20188,256,31.482430504116458,43.23052658352296,348.20604661754976,135104.8531488337,132917.75,138234.09375,5316.34375
single,sample_0981,10549,21094,270,30.606668607640266,50.187681937640654,405.2534376503669,135175.27375521377,132167.84375,138588.953125,6421.109375
single,sample_0982,8292,16580,213,28.897578828311378,31.738612134997123,350.2964456280556,134976.27497324228,133320.859375,137877.640625,4556.78125
single,sample_0983,10140,20276,260,23.288595908483746,32.06185933775841,348.3260562196203,134470.12597386588,132556.890625,137142.125,4585.234375
single,sample_0984,9691,19378,261,30.604352654483467,37.987084922448105,348.7765154222356,135195.82900693943,132823.109375,138011.953125,5188.84375
single,sample_0985,10472,20940,263,18.265944591147548,21.411661260039114,348.0461503768595,134057.26209624475,133319.296875,135826.890625,2507.59375
single,sample_0986,6491,12978,158,31.998996344181883,29.30809891960824,354.1099887328173,135177.4359305192,133320.40625,138197.0625,4876.65625
single,sample_0987,9342,18680,237,34.64579959187263,45.64201056531012,349.733992625616,135748.84588919664,132123.5625,139524.9375,7401.375
single,sample_0988,9912,19820,256,26.129329113255036,34.15475249512342,348.49520108544675,134823.14677442747,132710.28125,137540.046875,4829.765625
single,sample_0989,9301,18598,241,20.71212764381271,20.64504443714636,348.5853365127375,134251.38759273198,133319.0625,136326.8125,3007.75
single,sample_0990,8559,17114,203,38.99794971080937,44.45023350024878,351.4472479268528,136392.5025923005,133133.828125,140540.78125,7406.953125
single,sample_0991,9607,19210,248,37.40251390457703,49.80456827330192,354.6106448626686,135803.62312311336,132386.65625,140250.359375,7863.703125
single,sample_0992,11424,22844,297,23.25049888537516,25.71093495856107,348.6830650855657,134432.74627018775,133315.671875,136792.34375,3476.671875
single,sample_0993,10139,20274,243,35.39725071945852,49.90886782346203,377.49752941974555,135734.61919783757,132327.1875,139424.734375,7097.546875
single,sample_0994,6924,13844,171,25.543089166005696,22.034766128494848,353.8154068123637,134709.56499359114,133322.453125,137106.03125,3783.578125
single,sample_0995,9686,19368,246,25.098916988716542,24.982765343326097,348.42691881230064,134629.16484003974,133322.109375,137074.375,3752.265625
single,sample_0996,8625,17246,224,21.904211143571214,21.691632124009004,351.3263589746023,134366.72635869565,133321.125,136755.84375,3434.71875
single,sample_0997,10463,20922,268,20.877710931170597,28.831824697343457,348.1019927898439,134258.09070653733,132907.578125,136437.328125,3529.75
single,sample_0998,9848,19692,256,29.38830652808822,34.60447982778436,348.42858296962896,134871.5942196385,133225.984375,137812.359375,4586.375
single,sample_0999,9532,19060,244,32.81058430630445,46.83494706088493,383.69135298449356,135528.6523863696,131994.46875,139149.21875,7154.75
single,sample_1000,9637,19270,253,25.96936733311274,28.49874097282665,348.6160130388567,134628.13210477846,133319.125,137466.3125,4147.1875
single,sample_1001,10257,20510,253,36.74426495392158,54.89058422113391,381.8193850384568,135891.58514611973,131883.125,139546.609375,7663.484375
single,sample_1002,8134,16264,208,25.501619296481508,21.725913097079342,351.8221479903148,134719.20812715148,133312.21875,137578.40625,4266.1875
single,sample_1003,10005,20006,265,22.31639635434435,24.429525971396536,348.3979258652213,134376.67544665167,133317.984375,136604.546875,3286.5625
single,sample_1004,9531,19058,245,37.218436560104415,56.59368904653753,437.45179057572346,135861.3364383328,131553.875,140047.25,8493.375
single,sample_1005,7646,15288,172,38.44857265428666,53.54167642261944,398.59589496670486,136084.44710878236,132586.609375,140467.65625,7881.046875
single,sample_1006,8281,16558,215,27.72063743945944,29.745400446931672,350.5240851292541,134827.3306986626,133317.078125,138017.828125,4700.75
single,sample_1007,10246,20488,262,29.956765917503564,47.4658795365961,394.4769682885062,135170.30036111653,132088.953125,138478.421875,6389.46875
single,sample_1008,10998,21992,273,25.94746428427153,33.2493627415018,348.3400507213119,134617.84813574058,133080.234375,137184.5625,4104.328125
single,sample_1009,10851,21698,254,34.32677911428314,47.790180657514014,348.0976664180082,135202.34222508295,132333.59375,138891.375,6557.78125
single,sample_1010,10378,20752,251,25.599763576021765,45.0122442312835,360.8637699995096,134808.09682290663,131794.765625,137744.96875,5950.203125
single,sample_1011,8505,17006,228,24.88192820226723,28.279247673219345,350.0391794838149,134637.33384957377,133320.265625,137601.96875,4281.703125
single,sample_1012,8372,16740,208,31.982056979864858,34.4100932723068,352.44416581595095,135067.4231198489,133307.921875,138747.6875,5439.765625
single,sample_1013,8222,16440,202,38.73219260088931,56.783251609347786,456.3666925591651,136236.7991934748,132226.421875,140402.28125,8175.859375
single,sample_1014,9415,18826,244,21.943144969949465,22.569556551053658,348.95719158476913,134328.92167916888,133318.96875,136389.75,3070.78125
single,sample_1015,11000,21996,263,34.89550823965054,52.72986047252551,440.2910004869808,135445.19977982953,131547.796875,139536.21875,7988.421875
single,sample_1016,10963,21922,268,19.113175344127647,20.895467986439417,348.11403765149436,134122.6232369675,133318.390625,136039.421875,2721.03125
single,sample_1017,9821,19638,257,36.983887306679335,53.87076396104027,348.3340100166765,135904.6953657978,132650.078125,139528.578125,6878.5
single,sample_1018,11385,22766,266,32.30287025272799,42.15731422895464,347.80604662644004,134869.7397740997,132727.015625,138378.453125,5651.4375
single,sample_1019,9059,18114,232,22.385811183588324,20.62362520565512,349.8460408162262,134439.63212344077,133321.53125,136776.0,3454.46875
single,sample_1020,8982,17960,247,28.943554150255572,48.32011637238428,444.09608164020324,135384.39978394288,131589.984375,139038.125,7448.140625
single,sample_1021,11359,22714,277,33.41217319888977,56.06522496782331,450.7951822463867,135731.3710934061,131463.75,139408.875,7945.125
single,sample_1022,9367,18730,239,31.164301071306273,44.505042387371525,349.3890584033947,135501.80729722697,132252.5625,138909.203125,6656.640625
single,sample_1023,9496,18988,247,28.109478092893852,32.23531035088025,348.7714373101446,134956.40862106413,133320.46875,137815.03125,4494.5625
single,sample_1024,6184,12364,177,24.837884330339655,22.98922955435095,353.57039728141024,134627.63058649338,133320.03125,136925.40625,3605.375
single,sample_1025,9173,18342,249,26.600189089550568,26.841275595258878,349.11344056556624,134834.36830065137,133317.765625,138227.171875,4909.40625
single,sample_1026,9874,19744,259,24.680333630071605,32.26732724089822,347.7514118528995,134609.8621695868,132947.765625,137025.234375,4077.46875
single,sample_1027,8330,16656,216,28.076960024485864,33.816452560574255,351.1387536182706,134935.3043704982,133301.59375,137902.734375,4601.140625
single,sample_1028,10095,20186,264,21.003009192936382,19.768324467720298,348.1031794313761,134318.53101473502,133321.5,136344.96875,3023.46875
single,sample_1029,6688,13372,174,29.142833590991604,24.87069004625801,354.15090185771174,135000.50071957236,133319.640625,137798.609375,4478.96875
single,sample_1030,8849,17694,238,22.555399025999577,21.77994935566834,351.6680877013567,134395.86345031924,133320.484375,136879.53125,3559.046875
single,sample_1031,10127,20250,250,24.919183084458158,30.174421904534118,348.41209724152077,134605.63443177892,133079.234375,137049.765625,3970.53125
single,sample_1032,9599,19194,254,21.710617228608452,24.83851115980491,348.5845884226308,134347.3647466533,133319.984375,136449.703125,3129.71875
single,sample_1033,9955,19906,253,20.731146542067847,21.746444382108113,348.14296782568954,134250.39014157458,133322.5625,136192.9375,2870.375
single,sample_1034,8627,17250,199,43.86651867222856,57.83081541482502,382.00757195457277,136859.22783303872,132568.828125,141759.375,9190.546875
single,sample_1035,9320,18636,224,27.68305908794664,30.4938519886915,350.1911615469956,134894.6095392972,133319.34375,137753.921875,4434.578125
single,sample_1036,10394,20784,267,20.619753457561735,23.55975096558683,347.9194099830345,134229.17088284105,133317.8125,136384.5,3066.6875
single,sample_1037,7711,15418,204,38.205386847886736,51.114756349134275,379.1676811371276,136097.6688922481,132772.640625,140313.265625,7540.625
single,sample_1038,9718,19432,248,34.7522135262148,49.79106344170727,368.4149170838048,135670.5588791418,132383.984375,139273.25,6889.265625
single,sample_1039,9323,18642,248,23.103985049302022,24.442535273107996,348.80599180693673,134487.07138427813,133320.859375,136871.21875,3550.359375
single,sample_1040,9401,18798,248,32.86558894298044,47.396361095546474,361.706062224768,135647.60887305872,132620.390625,139363.765625,6743.375
single,sample_1041,10185,20366,271,19.518242622848252,19.21296528994497,348.3290591886327,134176.72883222878,133322.484375,136120.828125,2798.34375
single,sample_1042,7038,14072,189,41.279510627871794,60.24040140301217,432.67915998000655,136347.29429747444,132967.828125,141086.40625,8118.578125
single,sample_1043,8911,17818,209,26.679500884523808,30.00813275652647,351.0200015278715,134968.94162236282,133318.875,137906.46875,4587.59375
single,sample_1044,10386,20768,264,27.47128950783573,31.032860463058935,348.0354556903124,134590.61430350953,133320.203125,137427.78125,4107.578125
single,sample_1045,9095,18186,248,22.027682941752982,24.20621322348168,349.1095916519604,134395.40739073665,133319.828125,137136.125,3816.296875
single,sample_1046,8397,16790,214,33.44434965909009,44.4906198574915,351.6662281355576,135340.8537182178,132864.984375,139335.03125,6470.046875
single,sample_1047,6821,13638,164,40.82038597497997,55.444708836175074,354.46108833943623,136310.2942292186,132631.65625,140382.078125,7750.421875
single,sample_1048,9355,18706,247,30.53638777791974,44.1043624604756,382.32976192342505,135383.61973710582,132106.375,138866.140625,6759.765625
single,sample_1049,10288,20572,263,27.561337126370233,32.98455325745046,348.30035515784965,134854.47430258553,132845.734375,137521.140625,4675.40625
single,sample_1050,8815,17626,225,26.13565353689317,25.839147904521194,349.8749356441324,134708.7157118548,133320.859375,137187.25,3866.390625
single,sample_1051,6117,12230,155,42.16169100586846,59.39347780617434,410.60110051138815,136052.8726116765,132307.671875,140519.34375,8211.671875
single,sample_1052,11334,22664,256,38.964945682204885,56.715716963950875,450.9473747192707,136192.4250650697,131850.6875,140086.3125,8235.625
single,sample_1053,9588,19172,246,29.35091921041041,36.319855507500804,348.65969773929237,135049.96064253495,132797.546875,138086.515625,5288.96875
single,sample_1054,9508,19012,254,31.391605926140638,50.588611450429866,364.1704517356648,135334.40891058845,131992.765625,138882.3125,6889.546875
single,sample_1055,9462,18920,234,23.58819548408293,20.25038071953053,348.7476902741475,134517.04657115304,133321.25,136725.6875,3404.4375
single,sample_1056,9364,18724,235,25.04389954102157,31.614204522860533,348.5060375836766,134466.89585446924,133243.765625,137320.671875,4076.90625
single,sample_1057,9839,19674,249,26.657772702700406,31.600704984235236,349.4767222344251,134611.87852392264,133273.640625,137305.3125,4031.671875
single,sample_1058,10354,20704,255,28.166445752844304,34.004471911655926,348.4139389432075,134997.8231706949,132865.296875,137753.765625,4888.46875
single,sample_1059,10945,21886,261,25.417114653832893,27.535838647952858,347.92087368773787,134551.53307303562,133312.328125,137062.90625,3750.578125
single,sample_1060,8161,16318,207,31.790123663209318,30.422701375474276,350.98103112784725,135221.5511388004,133321.859375,138326.375,5004.515625
single,sample_1061,6984,13964,191,24.16735990327447,24.08130269751342,352.8412110027992,134505.86695258805,133321.96875,136800.28125,3478.3125
single,sample_1062,8952,17900,224,39.493987736837774,50.50751122778439,351.8216852845636,136474.79012022453,132844.4375,140748.34375,7903.90625
single,sample_1063,9515,19026,252,29.675540812142817,32.84983196800567,349.2303929961583,135140.38820776404,133124.515625,138460.734375,5336.21875
single,sample_1064,10214,20424,254,33.07394871910305,40.83052834137994,348.1669504809684,135135.1679480982,132739.953125,138498.25,5758.296875
single,sample_1065,9570,19136,245,24.602523009141887,27.58572475533103,348.7108135230713,134561.3833986416,133319.03125,137164.46875,3845.4375
single,sample_1066,10408,20812,261,31.425452725262307,36.978309130484405,348.41929167091456,134947.57365428036,133190.9375,138214.765625,5023.828125
single,sample_1067,10189,20374,250,23.393064220356703,22.739555167352762,348.0779557269404,134451.33149260233,133321.453125,136677.171875,3355.71875
single,sample_1068,9658,19312,258,22.135787843307444,21.92660660747652,348.8200026572567,134370.0579959619,133321.390625,136569.6875,3248.296875
single,sample_1069,9393,18782,244,27.95600973344367,31.678714929909777,348.78987662372197,134821.66184924945,133320.3125,138071.015625,4750.703125
single,sample_1070,9560,19116,246,29.16755320011321,31.4830376653785,348.90315860813513,135009.89826915532,133319.0,138122.453125,4803.453125
single,sample_1071,8711,17418,225,25.635867127280097,22.203835622719737,349.16490036947687,134735.43783183617,133318.046875,137451.78125,4133.734375
single,sample_1072,9326,18648,233,26.18333364929876,29.185359178886387,349.763780785221,134782.29732903978,133322.984375,137484.40625,4161.421875
single,sample_1073,10451,20898,259,18.075227228477914,18.646248370081103,347.784162933656,134072.47794469428,133318.140625,135938.078125,2619.9375
single,sample_1074,9039,18074,225,35.51874332177482,55.919550513441216,400.2061029753918,135817.32702214018,131908.125,140445.1875,8537.0625
single,sample_1075,8797,17590,225,25.37195216743681,34.13256845693229,349.79944178935625,134898.74379760146,132514.453125,138066.109375,5551.65625
single,sample_1076,9449,18894,243,22.28466164894533,21.999364863893316,348.5283960827726,134404.51362743412,133322.3125,136521.21875,3198.90625
single,sample_1077,11112,22220,258,30.407928722618205,37.06971493674242,347.9677375248707,134903.04658955408,132793.25,137971.1875,5177.9375
single,sample_1078,9629,19254,253,20.08143205122878,21.620563288889223,348.53057076885847,134206.0686370599,133318.359375,136134.703125,2816.34375
single,sample_1079,6039,12074,162,24.92278101830323,22.86964085933152,355.0245908995826,134623.0238165466,133320.34375,136909.890625,3589.546875
single,sample_1080,9001,17998,228,29.955756607080936,33.62430135879686,349.92448178125653,135155.72511214032,133320.921875,138372.4375,5051.515625
single,sample_1081,6486,12968,173,42.87727853477351,51.16089913085341,353.4052906278188,135870.1302492869,133321.65625,140513.90625,7192.25
single,sample_1082,6378,12752,161,42.496131658596916,47.46362027486597,354.3561380700459,135994.09722630525,133143.828125,140364.53125,7220.703125
single,sample_1083,9605,19206,246,24.221492681840637,29.293155180479026,348.761631561735,134435.0927918402,133319.328125,136959.4375,3640.109375
single,sample_1084,5929,11854,150,30.41576379586703,30.55198720223282,356.01296099419164,135081.8115460027,133321.953125,137822.890625,4500.9375
single,sample_1085,9691,19378,248,30.734336988565357,35.964560828865956,348.4385225616029,134989.8330054948,133323.484375,138360.703125,5037.21875
single,sample_1086,9497,18990,254,29.944242104402175,39.82958472721507,348.88832261460306,135188.57451859798,132830.859375,138285.5,5454.640625
single,sample_1087,9851,19698,268,20.077651597538992,20.440509980534646,348.11763163418004,134219.5013497995,133320.875,136218.015625,2897.140625
single,sample_1088,7354,14704,201,27.946870434874096,29.43610187791017,352.18949565440306,134796.5651728651,133320.171875,137562.21875,4242.046875
single,sample_1089,9223,18442,236,28.52686267022157,27.057563675985794,349.72733299396964,134889.2226261791,133319.375,137822.625,4503.25
single,sample_1090,6636,13268,172,28.326260956110485,21.8110268532023,354.02107779970856,135001.19941182566,133321.328125,137695.0625,4373.734375
single,sample_1091,8887,17770,225,28.90583065836467,30.11719973059989,349.92192603673544,135108.14041929223,133321.265625,138088.484375,4767.21875
single,sample_1092,11258,22512,266,35.492330644649016,53.86612268851483,423.5625221044718,135499.23419318485,131982.40625,139523.96875,7541.5625
single,sample_1093,9500,18996,254,29.595245514956204,39.244338704319944,348.8985716356971,135143.89478782896,133209.59375,138533.703125,5324.109375
single,sample_1094,10016,20028,261,34.757951785903494,46.17631602745638,348.60120739188784,135515.83955046925,132554.609375,138864.328125,6309.71875
single,sample_1095,8984,17964,237,30.208819911526746,37.89360120082718,349.11588669131646,135093.93661822408,132519.296875,138728.03125,6208.734375
single,sample_1096,10107,20210,267,18.80450048283377,19.81949432771755,348.1886600330939,134125.7675914589,133318.84375,136009.25,2690.40625
single,sample_1097,9019,18034,215,37.063686476287906,45.69183747873661,351.02297690258746,136036.28939946226,132795.203125,140030.328125,7235.125
single,sample_1098,11236,22468,260,31.99326198215062,38.524997534710664,348.0894518561757,135250.34689975303,132927.234375,138304.21875,5376.984375
single,sample_1099,11025,22046,267,35.64004824552259,52.478937631746504,392.7373024860815,135663.385085034,131894.09375,139202.65625,7308.5625
single,sample_1100,6310,12616,173,35.10056229041192,40.337030957795406,353.3656294200196,135261.08419423533,133233.09375,138822.453125,5589.359375
single,sample_1101,9565,19126,253,25.92803753529161,34.45653837972232,348.3928719754808,134755.5435343701,132875.921875,137396.78125,4520.859375
single,sample_1102,10715,21426,258,30.209925227620193,41.73697040705579,347.9486619444975,134967.54934233552,132652.421875,138041.859375,5389.4375
single,sample_1103,11086,22168,263,35.98292689675965,45.18691110511912,348.0826433243156,135438.91667136477,132590.015625,139149.078125,6559.0625
single,sample_1104,10269,20534,251,35.55011445669031,42.410321324593426,348.1249579621801,135623.1240535836,132674.390625,139111.703125,6437.3125
single,sample_1105,10400,20796,262,26.493078887179532,28.838126268938225,347.64605823953985,134645.96094350962,133125.140625,137310.9375,4185.796875
single,sample_1106,7146,14288,172,38.22811718927025,52.70557580262172,362.53290744273795,136221.4276124755,132707.546875,140030.71875,7323.171875
single,sample_1107,9356,18708,251,25.153191699455576,25.770698488066472,349.0463980442123,134595.4644830189,133319.984375,137052.125,3732.140625
single,sample_1108,10142,20280,273,31.864160358337482,45.195657750094085,381.6239536971012,135180.3499587113,132521.421875,138671.953125,6150.53125
single,sample_1109,6631,13258,190,34.81710030929018,43.48517171693166,352.0971707232202,135316.855376263,132914.875,139251.71875,6336.84375
single,sample_1110,6827,13650,189,24.16499194449028,19.56356165302846,352.14315946396266,134571.5030805991,133320.09375,136802.84375,3482.75
single,sample_1111,6098,12192,181,32.74735716892792,37.46313240146122,353.5576689748225,135054.47348003444,133321.046875,138364.265625,5043.21875
single,sample_1112,9571,19138,246,36.06715377241408,48.342309477756075,400.4193848226792,135893.3235865505,131946.578125,139975.90625,8029.328125
single,sample_1113,9279,18554,229,32.0951586166923,32.797485912769055,349.738764237325,135301.52702843788,133318.515625,138869.0,5550.484375
single,sample_1114,9570,19136,247,29.434089016158822,42.68959715158726,348.82191373363344,135190.5032245951,132544.125,138472.921875,5928.796875
single,sample_1115,6000,11996,157,30.031857046539667,29.796323990827922,355.06940216085206,134998.03155729166,133321.03125,137935.34375,4614.3125
single,sample_1116,10039,20074,260,34.22795489804545,42.622883092752325,348.9228862177897,135221.09493288674,132925.421875,138659.09375,5733.671875
single,sample_1117,7096,14188,172,34.93373976898913,53.56377787455887,392.26610937477517,135724.6636793616,131908.9375,139463.65625,7554.71875
single,sample_1118,5764,11524,143,27.02428852724916,21.10926225579702,355.9743980455837,134830.9436941577,133321.0625,137177.6875,3856.625
single,sample_1119,10598,21192,262,19.536469607355404,22.226562120488893,348.0182831440797,134149.054352826,133320.609375,136161.296875,2840.6875
single,sample_1120,9736,19468,257,32.824547834024294,36.18620872854034,348.87140852672906,135282.05863066198,133129.125,138932.609375,5803.484375
single,sample_1121,10786,21568,264,26.945157814024206,53.688189730415225,509.5317962958934,135028.60843338587,131018.859375,138420.015625,7401.15625
single,sample_1122,10728,21452,270,17.82479981587945,17.919322051335858,347.9185796569056,134058.2241535002,133319.40625,135833.03125,2513.625
single,sample_1123,9767,19530,260,20.931957865108743,21.01745463294427,348.06092690422486,134278.40518934935,133300.546875,136245.078125,2944.53125
single,sample_1124,9146,18288,245,30.50267711713217,32.7321567889611,349.34990180390304,135039.7170381861,133320.109375,138331.0625,5010.953125
single,sample_1125,8985,17966,220,34.30995407710629,36.530805866353,350.31731586672,135574.50023302727,133253.71875,139297.734375,6044.015625
single,sample_1126,9210,18416,233,30.74291880386311,44.49600538854256,390.9290207348328,135403.13153840933,131975.5,138980.328125,7004.828125
single,sample_1127,9487,18970,236,34.88025385496131,42.87195560713494,349.1439562790154,135717.414501423,133011.015625,139390.296875,6379.28125
single,sample_1128,9636,19268,251,28.2017804639347,31.211048999346648,348.31175239892116,134878.87407086705,133310.171875,137461.96875,4151.796875
single,sample_1129,10699,21394,263,29.95248128096185,40.42110327319406,348.146598808068,134690.00043082298,132529.96875,137879.40625,5349.4375
single,sample_1130,9728,19452,246,39.71548423784128,53.99657867425952,380.9666035118565,135857.48344822935,132511.8125,140409.8125,7898.0
single,sample_1131,9956,19908,265,22.95723377152582,23.062400675530714,348.30553105583886,134451.84927744576,133287.875,136663.265625,3375.390625
single,sample_1132,8726,17448,214,25.634289811619915,28.368675101999575,350.8665665574558,134592.82111470032,133311.34375,137563.3125,4251.96875
single,sample_1133,10274,20544,249,32.49952263462587,51.612701886600135,393.31832857257376,135370.95047419457,131821.84375,138978.90625,7157.0625
single,sample_1134,9204,18404,230,23.41105397665054,20.262947005342813,349.89337436937825,134545.9683934974,133320.8125,136817.125,3496.3125
single,sample_1135,9735,19466,242,26.1654168819001,32.01728387669027,348.19552237648844,134487.5124277735,133290.46875,137248.5,3958.03125
single,sample_1136,9779,19554,252,35.86891687299958,52.00321301821301,411.405729728256,135597.8499543026,132030.671875,139569.546875,7538.875
single,sample_1137,8423,16842,221,36.73021892581149,45.05947021504191,350.60588878281146,135877.23087268492,132919.5,139987.796875,7068.296875
single,sample_1138,10153,20302,267,21.272102994090016,21.738101835291392,348.2893635251795,134316.8266460652,133323.578125,136299.40625,2975.828125
single,sample_1139,9294,18584,239,21.796352104038306,21.530072578896444,348.58805460566265,134350.0657850495,133322.15625,136438.34375,3116.1875
single,sample_1140,9344,18684,238,31.269105362870416,52.840267693158026,474.4787041035143,135456.37451339094,131272.15625,139442.421875,8170.265625
single,sample_1141,6972,13940,204,32.67149424239265,42.1118663497042,351.6625860023839,135123.2901135793,132821.734375,138536.234375,5714.5
single,sample_1142,6925,13846,188,40.22443798273635,55.17248494513554,410.2090735001009,136138.31153429602,132536.203125,140497.8125,7961.609375
single,sample_1143,10369,20734,262,37.23346982842762,51.400561146744,360.1619163526088,135795.72086718824,132451.96875,139383.25,6931.28125
single,sample_1144,9420,18836,240,21.68742120206903,20.410018330852576,348.8441551501915,134405.83201134554,133309.671875,136543.359375,3233.6875
single,sample_1145,10444,20884,252,35.36232259843897,48.969472588732614,418.24481794305717,135485.66482849003,132115.015625,139300.0,7184.984375
single,sample_1146,9443,18882,247,28.30595878267152,34.81662709548147,348.50549086830506,134930.1876704305,133311.96875,137939.34375,4627.375
single,sample_1147,8493,16982,231,25.128402440299784,23.651511953746816,350.07436945408404,134648.4136954698,133322.046875,137163.1875,3841.140625
single,sample_1148,8850,17696,235,23.06646354446268,21.5823395964151,349.5353914438049,134470.31803495763,133322.0625,137320.296875,3998.234375
single,sample_1149,6645,13286,199,34.65077381242753,51.347206673457876,382.6514560000353,135523.47602755832,132168.59375,139348.15625,7179.5625
single,sample_1150,9950,19896,258,33.558778657417605,51.83290080793651,412.614443226256,135594.60926036432,132142.921875,139354.6875,7211.765625
single,sample_1151,6313,12622,159,36.486381904761934,46.10820988806638,354.3640783254271,135788.10299431728,133005.078125,139523.796875,6518.71875
single,sample_1152,9570,19136,252,30.253846770696427,35.0574349523,348.3537040141702,134992.1244889629,133320.25,138271.828125,4951.578125
single,sample_1153,8188,16372,227,29.03342879734211,37.355396728341645,350.24920302902166,135120.6348791677,132837.296875,138377.046875,5539.75
single,sample_1154,9506,19008,256,20.99407857936342,21.041345585399544,348.3000853369404,134256.68439998422,133320.71875,136446.25,3125.53125
single,sample_1155,10285,20566,257,24.11501265359765,28.75230739608131,348.3869738833822,134483.18702904714,133098.765625,136964.9375,3866.171875
single,sample_1156,9529,19054,255,22.31266062828349,23.594307107703436,348.1219783004804,134347.07095609454,133319.40625,136566.765625,3247.359375
single,sample_1157,9287,18570,251,26.939257918130142,29.92708471854213,348.8397592383964,134790.9675504065,133320.640625,137606.359375,4285.71875
single,sample_1158,9597,19190,246,26.324331082234288,32.30003969289109,348.611360068324,134724.09435891424,132886.234375,137433.734375,4547.5
single,sample_1159,7495,14986,201,34.88987422286069,42.754618800318305,351.682739344074,135414.30082138092,132902.375,139159.96875,6257.59375
single,sample_1160,10725,21446,264,24.96407361280361,28.580402229815853,348.58109300287913,134404.38881701633,133321.0625,136909.078125,3588.015625
single,sample_1161,10834,21664,285,22.71950533995459,32.496935629059216,348.1888950835329,134723.42412486154,132950.65625,137259.984375,4309.328125
single,sample_1162,10345,20686,257,26.744082975591713,30.102348439823874,347.8782060906582,134708.25136388352,133317.515625,137304.640625,3987.125
single,sample_1163,9818,19632,267,19.42649008271339,21.265268962004477,348.2151208387412,134188.15293020473,133319.78125,136063.59375,2743.8125
single,sample_1164,8817,17630,222,36.065639056401814,41.28745671917211,350.4516682871269,135781.3968275065,133305.6875,139652.59375,6346.90625
single,sample_1165,9604,19204,251,29.64211386136698,38.890247137872045,348.44602404013494,134866.52682638745,132674.703125,138076.921875,5402.21875
single,sample_1166,9523,19042,253,26.100961023103203,31.051170731631913,348.7375826786584,134847.2679893416,133208.890625,137599.3125,4390.421875
single,sample_1167,8033,16062,226,30.9902789045888,40.5216878865652,350.05590786022503,135303.20119934957,132786.90625,138942.65625,6155.75
single,sample_1168,8928,17852,223,32.79630004920958,42.05006932769422,349.81982494917577,135568.53276734712,132716.828125,139202.984375,6486.15625
single,sample_1169,6316,12628,168,37.19384453734249,39.66802015009645,354.6122726857347,135389.32577481793,133321.03125,139157.734375,5836.703125
single,sample_1170,6302,12600,167,33.817417930046815,43.68779234778145,354.51638884065744,135487.8240538718,132918.859375,138739.609375,5820.75
single,sample_1171,11166,22328,278,26.72011378556123,32.979423554240526,347.8196456362371,134686.13264597885,133151.28125,137422.796875,4271.515625
single,sample_1172,10157,20310,257,31.447861434082295,43.501872455829826,348.29504227811685,135057.3644007827,132755.1875,138393.78125,5638.59375
single,sample_1173,7178,14352,202,25.135486513504485,28.89361481803541,351.25519286643924,134654.50755781555,133157.546875,137063.703125,3906.15625
single,sample_1174,7943,15882,186,31.467961415182415,32.4053353714468,352.43520405035053,135290.9606886567,133344.34375,138759.265625,5414.921875
single,sample_1175,9421,18838,251,24.826604067167224,27.092650569299455,349.0670491366512,134554.86222601103,133321.5625,137312.015625,3990.453125
single,sample_1176,10367,20730,252,33.20792936114027,45.92783835586064,383.563017288435,135265.2700048833,132326.90625,138950.421875,6623.515625
single,sample_1177,9507,19010,253,20.77658810904435,22.123967323359775,348.4442941038338,134265.87811941202,133320.0625,136208.921875,2888.859375
single,sample_1178,9962,19920,257,22.077464531788575,35.75352581303191,348.4488244229586,134448.89662592852,132387.421875,137052.78125,4665.359375
single,sample_1179,6400,12796,175,27.710442404298238,31.629247071949308,353.73554046475465,134825.9341821289,133316.859375,137519.90625,4203.046875
single,sample_1180,10154,20304,260,21.378650571660682,24.817750580922098,348.4802128517667,134321.16353315196,133316.84375,136493.90625,3177.0625
single,sample_1181,9417,18830,240,35.978459038538524,51.65625620328329,349.4033789929004,135734.66063369438,132737.0625,139775.515625,7038.453125
single,sample_1182,9271,18538,221,29.796829390655446,29.00211930038707,351.1483408490382,135110.36715295006,133318.296875,138053.296875,4735.0
single,sample_1183,10104,20204,262,25.05214273691962,36.65008892152318,348.2371297977615,134634.3265198189,132246.78125,137290.6875,5043.90625
single,sample_1184,9761,19518,262,20.24069830159977,20.005126984815192,348.0447852241454,134230.4607846276,133320.734375,136209.375,2888.640625
single,sample_1185,6641,13278,162,43.26857544070973,56.32745947516142,428.1717940829969,136568.283913379,132475.96875,141267.234375,8791.265625
single,sample_1186,8860,17716,227,22.12095886818756,23.05086248737779,349.5882398643491,134327.07453442438,133320.984375,136604.765625,3283.78125
single,sample_1187,10574,21144,263,29.114830734434967,33.734208938455495,348.66258394507736,134906.96511490448,133102.671875,137676.5,4573.828125
single,sample_1188,6155,12306,171,32.11994307698933,32.146538258758184,353.3737138410152,135041.62675924046,133320.953125,138055.9375,4734.984375
single,sample_1189,11188,22372,259,38.70742102728038,59.01152802683847,548.8169299587145,136154.29538204995,131257.734375,140572.328125,9314.59375
single,sample_1190,5996,11988,171,27.156352661753907,24.23886602800643,353.5842134229957,134829.13374801952,133319.921875,137304.78125,3984.859375
single,sample_1191,7288,14572,198,23.353031732639348,21.77253395160851,351.68226790609634,134478.98276490465,133322.0625,136667.46875,3345.40625
single,sample_1192,10683,21362,263,20.274843892078547,20.824193158269196,348.0525310201075,134209.53282668727,133317.84375,136133.015625,2815.171875
single,sample_1193,10442,20880,271,19.320515944882054,18.44572747606453,348.4112142722142,134164.668159536,133315.75,136017.515625,2701.765625
single,sample_1194,10358,20712,255,33.2246923551409,50.594912749049705,354.21806292388544,135238.51073898195,132771.640625,139169.859375,6398.21875
single,sample_1195,5978,11952,170,35.80321677576232,55.57039346232692,373.2415371814467,135673.19259681331,131950.984375,139494.5625,7543.578125
single,sample_1196,9519,19034,239,35.289221893496276,42.60550233142486,348.7258137886197,135737.12286446843,132729.484375,139442.921875,6713.4375
single,sample_1197,9495,18986,245,23.471009027773484,26.1679156291281,348.4621443204896,134475.5945859663,133321.328125,136837.21875,3515.890625
single,sample_1198,10696,21388,261,29.23344786737575,37.915762751749234,348.1519208138153,134784.66734205544,132850.15625,137795.765625,4945.609375
single,sample_1199,8020,16036,211,25.263860399327957,23.308836565255014,351.3638096094827,134633.63895339775,133317.734375,136910.25,3592.515625
single,sample_1200,9681,19358,256,27.202946148435824,30.524899484038315,348.2489724055195,134686.84295269084,133322.546875,137905.03125,4582.484375
single,sample_1201,9822,19640,262,36.442554262795575,56.292398202886616,451.01959098485673,136088.33809782885,131848.921875,139902.90625,8053.984375
single,sample_1202,8448,16892,219,28.56139792791296,35.53513740530534,350.83469752179633,134970.57313121448,133081.84375,138166.40625,5084.5625
single,sample_1203,9671,19338,247,28.854930924843586,38.8961385029758,348.2402405715742,134928.59306980923,132679.125,138257.796875,5578.671875
single,sample_1204,9673,19342,248,22.55448648781835,22.21066209347964,348.67976198987367,134407.186886178,133319.015625,136565.796875,3246.78125
single,sample_1205,9506,19008,249,19.61420305715776,19.45128714851398,348.33414576228336,134182.10371574532,133320.71875,136526.921875,3206.203125
single,sample_1206,9203,18402,238,28.935273267093745,42.02988644668939,349.61488158745914,135053.7035749212,132430.734375,138423.59375,5992.859375
single,sample_1207,9070,18136,234,23.258786645777942,29.628036604443977,349.8853987544638,134588.10666000552,132885.171875,137152.859375,4267.6875
single,sample_1208,8414,16824,210,27.06509671722389,24.109318288964786,351.213248064613,134840.54112193963,133319.875,137780.140625,4460.265625
single,sample_1209,8718,17432,217,26.844546045332454,28.445534662232994,350.8356995130534,134897.76159777184,133321.640625,137459.640625,4138.0
single,sample_1210,6241,12478,172,35.20872049079521,38.4330615308845,353.88558936118466,135576.5929713788,133258.15625,138736.140625,5477.984375
single,sample_1211,9147,18290,251,24.003845344826072,28.02389076826936,349.01783082310914,134514.48575010934,133278.703125,137092.296875,3813.59375
single,sample_1212,10285,20566,255,29.07502657606026,41.44468948073826,348.386152397601,134923.8361676592,132669.65625,137788.734375,5119.078125
single,sample_1213,9612,19220,254,24.196002338554035,31.546999750561053,348.6379524997913,134515.97138830367,132984.75,137130.765625,4146.015625
single,sample_1214,9149,18294,233,23.539748322835912,21.139303389672254,348.86451139999093,134495.69387193955,133316.59375,136681.375,3364.78125
single,sample_1215,9563,19122,245,30.85368162641419,46.11306635204354,348.40718998856016,135348.0626029358,132076.125,138404.890625,6328.765625
single,sample_1216,6477,12950,155,35.11523335413079,46.874756006701375,369.2372285955082,135705.31934151612,132638.84375,139083.953125,6445.109375
single,sample_1217,8934,17864,231,41.22387831048658,57.73262900669383,434.33112577617743,136780.20810422263,131980.046875,141862.21875,9882.171875
single,sample_1218,9848,19692,257,25.81869032598114,30.862237876738668,348.49944506312636,134715.11769045747,133091.375,137169.171875,4077.796875
single,sample_1219,9650,19296,261,20.142661353481337,23.18921374128836,348.5411445619136,134227.49370790157,133318.953125,136174.421875,2855.46875
single,sample_1220,8987,17970,242,20.866021149820174,22.871080296563925,348.9214607039185,134270.6885831618,133321.40625,136455.046875,3133.640625
single,sample_1221,10236,20468,254,27.573861705712236,31.56763882466415,348.18415877762266,134879.67305191237,133036.171875,137460.171875,4424.0
single,sample_1222,9496,18988,246,35.8066207438555,55.10287416324782,462.12794538594693,135824.7577516191,132310.640625,139832.140625,7521.5
single,sample_1223,9203,18402,243,23.62100238703234,32.839776552211276,348.8764485128515,134670.206344059,132472.921875,137482.078125,5009.15625
single,sample_1224,9346,18688,244,24.544307427046974,25.110942809111066,349.1692475952249,134630.12369930986,133319.078125,137195.265625,3876.1875
single,sample_1225,6219,12434,169,37.047793518757445,49.19407545774278,353.7740383782982,135733.9643607292,133128.046875,139588.59375,6460.546875
single,sample_1226,9246,18488,246,22.872254334483223,21.850088411468203,349.35234506923604,134434.0701080197,133319.734375,136804.171875,3484.4375
single,sample_1227,11187,22370,267,26.278077117450596,31.5852098932478,347.8523308325274,134547.86064879995,132850.0,137238.0,4388.0
single,sample_1228,9864,19724,250,28.23219758560116,48.30252244940255,420.7311965592485,135031.07288023367,132004.328125,138519.3125,6514.984375
single,sample_1229,6391,12778,177,39.507177821784154,60.52535867009011,388.1550697036912,136020.98565854327,131717.3125,140203.84375,8486.53125
single,sample_1230,6706,13408,178,30.361734898497584,31.87594438706606,353.5081373957482,134958.0435896958,133321.546875,137953.640625,4632.09375
single,sample_1231,9234,18464,238,30.75711591239821,34.94969774868613,349.1905365291427,135008.13851831548,133321.5625,138333.515625,5011.953125
single,sample_1232,11319,22634,271,30.322949532305703,45.50932731748068,348.173304499523,135198.25873255148,132366.5625,138220.40625,5853.84375
single,sample_1233,11052,22100,264,31.521101854961373,33.988972146207374,348.36705861782525,135046.54470344735,133219.296875,138206.34375,4987.046875
single,sample_1234,8978,17952,226,26.659193743629757,28.134865413597222,350.0410902933795,134765.8604749109,133319.453125,137266.34375,3946.890625
single,sample_1235,9670,19336,252,28.60554600354063,34.00126519519321,348.5841773094991,134787.37379298086,133311.09375,138321.15625,5010.0625
single,sample_1236,9453,18902,242,34.50077255218169,43.5055678620572,349.0524355729353,135643.2264972099,132584.734375,139287.859375,6703.125
single,sample_1237,9024,18044,232,22.033422554043398,20.49133692576339,350.810630387785,134384.68461186835,133320.53125,136745.125,3424.59375
single,sample_1238,10046,20088,263,33.93643089803367,51.42060461113686,452.27080066868524,135284.15774157626,131827.09375,139156.0,7328.90625
single,sample_1239,9625,19246,222,45.40898556509252,59.157589694474474,415.91145271342634,137118.54006006493,132465.09375,142186.375,9721.28125
single,sample_1240,10199,20394,254,20.71022586999092,17.783664171952722,348.3390081851928,134315.8036556893,133323.5,136297.4375,2973.9375
single,sample_1241,9751,19498,243,25.45170508218322,30.959910232710428,348.4632805830873,134670.8085468798,133320.5625,137245.46875,3924.90625
single,sample_1242,10854,21704,259,26.01644902859541,33.80092562013502,348.21085375278926,134615.00632831216,133168.375,137340.21875,4171.84375
single,sample_1243,9207,18410,233,35.49696413082208,38.760984701745414,349.48674177462567,135671.01468142445,133284.015625,139730.015625,6446.0
single,sample_1244,6425,12846,186,33.256888037445215,44.97225917160463,353.2215966160665,135351.81185554474,132897.453125,138748.96875,5851.515625
single,sample_1245,9218,18432,247,22.331628047796002,21.554298395876735,348.55751512170195,134382.24193493708,133319.875,136750.171875,3430.296875
single,sample_1246,10297,20590,258,30.98671487169153,43.54432619151951,348.30405706599134,135109.54229387201,132871.953125,138519.65625,5647.703125
single,sample_1247,10355,20706,263,24.513269530592385,41.266588108777185,348.1070449524044,134624.81583474166,131856.6875,137404.859375,5548.171875
single,sample_1248,6035,12066,178,31.02264847644767,41.282948111344304,353.6611604474664,135192.4762013256,132632.40625,138246.078125,5613.671875
single,sample_1249,9497,18990,248,38.50527299959077,54.071290056003555,380.97195741403095,136247.22114384806,132358.140625,140813.8125,8455.671875
single,sample_1250,10207,20410,257,32.1452559467926,42.22300375372625,348.0683772863647,134966.09035925101,132814.15625,138424.203125,5610.046875
single,sample_1251,9690,19376,243,32.12118895535997,42.47997885902669,348.79831427392804,135063.51479618164,132735.390625,138622.921875,5887.53125
single,sample_1252,9999,19994,254,20.518973540814258,18.081242356797684,347.8824877257079,134271.1704389189,133321.609375,136225.796875,2904.1875
single,sample_1253,9922,19840,263,19.738223153677648,18.87052067414365,347.90368641171926,134204.8628300746,133320.1875,136153.328125,2833.140625
single,sample_1254,9502,19000,251,21.963234794786334,22.170305819798703,348.6868803242143,134346.340584548,133321.234375,136440.65625,3119.421875
single,sample_1255,9608,19212,245,34.40351370344555,51.995782177861244,424.05301997739576,135728.33958680267,131699.578125,139712.984375,8013.40625
single,sample_1256,10064,20124,259,30.91938936047646,45.24950749834172,348.6817501058751,135044.93559655704,132277.984375,138371.921875,6093.9375
single,sample_1257,9692,19380,246,38.12983892744801,56.15230925554681,402.8642290738666,135877.09055632222,132439.40625,139955.171875,7515.765625
single,sample_1258,10212,20420,259,19.76927963774696,21.195434419394246,348.1153897709151,134171.81168141647,133323.796875,136026.15625,2702.359375
single,sample_1259,9200,18396,241,24.952371728392908,24.02753952815198,348.8123091941713,134593.11765285325,133321.96875,137169.1875,3847.21875
single,sample_1260,9237,18470,232,33.891068530485704,46.60433328775461,349.82614258367096,135716.66042140307,132558.34375,139162.578125,6604.234375
single,sample_1261,9867,19730,246,27.166452470988446,27.794974038796337,348.6082217655993,134679.9439229249,133320.09375,137346.203125,4026.109375
single,sample_1262,9596,19188,266,22.196052585161244,22.598685216296587,348.414738009296,134358.56173633545,133319.796875,136599.296875,3279.5
single,sample_1263,10256,20508,265,27.457214569990313,37.39513394003292,347.9246752959814,134834.452639004,132681.40625,137673.453125,4992.046875
single,sample_1264,10384,20764,267,25.02043481903956,29.73837074711472,348.39218589888617,134656.59698665014,132780.96875,137085.09375,4304.125
single,sample_1265,7180,14356,172,38.14827729882146,40.10887913065901,353.37023342909595,135715.45163431406,133317.296875,139626.859375,6309.5625
single,sample_1266,9899,19794,254,31.095422663692208,40.80847945334599,348.39649218887826,135174.24129015557,132903.21875,138212.359375,5309.140625
single,sample_1267,10305,20606,266,20.02044784795924,23.10877014973278,348.0487767711188,134198.8146242722,133148.09375,136378.234375,3230.140625
single,sample_1268,8380,16756,215,28.34515711168899,28.868341369751015,350.9735838744129,134980.17304594273,133319.53125,137826.484375,4506.953125
single,sample_1269,6575,13146,205,36.82320982722331,56.944573117518175,411.64701777058025,135864.12066777566,131995.25,140141.484375,8146.234375
single,sample_1270,10553,21102,262,33.81723506583714,54.63707537411173,482.11681302879134,135585.45336782196,131994.71875,139162.9375,7168.21875
single,sample_1271,10439,20874,267,25.98322108602717,31.126026933895155,347.6053736463158,134498.60647421927,133042.34375,137247.625,4205.28125
single,sample_1272,10586,21168,262,18.487796018542042,20.03244224737681,348.29201106539625,134097.704831263,133318.015625,135875.8125,2557.796875
single,sample_1273,10026,20048,257,24.90722576786313,40.23762777682944,348.09845012678755,134785.99529660383,132201.0625,137653.5625,5452.5
single,sample_1274,9877,19750,259,30.437985840361733,35.194903576784355,348.48664177120355,134798.4841677635,133316.53125,137919.328125,4602.796875
single,sample_1275,11327,22650,276,23.326805860654787,28.86816495493646,347.71340924165827,134444.1156597621,132922.265625,136885.0,3962.734375
single,sample_1276,9679,19354,250,19.03309569562983,18.649421771688512,348.4564146011035,134146.41194531976,133320.5,135946.625,2626.125
single,sample_1277,9550,19096,237,30.719072416846547,35.63119715707268,349.5038179760453,135049.23873200262,133311.59375,138154.609375,4843.015625
single,sample_1278,9614,19224,255,28.598293427883135,45.464639651179,405.51558756766025,135122.3195291372,132089.140625,138203.15625,6114.015625
single,sample_1279,9270,18536,248,25.810750255203384,29.33118033173379,348.9800256404756,134593.00660227885,133321.46875,137262.8125,3941.34375
single,sample_1280,9421,18838,234,33.48089034858041,39.671599952121426,349.50293429410357,135430.50176965026,132970.21875,139316.015625,6345.796875
single,sample_1281,9298,18592,214,37.03978485028117,43.971289987908996,350.85272039251396,135964.00925266187,132971.015625,140117.171875,7146.15625
single,sample_1282,9293,18582,227,43.68292995246378,54.956023299039344,382.1393686409013,136500.55155594266,132552.25,141734.75,9182.5
single,sample_1283,10181,20358,253,22.573552724340306,25.648361532450295,348.00342200261593,134421.92254260386,133159.359375,136678.890625,3519.53125
single,sample_1284,10163,20322,254,31.835959931950367,42.141647562630915,348.3491098732414,135061.4838568828,132349.84375,138490.765625,6140.921875
single,sample_1285,5773,11542,147,36.601181401371235,58.871837048291226,450.09304379216695,135625.13088136585,132111.84375,139667.65625,7555.8125
single,sample_1286,10113,20222,255,38.31750499383384,57.608542415216945,492.12540032700537,135505.37978499208,131996.296875,140035.328125,8039.03125
single,sample_1287,11404,22804,266,38.87940597244396,55.111907276072486,380.93035148462747,135719.48411878507,131932.296875,139757.484375,7825.1875
single,sample_1288,9972,19940,252,26.111385673164943,32.54307037606512,348.50770054109,134532.56592051493,133251.90625,137349.0625,4097.15625
single,sample_1289,9649,19294,251,27.12575055668772,32.05564974344287,348.564224406042,134651.63863645197,133258.796875,137790.203125,4531.40625
single,sample_1290,8894,17784,231,27.8906579744043,27.816138539817917,349.6793433826339,134766.35724926917,133319.109375,137665.046875,4345.9375
single,sample_1291,9829,19654,253,32.78109105820973,48.984642464960295,348.75179676410016,135095.1063832155,132491.96875,138623.234375,6131.265625
single,sample_1292,11563,23122,281,26.016963758665046,29.154579993488998,347.90699898922725,134506.32081180273,133298.796875,137155.265625,3856.46875
single,sample_1293,10502,21000,263,28.15473812700571,42.83304457603164,353.39703171030607,135014.58427115073,132193.359375,137851.71875,5658.359375
single,sample_1294,9333,18662,246,28.42191694852648,29.105861300271215,348.9894562093839,135034.91140643417,133319.40625,137827.078125,4507.671875
single,sample_1295,9812,19620,260,21.2346476217379,20.21151124620837,348.4523707648179,134325.88729998982,133319.203125,136381.421875,3062.21875
single,sample_1296,6939,13874,170,34.67443760083364,40.354559978793596,354.47198124766624,135504.21311157948,133301.3125,138993.859375,5692.546875
single,sample_1297,7503,15002,211,29.694079807557653,28.221032778479707,351.15323102132237,134979.15278680195,133308.296875,137987.046875,4678.75
single,sample_1298,9888,19772,249,37.675441729769084,58.376337669157444,394.47330595619013,135771.09394278418,132264.734375,139943.421875,7678.6875
single,sample_1299,10168,20332,259,20.452409536585026,20.97506104321122,348.03723772477906,134231.61869806008,133324.34375,136188.515625,2864.171875
single,sample_1300,10254,20504,265,21.20610511399457,19.670830881721333,348.1758917800459,134324.876796555,133318.453125,136330.03125,3011.578125
single,sample_1301,6899,13794,185,29.153169748536865,28.250382536099657,352.03882372867275,134874.02010934555,133321.546875,137631.125,4309.578125
single,sample_1302,9161,18318,245,22.344373744742335,22.117322877928373,349.22292387646104,134416.55748383093,133320.703125,136588.609375,3267.90625
single,sample_1303,6762,13520,187,38.87386378232456,61.67773112755026,432.2061011555579,136188.48648236468,131755.875,140191.71875,8435.84375
single,sample_1304,9214,18424,238,33.34931498223034,43.160882241392834,349.4896338982575,135665.76035279196,133011.9375,139652.5625,6640.625
single,sample_1305,9326,18648,237,28.30556025947512,32.10803384368702,349.74968861850823,134974.9588247909,133321.234375,138183.296875,4862.0625
single,sample_1306,11271,22538,271,26.731371542290184,35.95994954345907,347.7788541007247,134712.8792046513,132832.375,137623.125,4790.75
single,sample_1307,9204,18404,226,24.55719139477449,21.543065062666308,349.9137686953261,134608.04145616037,133320.796875,136857.5,3536.703125
single,sample_1308,9969,19934,255,25.554380370484335,40.44069690839505,348.52902360212937,134767.81906253134,132366.8125,137631.609375,5264.796875
single,sample_1309,11498,22992,274,32.560425336888294,43.68598062207227,379.962010592161,135262.15026934032,132233.078125,138659.234375,6426.15625
single,sample_1310,7235,14466,197,39.17948487443531,48.63840327406267,363.5358889564776,136160.07001338978,132414.265625,140120.609375,7706.34375
single,sample_1311,11048,22092,270,37.92527398111457,55.17804731719521,428.66518719377024,135884.5079044284,132198.703125,139646.53125,7447.828125
single,sample_1312,9823,19642,250,33.76728718298247,46.010033930478926,348.83503221813436,135199.99142000917,132336.46875,138896.8125,6560.34375
single,sample_1313,10203,20402,255,22.23510962428303,26.792031890973522,348.6027914802536,134354.23668896404,132939.8125,136676.0625,3736.25
single,sample_1314,9485,18966,242,33.78758458806325,43.98901885845332,348.7558688934306,135535.251560029,132846.953125,138976.46875,6129.515625
single,sample_1315,9238,18472,239,24.476900890754273,26.58896352989476,349.0927331628988,134623.0900171168,133315.40625,137229.78125,3914.375
single,sample_1316,9535,19066,250,26.054059856071373,28.85063872702133,348.6358360877808,134653.5895762323,133320.296875,137328.46875,4008.171875
single,sample_1317,8771,17538,218,33.163206484049994,38.4289885479779,351.24758562034685,135244.68783134763,133309.296875,138959.71875,5650.421875
single,sample_1318,10907,21810,267,26.893507400801113,32.22349985634948,347.7542179285911,134722.74892844044,132877.5,137351.453125,4473.953125
single,sample_1319,9752,19500,249,37.637177544167436,52.37894339940155,398.9430089213545,136148.68388695907,132217.390625,140229.3125,8011.921875
single,sample_1320,10941,21878,262,35.41730688855335,44.21012754545277,348.04607971670237,135244.8036157001,133087.75,139101.59375,6013.84375
single,sample_1321,10247,20490,269,20.83556526971159,21.752992335135946,348.34207182106496,134275.99321142773,133318.90625,136263.375,2944.46875
single,sample_1322,8373,16742,209,29.56202933315492,36.65915358046134,351.3993087393859,135155.67389973724,133118.359375,138219.28125,5100.921875
single,sample_1323,9510,19016,248,22.007818101658728,24.915643383395864,348.6696329178707,134346.16521096215,133321.5,136703.234375,3381.734375
single,sample_1324,7204,14404,193,38.34225614862202,58.78664939058708,461.74312059381174,136066.5601597203,132528.546875,140347.984375,7819.4375
single,sample_1325,9249,18494,237,30.034879651818823,32.427891110858944,350.15807599727344,135122.47770029193,133309.375,138244.15625,4934.78125
single,sample_1326,8985,17966,226,34.67479202552441,41.74842076289961,349.8679467278019,135485.0631103923,133193.65625,139239.34375,6045.6875
single,sample_1327,10192,20380,257,33.9854110987599,48.03529731394697,348.3609470425485,135257.30808017318,132808.546875,138848.71875,6040.171875
single,sample_1328,10100,20196,265,22.940039518376725,29.689824290653785,348.5483182944694,134467.48551361385,132769.109375,136859.0,4089.890625
single,sample_1329,7803,15602,208,30.726783362875533,37.63248999135912,350.252310308293,135337.1265859285,133027.875,138459.015625,5431.140625
single,sample_1330,9716,19428,254,22.12616130773284,21.676458193884375,348.44400189880076,134384.4103122427,133322.0,136489.421875,3167.421875
single,sample_1331,7411,14818,201,39.57717378351067,53.61147392814075,359.385294717995,136195.79863758266,132660.53125,140658.71875,7998.1875
single,sample_1332,9476,18948,241,33.15133872496178,44.645410630657196,373.82155575789847,135514.97037087116,132478.40625,139041.875,6563.46875
single,sample_1333,5928,11852,161,33.84553514637591,32.98242678150502,355.2589201484211,135237.1016257591,133321.75,138302.65625,4980.90625
single,sample_1334,9730,19456,251,29.262103947552365,33.314451993421535,348.45437653038795,134776.94434737923,133322.515625,137834.953125,4512.4375
single,sample_1335,9496,18988,234,36.72389807232831,43.7484368816204,349.4992400985477,136101.46440112943,133114.984375,140165.703125,7050.71875
single,sample_1336,6479,12954,195,23.28227594507594,22.48702267826051,352.47745380835585,134478.79034428537,133308.875,136700.96875,3392.09375
single,sample_1337,9827,19650,256,33.93788478262945,50.014047602569754,385.55650940650264,135552.32798507938,132133.296875,139059.78125,6926.484375
single,sample_1338,6116,12228,153,35.293357368155036,38.104185265956154,355.4912488066589,135649.57849799705,133202.890625,138833.015625,5630.125
single,sample_1339,6059,12114,169,34.40980938061191,52.99188214934411,415.1575634638098,135561.96354080708,132166.546875,139402.375,7235.828125
single,sample_1340,8379,16754,207,29.228155301724673,33.283723289247966,352.87089950277397,135067.18628789234,133322.046875,138290.578125,4968.53125
single,sample_1341,9119,18234,240,21.607081745417837,20.853192274883334,349.2419250253585,134338.92599071993,133320.5625,136411.515625,3090.953125
single,sample_1342,8769,17534,235,26.629058697465283,26.898267097089743,349.7670309122384,134840.48766606796,133320.265625,137577.6875,4257.421875
single,sample_1343,8149,16294,215,30.43228689485332,37.73427944635367,350.95919533539495,135283.15453966745,132668.28125,138462.953125,5794.671875
single,sample_1344,9728,19452,244,35.30113665236686,44.84518236456753,349.0396521246471,135190.5219116211,133026.625,139206.3125,6179.6875
single,sample_1345,8705,17406,227,29.727269695763272,38.59536905034661,349.9468501847475,135203.4647275273,132796.921875,138684.515625,5887.59375
single,sample_1346,9575,19146,237,31.94450112600992,42.17819511050135,361.4405762485408,135268.3765355744,132376.296875,139099.09375,6722.796875
single,sample_1347,7663,15322,207,31.731989686675323,49.95453078537879,426.3124477614277,135494.53111338575,132078.296875,139193.140625,7114.84375
single,sample_1348,10568,21132,272,19.19712823676993,18.827318627338236,347.61377036928985,134159.02816728567,133320.546875,136010.21875,2689.671875
single,sample_1349,8644,17284,232,33.59012088216518,53.20008165822473,461.6165698328465,135785.88536484845,131915.140625,139740.5625,7825.421875
single,sample_1350,9788,19572,261,19.410965489794876,20.33215258479407,348.4834681272968,134164.24817059154,133323.21875,136200.765625,2877.546875
single,sample_1351,8771,17538,218,22.499237286438817,22.377460607175387,351.08846932569605,134409.67475736802,133321.46875,136880.75,3559.28125
single,sample_1352,9474,18944,255,23.99698424229015,35.87027559707617,348.61642595570083,134539.5605143023,132599.328125,137179.0,4579.671875
single,sample_1353,9349,18694,243,24.25409042709547,26.06536739853834,349.43163666426136,134491.21641853408,133322.078125,136829.125,3507.046875
single,sample_1354,6960,13916,196,31.813868713954655,40.717073171381,352.0858044313352,135217.89494881465,133320.453125,138824.171875,5503.71875
single,sample_1355,7755,15506,179,30.419483061042314,32.90787374053558,353.0283989920977,135254.4056697292,133246.1875,138224.203125,4978.015625
single,sample_1356,9030,18056,221,24.70932669707119,27.748287458960853,350.7942236717851,134663.15391403655,133293.046875,137163.609375,3870.5625
single,sample_1357,6930,13856,200,31.740486923708563,41.13664175561194,351.3444613681128,135334.41902507216,132815.71875,138784.34375,5968.625
single,sample_1358,9505,19006,243,28.806982389726574,34.19424241871474,349.20939209081496,134995.55470476064,133313.046875,138234.875,4921.828125
single,sample_1359,9228,18452,233,31.470824065726937,32.97548257244759,349.55397989546145,135232.09514859665,133105.734375,138433.203125,5327.46875
single,sample_1360,9458,18912,237,32.54199373181656,43.17086383951808,348.96708113502757,135512.16865847696,132876.078125,139407.609375,6531.53125
single,sample_1361,9174,18344,236,29.181914063473823,40.8851171673015,349.17961487347804,135197.18662797034,132480.5625,138430.921875,5950.359375
single,sample_1362,6821,13638,151,38.407190654211426,47.98338816761484,355.70646207620393,135704.88755085398,132787.46875,139844.71875,7057.25
single,sample_1363,9601,19198,246,26.637193109317668,28.185703497090866,348.4338480351934,134756.09307135976,133318.265625,137236.0,3917.734375
single,sample_1364,7721,15438,218,32.23205326312126,36.62000155991023,350.3073410134826,135084.2573682975,133321.96875,138711.265625,5389.296875
single,sample_1365,10908,21812,265,20.49675310294912,24.854204607396504,348.19116470184593,134250.62419783644,132906.640625,136369.453125,3462.8125
single,sample_1366,7775,15546,200,33.49282904402741,46.53329036109196,367.23069670222714,135470.81816117364,131968.078125,139240.328125,7272.25
single,sample_1367,9414,18824,249,26.164351125771827,24.370025365938552,348.639109692157,134834.994803285,133320.375,137808.859375,4488.484375
single,sample_1368,9409,18814,247,26.91538587189598,27.98450654581741,348.98787044328554,134759.59653323944,133321.0,137473.046875,4152.046875
single,sample_1369,9536,19068,253,21.885885274293212,20.367680769701824,348.82183295564437,134397.87632556888,133325.59375,136715.703125,3390.109375
single,sample_1370,9369,18734,238,24.804506672195817,24.696082478674388,349.0851266110342,134699.26551993276,133320.53125,137158.953125,3838.421875
single,sample_1371,8014,16024,210,33.96553274413694,44.511804339895015,351.21782959099846,135689.7495944597,132741.71875,139199.390625,6457.671875
single,sample_1372,10570,21136,252,28.56157182755185,36.039043045623885,348.01265940008665,134568.93020192764,133318.21875,137426.09375,4107.875
single,sample_1373,11201,22398,257,33.16016802683833,50.71892345578415,388.844201695597,135276.53699027988,132405.703125,138960.953125,6555.25
single,sample_1374,9546,19088,251,30.992132105741945,39.14758997897408,348.64371982564415,135111.01343985702,132840.265625,138284.75,5444.484375
single,sample_1375,11008,22012,291,21.643751178759747,23.307454221794,347.5864763471844,134302.4996366279,133206.25,136542.171875,3335.921875
single,sample_1376,9779,19554,258,24.074087762796477,29.64684411379785,348.1281385774662,134572.3758356555,132963.4375,137037.21875,4073.78125
single,sample_1377,9100,18196,231,30.13312583865282,36.58928000280001,350.2730727834447,135092.13929945056,132939.53125,139064.96875,6125.4375
single,sample_1378,7037,14070,195,35.30221846156197,47.36244539323678,381.1336538104918,135783.01611793024,132847.46875,139548.921875,6701.453125
single,sample_1379,9953,19902,256,29.991718825897692,49.87259149954765,363.59431003764024,135145.21848626042,131763.578125,138457.203125,6693.625
single,sample_1380,9669,19334,243,32.58628074825443,42.89373697405995,348.7963573858186,135204.7994767427,132961.59375,139204.234375,6242.640625
single,sample_1381,9215,18426,239,21.116379117007384,22.645967279109488,348.96720193249257,134296.0493183668,133318.59375,136373.0,3054.40625
single,sample_1382,9381,18758,248,35.33014909325825,51.99650820694519,348.783898256896,135451.7646306364,132327.015625,140111.0,7783.984375
single,sample_1383,7465,14926,199,31.560802894148384,44.432757874015834,360.1284993078791,135487.85152168453,132418.015625,138894.203125,6476.1875
single,sample_1384,8833,17662,230,24.08768299869842,29.9082233462603,350.7767899947519,134623.9418816512,133043.140625,137564.84375,4521.703125
single,sample_1385,10240,20476,266,18.61877310309987,20.71464067039384,348.2103089594636,134107.48664398195,133320.8125,135910.640625,2589.828125
single,sample_1386,9287,18570,244,25.829241768699163,33.33852896380224,349.4568807645571,134769.27753849467,132809.96875,137662.5625,4852.59375
single,sample_1387,9806,19608,247,28.61010212421029,40.99246035308761,348.222436730637,135015.5088036024,132942.484375,137963.375,5020.890625
single,sample_1388,11020,22036,277,21.93490060652441,22.780399752070103,347.87606147931723,134286.67053794238,133322.765625,136479.859375,3157.09375
single,sample_1389,10707,21410,265,23.984944654065686,44.24058656750093,354.82184634354525,134770.5616535911,131691.921875,137748.046875,6056.125
single,sample_1390,10414,20824,256,34.119779312876894,46.64455800006794,348.1964065635573,135381.42891480218,132486.03125,138854.96875,6368.9375
single,sample_1391,10329,20654,258,36.08580801799771,52.33389838488129,348.44196335452193,135448.9012473981,132250.21875,139304.390625,7054.171875
single,sample_1392,6488,12972,154,37.98864066569644,43.95193933194978,355.415605460015,136011.8285633092,133283.46875,139653.65625,6370.1875
single,sample_1393,8511,17018,219,30.355646424272088,34.90274173001417,350.4779517753118,135327.1721962754,133010.59375,138361.109375,5350.515625
single,sample_1394,7323,14642,185,36.88109727876087,45.329950532486876,353.3828626036463,135721.55693320703,132636.875,139542.359375,6905.484375
single,sample_1395,9753,19502,256,36.2009109491533,55.28822699701694,433.69393128168997,135816.04997180356,131812.34375,140165.453125,8353.109375
single,sample_1396,10651,21298,263,27.00069738346832,31.772716290499208,348.2930139069459,134734.37308410008,132700.921875,137432.578125,4731.65625
single,sample_1397,9848,19692,262,26.432162199687355,30.795091971166975,348.2381665539819,134719.93873756094,133126.125,137243.484375,4117.359375
single,sample_1398,11118,22232,270,29.248938857020324,40.06507553741295,348.19793954229664,134737.5311642719,132551.5625,137908.59375,5357.03125
single,sample_1399,10735,21466,261,30.460403859010498,47.31485043211785,369.2989507651516,135276.97619934793,132382.078125,138445.21875,6063.140625
single,sample_1400,9055,18106,245,32.26508411905402,39.71349471361276,349.27168006378844,135203.43349151022,132977.6875,138862.5,5884.8125
single,sample_1401,9408,18812,248,21.540429261570846,22.75303257391623,348.77757230733505,134351.2710874389,133320.78125,136668.296875,3347.515625
single,sample_1402,7076,14148,198,27.30348555409757,30.788994323277027,351.70488575799095,134795.1261195414,133320.421875,137888.640625,4568.21875
single,sample_1403,8341,16678,197,32.46551680766454,33.09706917491498,352.7689952731972,135251.5019350947,133324.921875,138560.609375,5235.6875
single,sample_1404,10816,21628,266,24.92425008191112,27.78075390010041,347.87598404547794,134486.20839497042,133243.9375,137005.078125,3761.140625
single,sample_1405,9579,19154,241,27.93105936742745,31.883502916997035,348.5170716330927,134905.60083581271,133319.15625,137755.765625,4436.609375
single,sample_1406,8643,17282,244,22.485604382193166,21.73747372663825,349.25668087022336,134392.3378330007,133322.234375,136614.34375,3292.109375
single,sample_1407,6450,12896,154,32.742524357838896,40.8010140449184,356.8890335355284,135316.77035125968,132747.03125,138498.140625,5751.109375
single,sample_1408,6779,13554,208,27.1496404237733,28.5604711414186,351.2481346864589,134681.8557747271,133320.078125,137729.96875,4409.890625
single,sample_1409,8196,16388,204,41.46199819424461,53.794144290718066,351.4167156915713,136389.04512681492,132713.5625,140981.859375,8268.296875
single,sample_1410,5940,11876,161,34.9376574549953,39.25699773017658,354.4250435112591,135440.3729955808,133322.015625,138726.703125,5404.6875
single,sample_1411,8990,17976,226,32.7037278995639,50.26552112767004,407.95979027358703,135663.17513209122,132092.796875,139783.96875,7691.171875
single,sample_1412,6831,13658,170,38.529434063898734,59.088279179937004,434.7320285948582,136190.31564512884,132297.765625,140319.0625,8021.296875
single,sample_1413,9298,18592,233,32.49319380207413,40.68454122646058,349.87913909386765,135567.8760435712,132940.828125,139384.875,6444.046875
single,sample_1414,6868,13732,194,29.331638723041287,30.298544755485285,351.99223343732285,134862.36486240535,133322.34375,137731.78125,4409.4375
single,sample_1415,10398,20792,257,24.861419370293792,33.1146214954445,348.2943890360491,134545.21675893202,132634.046875,137154.75,4520.703125
single,sample_1416,9081,18158,240,31.149778752208977,48.75837061417018,407.4909271124947,135488.55546608302,132054.703125,139224.90625,7170.203125
single,sample_1417,9626,19248,252,29.969524645836344,46.234750198276814,348.5465020819169,135125.50975872637,131981.890625,138424.5,6442.609375
single,sample_1418,10392,20780,265,23.132715397976934,34.74407194219654,348.3841554304163,134442.1626686995,132587.953125,137005.40625,4417.453125
single,sample_1419,9946,19888,262,21.00983301397694,20.43792020747114,348.2298669530895,134300.83227396692,133323.0625,136306.46875,2983.40625
single,sample_1420,9652,19300,241,29.27036405466347,33.171437407558486,349.22457702881206,134879.02544161832,133321.890625,137863.828125,4541.9375
single,sample_1421,8895,17786,230,25.420133367221453,31.489862502226174,349.6262832991614,134677.01543353006,132847.734375,137617.046875,4769.3125
single,sample_1422,9752,19500,236,34.145937474615074,50.443719349497556,413.1927898014451,135382.7345240079,132222.796875,139394.6875,7171.890625
single,sample_1423,9720,19436,258,32.391393026027856,43.465984158099346,356.9609219148191,135532.23509998713,132339.234375,138924.953125,6585.71875
single,sample_1424,9397,18790,240,29.30198146044319,33.04814452787683,348.9860740335467,135052.80017558797,133320.296875,138403.71875,5083.421875
single,sample_1425,9765,19526,256,32.280847089984434,43.96840355910203,394.4838145006719,135432.23229966717,132390.953125,139116.078125,6725.125
single,sample_1426,8093,16182,211,30.491639433351807,32.074161174296556,351.42624329686913,135160.11869053502,133234.8125,138205.078125,4970.265625
single,sample_1427,8120,16236,232,26.98837084463124,28.95892892944839,350.21579971578683,134853.4503617611,133321.296875,137473.109375,4151.8125
single,sample_1428,9677,19350,243,36.035393527771284,50.55233034905064,348.9706352714692,135642.0029467423,132802.53125,140253.03125,7450.5
single,sample_1429,10782,21560,262,33.34425068880645,40.02609436012611,348.1396659447607,135335.51685824755,132814.25,138668.21875,5853.96875
single,sample_1430,10867,21730,290,26.289543533804572,37.29432319923429,347.74758120278017,134734.92405620226,132374.015625,137459.03125,5085.015625
single,sample_1431,9091,18178,244,31.494746401525703,50.54109915055141,390.0957136141788,135309.04700734242,132214.921875,139108.546875,6893.625
single,sample_1432,8628,17252,236,32.490282514532055,48.98044489465476,361.584428453406,135437.05225537493,132088.296875,139151.1875,7062.890625
single,sample_1433,10412,20820,267,31.65751635772953,46.82758087085212,394.86085642974905,135425.46242916826,132145.65625,138754.328125,6608.671875
single,sample_1434,9536,19068,246,30.73894062960429,42.43062424893167,348.713792456813,135085.21915471632,133068.09375,138520.78125,5452.6875
single,sample_1435,9722,19440,247,24.886626818390113,27.06116911920733,348.8426770808571,134484.95600185147,133320.0,136993.15625,3673.15625
single,sample_1436,11387,22770,268,30.545952370506058,36.815043518952194,348.3094529740866,134764.65800227234,132932.6875,137937.359375,5004.671875
single,sample_1437,9400,18796,240,26.455409319554295,30.342206314778913,349.6195661306018,134772.827997008,133322.265625,137553.046875,4230.78125
single,sample_1438,9207,18410,234,33.459586007650564,47.205557950913985,349.5468096419958,135574.37690072772,133044.328125,139770.921875,6726.59375
single,sample_1439,9512,19020,233,39.037890203909534,53.420758006012264,350.79445937194936,136196.75788313447,132499.796875,140660.0,8160.203125
single,sample_1440,8360,16716,223,27.87708247673104,30.689529197980946,350.8265522536765,135053.3660530054,133222.328125,137742.265625,4519.9375
single,sample_1441,10008,20012,262,33.01181214380171,43.68294923102818,348.63240151283566,135454.2798604866,132875.515625,138586.09375,5710.578125
single,sample_1442,10992,21980,287,26.929321946523178,39.0555112062439,349.7588048026977,134874.69646674854,132408.484375,137625.59375,5217.109375
single,sample_1443,6162,12320,177,29.69694434057394,27.864935927015672,353.76171257381907,134904.0405560289,133322.40625,137673.96875,4351.5625
single,sample_1444,10504,21004,263,38.11561398615306,47.77339182604169,348.13388037929786,135487.25358643135,132856.9375,139394.59375,6537.65625
single,sample_1445,8785,17566,220,27.910098227880102,24.52713011728467,351.4763470136897,135003.12888268355,133320.8125,138089.296875,4768.484375
single,sample_1446,9597,19190,255,20.1607325594174,21.89743132103536,348.3486322460302,134262.18801122747,133319.640625,136218.359375,2898.71875
single,sample_1447,5980,11956,167,27.926054651750402,27.114642225986213,354.3534848632618,134810.74284071906,133319.03125,137249.328125,3930.296875
single,sample_1448,9856,19708,262,33.1808952058271,51.111068420706836,493.608373233775,135397.06603369775,132039.921875,139169.0625,7129.140625
single,sample_1449,10229,20454,255,21.661504649844137,20.388400719237602,348.1485874652476,134362.5970616629,133318.734375,136458.046875,3139.3125
single,sample_1450,10972,21940,275,29.870538449405853,40.67647710993579,348.52794374227216,134914.8063251914,132704.8125,138135.84375,5431.03125
single,sample_1451,9287,18570,216,29.003939086183426,34.31517351527914,349.5735687386163,135084.29233572466,133321.46875,138711.25,5389.78125
single,sample_1452,8649,17294,224,32.31423352405716,44.1112215350722,380.3568650020467,135564.7607833998,132398.046875,139082.859375,6684.8125
single,sample_1453,11227,22450,259,21.19333598110061,20.168710523117724,347.93379770894654,134298.32929405675,133320.6875,136322.265625,3001.578125
single,sample_1454,11344,22684,273,23.795929381637702,26.413626253551204,347.7206221723204,134488.97295651888,133145.046875,136833.125,3688.078125
single,sample_1455,11214,22424,254,23.279872015297443,22.673768349050512,347.53042852591074,134442.03988039505,133324.96875,136712.28125,3387.3125
single,sample_1456,9841,19678,245,26.750352964233613,31.27001022938053,348.37851050595003,134700.04019535615,133250.21875,137375.96875,4125.75
single,sample_1457,9584,19164,255,26.046418452768524,39.22112682670908,348.3994632962942,134841.39422801023,132226.4375,137574.40625,5347.96875
single,sample_1458,9992,19980,259,20.685628108040902,21.888420300463245,348.2728555004165,134259.2932502252,133318.125,136536.75,3218.625
single,sample_1459,9722,19440,259,19.602253138173392,20.316555967533706,348.2402454663979,134194.42465220633,133320.234375,136104.40625,2784.171875
single,sample_1460,9191,18378,256,20.756811317416727,20.96993684214675,348.90898517759877,134263.73149344468,133317.296875,136242.703125,2925.40625
single,sample_1461,9654,19304,251,28.09082892898701,33.87950982691227,348.9101309712767,134778.10391741764,133193.53125,137761.296875,4567.765625
single,sample_1462,6296,12588,164,36.62223063433771,44.52242654750349,354.9197305262791,135394.58731734435,132804.6875,139460.03125,6655.34375
single,sample_1463,9249,18494,243,22.044059434147723,21.33310054555619,348.57239075383524,134403.0803667964,133320.921875,136676.640625,3355.71875
single,sample_1464,9309,18614,243,23.264717855120313,18.92912688797108,349.2618631363176,134520.60169090398,133320.09375,136671.6875,3351.59375
single,sample_1465,7570,15136,199,33.24416041546334,41.17158548751084,352.53982371562375,135440.66067536327,132795.90625,138963.171875,6167.265625
single,sample_1466,9717,19430,261,31.313798172053392,41.58571193367483,348.9000628703581,135101.05353053927,132746.6875,138066.375,5319.6875
single,sample_1467,9353,18702,248,26.32706345670608,34.268407713624335,348.9265080834017,134691.50095724635,132558.015625,137456.109375,4898.09375
single,sample_1468,8908,17812,213,31.87778581187081,46.86031557507573,351.6216477627736,135670.77676140828,132418.0,139116.8125,6698.8125
single,sample_1469,10332,20660,262,21.226930376206028,19.883535365835403,347.9279909486999,134280.87048732094,133324.53125,136479.625,3155.09375
single,sample_1470,9977,19950,260,20.78461623756941,19.882126441582344,348.32808669793394,134279.29165204972,133322.671875,136301.421875,2978.75
single,sample_1471,10332,20660,264,25.98931882304089,33.10809328840795,347.95912190057464,134757.75040831883,132668.5625,137280.046875,4611.484375
single,sample_1472,10305,20606,252,31.04577392045628,47.735558096869426,378.30929441501166,135278.37416909268,132112.96875,138519.328125,6406.359375
single,sample_1473,10109,20214,264,21.467572142334575,22.361900147691614,348.055260574003,134358.9587341725,133319.4375,136317.6875,2998.25
single,sample_1474,9017,18030,231,33.05177738150579,46.861434752330375,364.61101487879995,135596.32185732506,132495.59375,139237.71875,6742.125
single,sample_1475,9175,18346,252,22.93163249232964,30.522292355499932,348.90769384350045,134454.69064032697,133319.25,137074.21875,3754.96875
single,sample_1476,10000,19996,266,21.421221727880237,21.130597755010577,348.3148554989905,134353.274065625,133324.140625,136437.546875,3113.40625
single,sample_1477,8952,17900,245,25.033028237063057,34.868947537121656,349.2281579809852,134896.0264623129,132549.234375,137543.234375,4994.0
single,sample_1478,8971,17938,241,28.44844542625018,34.110186574184304,349.4791405353633,135121.5577085191,132865.953125,138364.796875,5498.84375
single,sample_1479,10109,20214,256,31.05147065626698,34.749193155696574,348.31552268544255,134865.0665186962,133319.9375,138068.890625,4748.953125
single,sample_1480,9736,19468,248,35.382393153424985,56.71526999284124,500.800089522322,135684.2353234773,131809.625,139791.78125,7982.15625
single,sample_1481,9403,18802,253,23.009686989693925,20.975636627315758,349.01980822763784,134474.11511120122,133320.625,136719.296875,3398.671875
single,sample_1482,10332,20660,252,25.152862582698994,34.94451592959284,348.31501482214117,134356.81927053086,132790.328125,137279.953125,4489.625
single,sample_1483,9826,19648,253,34.67663691560465,46.4649094513587,348.4983878048117,135262.4017196087,132550.671875,139017.828125,6467.15625
single,sample_1484,9717,19430,257,37.82015931554049,55.48949821902829,410.01005483206274,135999.47396315736,132559.640625,139983.390625,7423.75
single,sample_1485,10312,20620,253,30.045438030554973,36.909374757222274,348.5548939047753,134860.94361090235,132879.390625,137858.59375,4979.203125
single,sample_1486,9492,18980,260,21.586065401566128,22.877457589747426,348.64418076642966,134350.40277668036,133320.859375,136534.09375,3213.234375
single,sample_1487,9848,19692,248,31.747493180774402,51.53588867560413,479.9977085292186,135212.17608270716,131689.71875,139066.046875,7376.328125
single,sample_1488,9897,19790,258,37.27218380386127,55.82747985064829,492.31254085557225,135634.2690098641,131834.75,139952.046875,8117.296875
single,sample_1489,9952,19900,256,30.86339198004354,36.29136027181585,348.2882694264953,134900.76606461013,132962.875,138080.546875,5117.671875
single,sample_1490,9148,18292,225,35.66313404372833,40.400098569827534,350.5252945910814,135758.92217390414,133134.21875,139613.625,6479.40625
single,sample_1491,10733,21462,261,32.77592217198404,52.97139390765059,479.9038291085068,135492.61922924625,131381.34375,138972.78125,7591.4375
single,sample_1492,7028,14052,174,31.78990238337748,31.129728475062624,352.9546162748811,135176.4972209377,133369.484375,138261.203125,4891.71875
single,sample_1493,9128,18252,253,26.467986369067553,27.821718443229415,349.8214279655765,134732.59132100406,133312.515625,137711.90625,4399.390625
single,sample_1494,9778,19552,266,20.38403834269986,20.24255026826934,348.3558149927489,134227.8117761173,133319.765625,136164.03125,2844.265625
single,sample_1495,9878,19752,254,26.061917776902796,31.252643077483036,348.7307756343644,134643.68378593845,133300.15625,137247.703125,3947.546875
single,sample_1496,10327,20650,260,24.705355617246067,28.533932399242584,347.9131547863777,134477.64761063232,133320.109375,136807.015625,3486.90625
single,sample_1497,9981,19958,259,29.869530163164317,36.123655766644106,348.03840326353975,135140.7114783714,132739.125,138136.21875,5397.09375
single,sample_1498,8762,17520,237,24.237401094954347,20.86525388133976,350.0836003283774,134591.42254194248,133318.171875,136927.765625,3609.59375
single,sample_1499,10176,20348,251,25.19979000965588,31.204399460199188,348.1977979463735,134546.6523007567,133281.65625,137224.28125,3942.625
single,sample_1500,10469,20934,254,27.27212824921686,36.67014318235416,348.23548192756624,134737.08042046757,132728.296875,137643.609375,4915.3125
single,sample_1501,10045,20086,259,35.9908977641915,54.49516948285461,350.228831090889,135608.40531358885,132520.890625,139161.46875,6640.578125
single,sample_1502,9946,19888,265,31.50629783905112,34.441473685422416,348.74766155129157,134957.0226080208,133319.453125,138058.578125,4739.125
single,sample_1503,9190,18376,242,21.053557164962214,21.16231079983193,348.7831264047739,134275.6820967084,133320.34375,136302.25,2981.90625
single,sample_1504,9266,18528,240,28.548753406494285,34.50247158537855,349.53643777814585,134947.58905710393,132882.1875,137926.15625,5043.96875
single,sample_1505,9365,18726,234,30.206948615505844,35.06750316677723,349.76993811293767,135159.6288707955,133304.875,138385.328125,5080.453125
single,sample_1506,9336,18668,241,35.220366018209894,47.74185785585058,371.13387376177394,135513.74588622001,132441.15625,139870.1875,7429.03125
single,sample_1507,9231,18458,244,22.556137384632432,23.722856890548414,348.9987072594924,134461.8733157973,133319.890625,136724.609375,3404.71875
single,sample_1508,9274,18544,248,22.030684191550115,21.17098411857628,348.9416161146257,134359.32733145083,133321.875,136595.953125,3274.078125
single,sample_1509,10271,20538,263,25.028892834523006,33.336810397983314,347.93360759607543,134718.86357067229,132475.984375,137331.40625,4855.421875
single,sample_1510,6365,12726,193,33.307507376969475,44.1176043296274,352.79378053669683,135424.20860418302,132909.28125,138839.953125,5930.671875
single,sample_1511,10266,20528,261,24.14882115488942,30.698524159646723,347.8708590562442,134577.55827336595,132904.6875,136981.8125,4077.125
single,sample_1512,10847,21690,268,28.916269949339124,36.49941184099377,348.0135249470205,134645.0515839633,133242.328125,137532.609375,4290.28125
single,sample_1513,10688,21372,261,29.984429841204864,40.93667061465784,348.01545745400625,134993.39098609422,132585.90625,138200.65625,5614.75
single,sample_1514,6852,13700,194,33.92850646685477,45.75388166404927,367.6665088723766,135571.38355817646,132247.0,139080.3125,6833.3125
single,sample_1515,8300,16596,208,27.78211726913353,33.43849774749951,350.99712486006325,134991.60143448797,133073.859375,137888.234375,4814.375
single,sample_1516,9601,19198,251,28.96996237516932,30.718120070695104,348.9902755853938,134958.93347535413,133316.984375,138093.609375,4776.625
single,sample_1517,9338,18672,238,26.230540756344624,23.98817074462589,349.5417205819175,134732.5152150487,133316.609375,137363.75,4047.140625
single,sample_1518,9843,19682,252,27.549511647324945,32.19850602298993,348.2273003912575,134943.37588578177,132956.25,137532.609375,4576.359375
single,sample_1519,7317,14630,210,33.84282291152005,53.502171965149714,434.4730302914843,135500.45067778803,131798.15625,139372.171875,7574.015625
single,sample_1520,8689,17374,226,28.261407272028485,34.57926014491767,349.6964600867259,135085.47506185982,132756.171875,138209.515625,5453.34375
single,sample_1521,10654,21304,258,28.875504243824906,35.09829373493206,347.9597857735863,134657.44810194528,133165.890625,137585.375,4419.484375
single,sample_1522,10980,21956,262,32.31644909359211,48.45197879018328,348.2697969554729,135405.00697432834,132311.421875,138577.59375,6266.171875
single,sample_1523,9666,19328,252,24.925566202986392,30.92097345806741,349.28112449494756,134621.0922595955,133307.09375,137163.90625,3856.8125
single,sample_1524,9023,18042,247,22.357982211408466,21.872439825331988,349.6292272839871,134377.60344743988,133321.015625,136625.203125,3304.1875
single,sample_1525,9284,18564,233,29.904408948504173,39.86425339077448,348.9437186015372,135276.94384997038,132977.203125,138989.84375,6012.640625
single,sample_1526,9425,18846,241,22.897448685858496,22.18228190058472,348.74142258982533,134433.23368534484,133322.46875,136565.78125,3243.3125
single,sample_1527,8998,17992,230,36.141766224911414,47.278739893847394,349.39912782640494,135916.45077378306,132650.890625,140104.703125,7453.8125
single,sample_1528,10044,20084,254,33.33885956982126,54.11345715076045,433.23358756182097,135454.4046212291,131987.03125,139234.046875,7247.015625
single,sample_1529,6862,13720,169,36.7260430157867,49.040474281160314,354.1408149533312,135665.32875801515,132979.890625,139609.515625,6629.625
single,sample_1530,9578,19152,256,26.087840962298216,30.94385774777371,348.48676517322093,134674.98370288682,133319.59375,137451.703125,4132.109375
single,sample_1531,9308,18612,251,21.859964830184676,22.025136274068633,348.53530803101177,134341.70898353567,133321.25,136596.96875,3275.71875
single,sample_1532,9976,19948,251,31.225842327647317,36.66796031473215,348.3802786676591,134905.6569187926,133297.546875,138377.875,5080.328125
single,sample_1533,7067,14130,191,29.19511444727447,31.058137700437534,352.00958071469546,134861.59752856588,133321.6875,137775.953125,4454.265625
single,sample_1534,9468,18932,239,28.118252988956247,29.42563593612852,349.20893054230373,134890.98877798903,133321.484375,137809.328125,4487.84375
single,sample_1535,10187,20370,260,22.197504501476793,22.464302395034203,348.03657223900547,134373.0092826642,133322.609375,136489.453125,3166.84375
single,sample_1536,10759,21514,276,31.043972413144065,41.74704964916047,348.2370267563064,134848.8565329027,132526.875,138075.65625,5548.78125
single,sample_1537,8049,16094,196,23.109721656529505,22.23131490349758,351.33473945410594,134437.9372825817,133321.359375,136552.171875,3230.8125
single,sample_1538,9012,18020,230,31.048070192483756,35.150417098142384,349.72102315565735,135071.67838368285,133317.21875,138756.625,5439.40625
single,sample_1539,10363,20722,261,35.326541587860326,45.40608235866314,348.2982768400637,135532.0719913997,132198.59375,139183.609375,6985.015625
single,sample_1540,9008,18012,195,33.61599803792703,35.55089168591995,352.35385196359016,135693.13643428063,133296.6875,139533.671875,6236.984375
single,sample_1541,9627,19250,246,42.007567946990946,56.80918299658469,426.90903931634324,136178.7797405734,132742.5625,141011.53125,8268.96875
single,sample_1542,9323,18642,227,27.070537161415064,26.759669919337256,350.2141385496189,134880.0369432452,133307.171875,137728.78125,4421.609375
single,sample_1543,10663,21322,272,21.73640800243892,27.54486476944249,348.084612587557,134323.77256635093,132999.390625,136470.125,3470.734375
single,sample_1544,10692,21380,268,36.48230397580766,54.22308980856469,406.23349209061246,135712.86609731574,131873.796875,139592.390625,7718.59375
single,sample_1545,9451,18898,242,32.863387467291155,45.43936613577266,349.2322831994137,135323.52113698286,132563.078125,139734.109375,7171.03125
single,sample_1546,9953,19902,257,25.97312892994339,35.97581545394773,348.55230837388154,134639.88201421683,132794.734375,137408.828125,4614.09375
single,sample_1547,9960,19916,256,23.833176385917355,34.07194228771369,348.4598151202332,134575.44564351154,132344.578125,137126.9375,4782.359375
single,sample_1548,11258,22512,261,29.697961583999533,53.20135208144951,417.85162929023096,135402.53544007594,131376.140625,138937.09375,7560.953125
single,sample_1549,6921,13838,196,36.249553724465414,51.520183927614134,424.3280522240334,135907.86576858474,131682.96875,139825.6875,8142.71875
single,sample_1550,10507,21010,259,28.777474506604786,43.67468319678629,374.62127519271615,135077.3821009208,132434.9375,138170.15625,5735.21875
single,sample_1551,8549,17094,223,39.26220815811792,52.95073645130764,353.1162655325271,135945.26911407767,132443.53125,140641.046875,8197.515625
single,sample_1552,9211,18418,218,33.08869824570107,34.344668297107575,351.16855556808736,135471.80354501412,133151.140625,139132.21875,5981.078125
single,sample_1553,9698,19392,256,19.939008989407178,21.838236497108525,348.414922951135,134263.67254201896,133320.5,136318.328125,2997.828125
single,sample_1554,8586,17168,210,31.82180029779554,32.48024999178858,350.70380516695377,135210.1718040269,133300.53125,138798.609375,5498.078125
single,sample_1555,7059,14114,180,27.958254901918423,27.874545612957984,352.3441638230345,134905.47745342823,133321.75,137668.90625,4347.15625
single,sample_1556,8868,17732,236,23.14635530996947,22.120963765264538,348.9613667716389,134469.9735618939,133320.453125,137068.390625,3747.9375
single,sample_1557,7752,15500,195,34.831097464036944,45.42904884410041,373.2920636440905,135736.5545504386,132678.875,139692.15625,7013.28125
single,sample_1558,9443,18882,253,21.993519714142696,21.47228730246829,349.68219338959506,134356.18857553214,133318.546875,136383.453125,3064.90625
single,sample_1559,9935,19866,259,28.40332961475782,50.813668327123665,385.1447568661632,135065.57818476346,131704.78125,138333.109375,6628.328125
single,sample_1560,9436,18868,229,33.42464432095681,40.235988488313325,349.5116095827564,135226.71172570475,133137.421875,138827.609375,5690.1875
single,sample_1561,10627,21250,261,26.063297982183432,32.101715101820844,347.8739695002858,134610.78838542156,132682.78125,137385.75,4702.96875
single,sample_1562,9944,19884,252,25.65962100706376,43.058892210545075,399.87138504268,134858.80883101618,131483.328125,137796.640625,6313.3125
single,sample_1563,6354,12704,159,31.99856564490997,29.838421348893508,355.1401107918532,135249.82073546192,133325.578125,138147.390625,4821.8125
single,sample_1564,9442,18880,260,21.908419809076438,22.847547754174716,348.7506887784951,134367.0071273962,133313.21875,136520.9375,3207.71875
single,sample_1565,11148,22292,272,31.90038814288384,44.09354022362452,347.85470576780347,135073.4183850242,132325.65625,138512.34375,6186.6875
single,sample_1566,8957,17910,252,21.10152206590922,20.68113548358826,348.9829889240199,134296.22678491683,133320.265625,136350.15625,3029.890625
single,sample_1567,5614,11224,149,26.14979208676271,23.0004122177539,355.8470278416081,134743.4482126158,133321.40625,137083.59375,3762.1875
single,sample_1568,9104,18204,237,24.47365149737554,23.518150435913224,349.1057566759759,134566.46454168498,133321.28125,137373.234375,4051.953125
single,sample_1569,9930,19856,257,33.09194657264103,45.33585541157571,348.42462921821743,135335.56534019386,132547.9375,138921.90625,6373.96875
single,sample_1570,8414,16824,201,39.66631828347573,49.50543151924776,351.70631765115326,136146.93057144343,133296.71875,141393.59375,8096.875
single,sample_1571,10403,20802,262,24.827638901575774,50.33112370792069,383.25541182263134,134747.4378124099,131520.625,138015.015625,6494.390625
single,sample_1572,10097,20190,261,17.959280260108905,17.871577939954705,348.00633795340894,134070.096437989,133319.515625,135847.03125,2527.515625
single,sample_1573,9566,19128,258,23.434703647183373,26.823717464401433,348.5423205214521,134480.01214914804,133318.0625,136798.609375,3480.546875
single,sample_1574,7514,15024,198,36.29788614155113,50.52601853319533,352.27123560379914,135961.80898156774,132093.265625,139868.234375,7774.96875
single,sample_1575,7100,14196,169,31.048210210592174,24.9580930558558,354.2349502182423,135119.1820202465,133328.75,138080.65625,4751.90625
single,sample_1576,9503,19002,249,19.582324619625158,17.409872780879258,349.011226174807,134206.9504071083,133319.984375,136177.375,2857.390625
single,sample_1577,9520,19036,249,26.20937594121191,31.878888619675187,348.4868317960347,134758.85123752625,132958.8125,137593.046875,4634.234375
single,sample_1578,9171,18338,249,23.331620355228647,21.729263028532433,348.81498041159693,134478.49783795388,133320.78125,136825.890625,3505.109375
single,sample_1579,9404,18804,249,25.72741401885252,27.54275566112604,348.7575758945338,134770.32140578478,133311.640625,137652.859375,4341.21875
single,sample_1580,6902,13800,181,30.742439818085217,36.35329488021454,353.0422406347323,134998.26296046434,133023.484375,138173.75,5150.265625
single,sample_1581,9398,18792,248,23.947586671964974,21.931647798817863,348.6925776395437,134513.57288951107,133320.8125,136751.140625,3430.328125
single,sample_1582,6400,12796,165,31.34300826671966,33.76093641096751,353.80917852837604,135218.4009814453,133322.390625,138212.609375,4890.21875
single,sample_1583,9065,18126,224,35.44646205636826,51.931250356514624,416.8414473853782,135825.46907060122,132492.59375,140115.9375,7623.34375
single,sample_1584,8167,16330,205,31.15130685845412,31.012665548720808,351.98102732933467,134975.23747627647,133319.953125,138202.390625,4882.4375
single,sample_1585,10555,21106,264,18.41242154833645,18.98215149275459,348.0590712221549,134088.4164643534,133317.46875,135878.703125,2561.234375
single,sample_1586,9805,19606,249,27.301272551653867,31.740027318523524,348.52829433894965,134608.20093542835,133320.78125,137461.3125,4140.53125
single,sample_1587,6891,13778,189,34.61773202924604,45.28738743528632,352.1514704691653,135686.64261582136,132914.703125,139187.078125,6272.375
single,sample_1588,10800,21596,261,22.557943645876183,29.505450694019792,348.4541371327839,134391.76030671297,132990.875,136682.578125,3691.703125
single,sample_1589,10224,20444,262,21.787608928606915,24.697478632476507,348.0446865644667,134336.96609387227,133164.421875,136435.109375,3270.6875
single,sample_1590,7684,15364,189,32.0340595540555,31.175292223218612,352.2196164038852,135157.16145765551,133355.171875,138616.65625,5261.484375
single,sample_1591,10836,21668,263,39.6036300750541,59.63427042801687,508.7075757580903,135874.55806311138,131805.90625,140635.671875,8829.765625
single,sample_1592,9635,19266,245,32.562261406644744,49.4975482858596,360.13198185498374,135375.39666255837,131852.75,139168.859375,7316.109375
single,sample_1593,9728,19452,266,19.567879279410793,22.60285486343748,348.233028560838,134169.25951024107,133319.171875,136108.609375,2789.4375
single,sample_1594,9528,19052,257,20.264041582677752,20.845377537497246,348.4911563973298,134243.19422524402,133320.53125,136216.71875,2896.1875
single,sample_1595,9121,18238,220,37.77923696670516,43.952840890310874,350.0386496189439,135847.74645221193,132978.484375,140061.953125,7083.46875
single,sample_1596,9581,19158,256,31.667119538878193,43.89662948787893,348.8228277900817,135376.96216959346,132410.5,138608.546875,6198.046875
single,sample_1597,9374,18744,237,32.13741620289972,37.553827822357,349.57008304336387,135224.73432499467,133222.296875,138921.765625,5699.46875
single,sample_1598,7451,14898,211,32.65073842173685,41.90476852552224,351.37379225745724,135311.9372777144,132598.71875,138905.875,6307.15625
single,sample_1599,7461,14918,211,36.78395255305806,55.41679542112288,389.9997422117955,135633.72336357392,131917.828125,139948.09375,8030.265625
single,sample_1600,7054,14104,186,35.764400398838774,47.62871165773274,352.19904501407217,135570.60882788134,132600.5,139546.859375,6946.359375
single,sample_1601,7415,14826,177,34.44762650945768,40.33306561618263,354.06494698832785,135426.1383492077,133320.609375,139092.484375,5771.875
single,sample_1602,9758,19512,248,33.91868191435242,46.63990122985834,349.16312179594433,135291.2341107937,132587.6875,138961.859375,6374.171875
single,sample_1603,10506,21008,252,31.28172952440874,42.62061016466235,348.4678745665518,134876.81025723397,132698.828125,138325.140625,5626.3125
single,sample_1604,8933,17862,227,28.99492404889522,32.901043295106895,350.0567395573476,134990.42286850722,133353.609375,138248.421875,4894.8125
single,sample_1605,8817,17630,230,23.084686143487367,20.25232790460142,350.3341229528064,134471.52920671712,133321.875,136819.40625,3497.53125
single,sample_1606,9906,19808,253,20.9247838783067,21.812258730599325,348.0463270103101,134283.84705449978,133319.34375,136336.234375,3016.890625
single,sample_1607,7966,15928,209,31.433615163401345,35.270830367880954,351.8177797500276,135136.64769802912,133320.328125,138425.046875,5104.71875
single,sample_1608,10482,20960,260,24.15997943742862,26.815715899046598,348.01057659678344,134415.38332677446,133320.734375,136851.875,3531.140625
single,sample_1609,9127,18250,229,27.695202669678274,28.844770468804203,349.2630797150129,134840.5161077709,133320.21875,138358.4375,5038.21875
single,sample_1610,6801,13598,180,39.76165395562885,52.24336593744164,353.39447466727887,136295.60970813115,132975.765625,140467.40625,7491.640625
single,sample_1611,9794,19584,251,33.749734466895724,43.47418257848414,348.8599537180973,135320.85452668727,132983.53125,138926.8125,5943.28125
single,sample_1612,9020,18036,231,22.601359878110546,22.93405945957773,350.0111927399546,134450.20007968403,133320.109375,136830.109375,3510.0
single,sample_1613,10418,20832,260,20.155057718277604,21.634711221748102,347.88015851640614,134221.66832045498,133322.484375,136322.703125,3000.21875
single,sample_1614,8489,16974,219,31.92917500873139,46.89470444745836,385.8165680825749,135543.89054401283,132211.578125,139207.65625,6996.078125
single,sample_1615,10333,20662,262,27.566498025297342,37.71796577369371,348.32903217054803,134839.76203214217,132745.859375,137789.0,5043.140625
single,sample_1616,9678,19352,248,30.809188754120495,43.059992364586414,348.59528484391404,135208.37695837207,132661.625,138446.765625,5785.140625
single,sample_1617,10119,20234,260,30.700132366383425,37.038092207948,348.2742696729059,135134.20755972675,132537.96875,138188.875,5650.90625
single,sample_1618,6774,13544,156,38.81018811113569,47.77287815136922,355.2895186674447,135855.63024523915,132918.59375,139985.6875,7067.09375
single,sample_1619,9719,19434,253,32.13027211413925,40.61131600444697,348.55012779856656,135318.32063483898,132691.640625,138704.8125,6013.171875
single,sample_1620,6153,12302,168,33.103155925613734,36.37846527392592,354.9352907850723,135079.98035511133,133311.6875,138531.296875,5219.609375
single,sample_1621,9070,18136,250,25.118804544161186,34.04493341290894,349.0787215475639,134791.4890607773,132859.234375,137564.609375,4705.375
single,sample_1622,9905,19806,252,22.171212939420677,28.20733703176828,348.1004387845431,134423.4656612822,132792.859375,136718.25,3925.390625
single,sample_1623,8939,17874,238,26.02782334371026,35.30373833569252,349.73377866970026,134959.61879999161,132615.75,137951.453125,5335.703125
single,sample_1624,9449,18894,246,27.056283693464266,30.25402688849048,348.69587994146775,134850.91880754576,133319.40625,137647.75,4328.34375
single,sample_1625,9958,19912,265,24.32021808746031,28.250328931470882,348.8935419716992,134432.9758454258,133320.234375,136915.390625,3595.15625
single,sample_1626,6640,13276,167,29.91824932257732,27.189994079273273,354.1321908841178,134951.38061464607,133321.125,137678.875,4357.75
single,sample_1627,5869,11734,157,33.1624027808736,40.26808615287033,355.3036323463224,135242.65271181206,133018.21875,138648.578125,5630.359375
single,sample_1628,6819,13634,165,35.24809290831061,43.43454212206123,354.77427119444275,135670.5072041355,132699.6875,139077.53125,6377.84375
single,sample_1629,9580,19156,259,34.570075118528244,53.005372085328915,445.7996714310917,135689.14939326723,132290.84375,139674.671875,7383.828125
single,sample_1630,9462,18920,271,26.197832643042435,43.808520946146814,349.1120174608597,134826.2108945651,131901.40625,137997.765625,6096.359375
single,sample_1631,6848,13692,184,31.362775315191435,36.69707733728746,352.0234523097091,135261.4932964004,132951.359375,138375.34375,5423.984375
single,sample_1632,8838,17672,224,29.220868588549795,33.928107225489754,350.1941684440918,135093.48380395735,133319.890625,138195.375,4875.484375
single,sample_1633,8644,17284,217,26.409120789495493,26.434729054538213,350.8399262684808,134724.57406148774,133320.703125,137372.65625,4051.953125
single,sample_1634,9341,18678,247,23.526232008402033,33.35449695635233,348.72876967557204,134561.1122587919,132430.953125,137352.71875,4921.765625
single,sample_1635,6251,12498,153,40.93712928412611,49.933331995573155,392.08701799082775,136027.06976633737,132829.234375,140279.859375,7450.625
single,sample_1636,9213,18422,245,23.672371515648578,23.070976406335877,349.77591427127413,134511.828501506,133320.734375,136810.671875,3489.9375
single,sample_1637,10627,21250,267,24.88022788826644,33.271620048267444,347.9083601032123,134561.00292739013,132622.84375,137104.640625,4481.796875
single,sample_1638,10966,21928,269,36.90077274718171,56.457606578421625,448.47790312821724,136112.14107383048,131663.671875,139830.421875,8166.75
single,sample_1639,10064,20124,264,27.202028432157075,27.696625468107033,348.93615208234917,134707.2182842309,133320.140625,137464.796875,4144.65625
single,sample_1640,9322,18640,237,29.470500017916375,27.390054878206122,349.2844517825029,135118.1596693306,133319.671875,138325.15625,5005.484375
single,sample_1641,9279,18554,247,28.967436195455548,35.899228536519395,348.9537460995941,135014.8132459721,132896.890625,137976.171875,5079.28125
single,sample_1642,6269,12534,182,24.957639162363872,22.4908240803406,353.2323739723471,134653.01286838012,133318.6875,137011.5625,3692.875
single,sample_1643,11002,22000,270,33.09652270786669,49.28227287344289,368.7752789738365,135326.39141888975,132462.25,138733.296875,6271.046875
single,sample_1644,9336,18668,246,23.458530615306653,29.75345410199748,349.5672237671724,134706.71040193873,132697.421875,137342.765625,4645.34375
single,sample_1645,10552,21100,260,32.79600916647838,52.17343465910438,369.76351711564234,135340.1968228772,132273.78125,138813.546875,6539.765625
single,sample_1646,9476,18948,240,26.179705201283088,30.507702845139107,348.6131078020878,134751.51016878165,133301.609375,137503.8125,4202.203125
single,sample_1647,9583,19162,257,23.142280911747065,25.68517339007808,348.41572505807034,134417.29341020557,133322.28125,136823.03125,3500.75
single,sample_1648,9486,18968,257,22.353500847982296,22.612962364235955,348.78560699330507,134388.17295553975,133320.9375,136553.484375,3232.546875
single,sample_1649,10475,20946,261,32.11722737417623,48.26274032882492,385.30171579659145,135461.78177953462,132291.9375,138838.546875,6546.609375
single,sample_1650,6617,13230,197,23.952520600058016,22.729116470993382,351.66837185393865,134517.86567269912,133315.796875,136797.4375,3481.640625
single,sample_1651,10064,20124,259,25.48838795282043,32.42997713303869,348.10829438267695,134646.1835518308,132931.703125,137238.90625,4307.203125
single,sample_1652,10493,20982,274,26.88540985025707,33.5565380565263,348.0285053089632,134701.40738468504,132895.6875,137407.65625,4511.96875
single,sample_1653,9329,18654,229,27.484481367979495,39.41214143768117,349.5042134674287,135013.04003309572,132286.6875,138071.59375,5784.90625
single,sample_1654,9197,18390,230,31.870010431326218,38.12586626388556,350.0161563655153,135474.95232140916,133047.421875,139126.0625,6078.640625
single,sample_1655,9702,19400,249,35.92680110032388,54.24810475023858,348.5080350727967,135739.89415519996,132049.703125,139492.21875,7442.515625
single,sample_1656,10211,20418,251,36.67743539588271,50.92603948209799,421.3893964361299,135472.1001462883,131877.84375,139659.484375,7781.640625
single,sample_1657,10284,20564,254,32.43034394623763,54.208010083144885,455.1473851168262,135434.3978525501,131501.90625,139089.515625,7587.609375
single,sample_1658,6335,12666,155,31.08682927427323,38.59849699233136,355.1032656048377,135225.8035418311,133072.28125,138577.765625,5505.484375
single,sample_1659,8978,17952,245,23.958158042185325,33.118529208132585,348.83724508060754,134545.0381696926,133277.15625,137442.328125,4165.171875
single,sample_1660,6871,13738,164,37.57094228931126,54.5665790229267,430.9906424998616,136119.9121920936,132410.125,140016.28125,7606.15625
single,sample_1661,6567,13130,165,47.20720124832914,57.89204449156048,355.06088181653985,137121.27997944265,132783.828125,141986.359375,9202.53125
single,sample_1662,9816,19628,257,33.02593984860519,45.56442187903569,348.56564441914946,135113.2703924078,132470.171875,138787.078125,6316.90625
single,sample_1663,10244,20484,266,20.916386821614456,30.74232192243062,347.87182866083396,134369.5729817454,132623.375,136780.0625,4156.6875
single,sample_1664,9314,18624,249,21.210563793268484,20.572535855134714,348.71332963481683,134321.28471252954,133321.0,136413.34375,3092.34375
single,sample_1665,9611,19218,255,32.29064222467949,44.90759209456963,364.8113833558522,135386.86890672147,132251.015625,138913.703125,6662.6875
single,sample_1666,10924,21844,254,35.227478275025895,51.09153187031959,390.4351954572517,135532.37551492127,132232.125,139544.296875,7312.171875
single,sample_1667,11050,22096,261,27.83684080178652,40.86425671889487,348.14504539437365,134701.83025311085,132413.78125,137816.46875,5402.6875
single,sample_1668,10030,20056,264,23.935363777552737,30.802467448563686,348.0801573752159,134518.60907433947,132846.15625,136890.90625,4044.75
single,sample_1669,10008,20012,259,29.353959296214356,34.51077938077866,348.56556496804455,135005.43095055205,133215.453125,137735.671875,4520.21875
single,sample_1670,9797,19590,259,27.047093209422822,30.44029986656065,348.2230119440745,134581.70624936206,133320.5,137488.0625,4167.5625
single,sample_1671,9534,19064,252,24.050575193997048,29.08731878065344,349.1127058716524,134532.76812755663,133231.140625,136935.046875,3703.90625
single,sample_1672,7872,15740,213,29.86242031624607,46.59780090657982,373.97668271192185,135329.55234930766,132074.421875,138827.921875,6753.5
single,sample_1673,8879,17754,233,24.253713140980395,22.101505988106545,349.5121333549242,134585.42067307694,133320.46875,136924.421875,3603.953125
single,sample_1674,10769,21534,267,26.650522925857537,37.39347491071237,347.8337926452782,134660.69275524653,132576.609375,137471.609375,4895.0
single,sample_1675,9422,18840,241,25.589388680006277,27.899204548389324,348.69646910672736,134678.49749257058,133248.5625,137168.171875,3919.609375
single,sample_1676,6985,13966,190,38.221831218773765,56.006485790326785,389.13953263616764,135604.1942935755,132321.921875,140159.671875,7837.75
single,sample_1677,9632,19260,264,19.820609982787566,19.795926655661702,348.3562807087956,134224.98033086327,133319.9375,136126.015625,2806.078125
single,sample_1678,8091,16178,202,33.40719863446659,32.6312091595151,352.6876496404295,135287.48264661353,133318.78125,139395.421875,6076.640625
single,sample_1679,10397,20790,255,25.0236110008115,33.673683423143856,348.2274874577794,134470.2416923151,132944.84375,137110.46875,4165.625
single,sample_1680,6694,13384,175,29.396438473695426,35.64068754332653,352.9913960413071,135123.57268169257,132917.578125,138083.703125,5166.125
single,sample_1681,10971,21938,274,22.558088625000398,30.602505998766787,347.8339305555491,134301.6482074902,133025.1875,136690.140625,3664.953125
single,sample_1682,9160,18316,245,27.877991371605635,33.81454144595498,348.66356970767237,134858.2279544214,133232.65625,137984.171875,4751.515625
single,sample_1683,9828,19652,252,34.65463246516762,53.73566514445783,383.93974886218314,135661.71515218,132403.640625,139247.484375,6843.84375
single,sample_1684,9483,18962,256,23.228267751948945,25.19399048067413,348.5592937877811,134459.44762502637,133321.65625,136685.578125,3363.921875
single,sample_1685,9691,19378,237,33.75705211518784,45.28059340904021,349.0425456515092,135379.71346481272,132841.75,138993.53125,6151.78125
single,sample_1686,7814,15624,216,29.513465605717066,46.6023797442042,356.795541640623,135319.2746552662,132117.828125,138781.765625,6663.9375
single,sample_1687,9360,18716,240,28.246149113573395,36.68858085960294,349.3838270613226,134921.693354367,132936.34375,138326.53125,5390.1875
single,sample_1688,8282,16560,216,28.594741209452405,31.347085892132334,349.8105367470413,134787.78484024087,133318.296875,137765.453125,4447.15625
single,sample_1689,9841,19678,242,33.93267908344589,42.06235777625326,348.84049410619053,135440.02424963165,132891.984375,138756.828125,5864.84375
single,sample_1690,9158,18312,245,24.87921170797368,23.85032133318834,349.52996855956684,134527.2908403172,133319.953125,137263.421875,3943.46875
single,sample_1691,9846,19688,249,26.705689330498362,30.751280201852722,348.13955218526684,134731.12112310837,133071.796875,137452.65625,4380.859375
single,sample_1692,9942,19880,255,23.830817132544357,25.857770185380836,347.99458333546687,134475.92711633726,133190.546875,136890.578125,3700.03125
single,sample_1693,9304,18604,244,29.288564564673756,40.532907655821695,348.90234133558977,134992.4911865864,132305.4375,138521.265625,6215.828125
single,sample_1694,5737,11470,166,26.349934318971716,27.002144360579855,354.07219253449364,134716.21724932457,133318.3125,137058.828125,3740.515625
single,sample_1695,9098,18192,233,24.257438290347583,28.479460084198113,349.63174151271716,134631.21172750878,133296.640625,137953.46875,4656.828125
single,sample_1696,11035,22066,271,28.745395450504674,34.40210509750316,347.9289556194492,134750.6841569438,133238.125,137747.03125,4508.90625
single,sample_1697,10394,20784,264,23.244822128430755,29.506733782198296,348.3131761922675,134330.85736362325,133318.65625,136734.46875,3415.8125
single,sample_1698,8651,17298,230,28.80988558006344,27.19642534295893,350.2380967087005,134832.55662820773,133321.703125,137688.984375,4367.28125
single,sample_1699,11248,22492,277,28.850697582564866,37.784009019577084,348.3471403476897,135014.23452085926,132636.734375,137784.09375,5147.359375
single,sample_1700,8706,17408,216,26.28923296525729,25.29621861020777,350.99070360328216,134755.28190507984,133367.078125,137409.96875,4042.890625
single,sample_1701,6170,12336,159,26.43804589476662,23.34549211907774,354.5798727041229,134799.503704923,133320.75,137078.53125,3757.78125
single,sample_1702,6869,13734,189,31.66028313192999,36.37935512329586,352.42132978710345,134976.67350824355,133313.015625,138507.359375,5194.34375
single,sample_1703,8010,16016,198,34.10806836202037,40.387802954405885,351.71911758488153,135530.1324048065,132785.328125,139187.28125,6401.953125
single,sample_1704,9573,19142,231,33.72952389793128,47.22031696909678,349.7027883891102,135745.1176518594,132340.671875,139499.796875,7159.125
single,sample_1705,10993,21982,272,24.997590510457346,31.020309351927757,347.89182904822997,134493.13210537386,133320.03125,136954.078125,3634.046875
single,sample_1706,9218,18432,247,22.408046013458293,23.327287926799972,348.53142100804007,134432.46299020937,133320.265625,136868.140625,3547.875
single,sample_1707,9003,18002,248,24.007010960157842,20.39414323803921,348.8671808971279,134587.6841139759,133320.671875,136984.0625,3663.390625
single,sample_1708,6502,13000,203,31.182345872166504,34.05255832221717,351.87232250425643,134926.53149271378,133307.171875,138231.484375,4924.3125
single,sample_1709,6115,12226,152,41.26398589095891,57.63684566265166,404.9014838682686,136437.81703546605,132333.5,140511.5625,8178.0625
single,sample_1710,10728,21452,263,24.631490254726334,26.578114887912818,347.9756894410556,134604.87525925148,133248.015625,136881.859375,3633.84375
single,sample_1711,9516,19028,242,35.27195460013129,51.398398113789106,389.7377139536277,135486.3167740516,131984.5625,140038.171875,8053.609375
single,sample_1712,8281,16558,206,25.91248769993341,21.537130605857076,351.87084668548937,134802.24089783843,133319.546875,137359.375,4039.828125
single,sample_1713,9961,19918,249,28.756921159081354,36.28020682423497,348.2436131016407,134837.3470660576,132893.6875,137713.125,4819.4375
single,sample_1714,10060,20116,254,19.24170407973577,19.138862819468965,348.1534851957885,134163.68456604125,133317.875,136003.078125,2685.203125
single,sample_1715,9951,19898,250,32.381179886563594,47.52710613728099,348.37745590608654,135196.84599694755,131977.875,138543.015625,6565.140625
single,sample_1716,8590,17176,211,27.95722196201957,29.956728172018867,350.7888386411945,135033.53459327706,133204.1875,137761.671875,4557.484375
single,sample_1717,6631,13258,168,24.95285291031609,20.613085623995914,353.3856400178145,134637.1506159516,133321.921875,137060.015625,3738.09375
single,sample_1718,9132,18260,215,30.050145483031184,34.410151425255535,351.4227956714924,135277.88335318113,133321.328125,138545.984375,5224.65625
single,sample_1719,10861,21718,266,31.758842265938426,40.440418101114815,348.2059669740368,135025.62867427032,132724.359375,138273.96875,5549.609375
single,sample_1720,10388,20772,258,18.67591109459806,21.072832336137438,348.071080619584,134089.09936645647,133320.828125,135924.984375,2604.15625
single,sample_1721,10288,20572,267,20.434312227107878,21.097608777330095,347.8950373294664,134211.0172272915,133323.984375,136121.421875,2797.4375
single,sample_1722,9281,18558,248,29.98074046006287,33.16180885406322,349.02874008315763,135180.4083476996,133320.71875,138301.25,4980.53125
single,sample_1723,9481,18958,249,20.20441684052486,19.500654857084267,348.9094642900634,134231.1012930466,133319.9375,136339.671875,3019.734375
single,sample_1724,8935,17866,231,24.10275769297107,25.889085869723775,350.08449262384494,134556.13365626748,133321.84375,137046.296875,3724.453125
single,sample_1725,8646,17288,226,34.55844889159179,43.1998836864678,350.11805269241063,135805.60846417418,133009.390625,139498.6875,6489.296875
single,sample_1726,9528,19052,232,39.571227273672285,54.18590902190666,363.51185619692444,136357.49762214,132306.96875,140431.671875,8124.703125
single,sample_1727,9957,19910,262,24.336227676709257,30.76504061915199,348.29233204728666,134470.79518021242,133178.328125,137067.453125,3889.125
single,sample_1728,8711,17418,203,35.758305719210185,41.08966346105802,351.99838109572903,135526.99402336127,133297.25,139532.078125,6234.828125
single,sample_1729,8932,17860,218,25.33190921772099,20.475073117576827,350.4627581435756,134736.3532523511,133319.6875,137144.3125,3824.625
single,sample_1730,9882,19760,252,26.272077595315537,32.34829241674878,348.2976586644662,134687.1655740867,132972.765625,137440.921875,4468.15625
single,sample_1731,8779,17554,212,26.188180844468935,23.73165059042736,351.03051886544404,134760.1877776512,133321.15625,137788.8125,4467.65625
single,sample_1732,7641,15278,194,33.2470004321609,46.46430433705452,353.17220523639725,135415.8795948665,132249.140625,139337.0625,7087.921875
single,sample_1733,8848,17692,207,33.47441046568811,43.421953796176986,351.40299761530275,135495.09888710725,133164.46875,139225.140625,6060.671875
single,sample_1734,9946,19888,264,20.804605916256918,20.716114231591632,348.0570936113078,134286.3268807812,133322.984375,136344.59375,3021.609375
single,sample_1735,11356,22708,264,26.968838727416905,29.90133437332212,348.2890766231247,134625.05112385523,133319.046875,137195.515625,3876.46875
single,sample_1736,9603,19202,235,35.04632811968569,55.84631212125672,380.2754207127957,135838.01843824846,131814.859375,139967.78125,8152.921875
single,sample_1737,9444,18884,252,28.282628800389016,26.858065299821856,348.9949825301981,134878.56730463787,133320.171875,138052.75,4732.578125
single,sample_1738,10410,20816,266,18.528361562349097,18.959288663879253,348.01085658401126,134097.70327509605,133320.4375,135957.078125,2636.640625
single,sample_1739,9275,18546,241,27.09941772142963,27.38968457385121,349.22233379489586,134892.60704514824,133319.734375,137662.109375,4342.375
single,sample_1740,6988,13972,178,28.924385877775823,28.047134406625606,352.60489142995164,134869.54136779121,133319.921875,137721.796875,4401.875
single,sample_1741,9475,18946,259,21.198892092882947,23.165820076012114,348.8776396316204,134310.11545679418,133320.265625,136434.4375,3114.171875
single,sample_1742,7274,14544,191,34.86375593385315,57.55597743744319,537.7250893963246,135628.62003582966,131378.75,139993.28125,8614.53125
single,sample_1743,8567,17130,203,37.44933542573923,43.28802660928823,352.0402889402467,136007.93251721724,132904.59375,140422.796875,7518.203125
single,sample_1744,7319,14634,189,37.807145969992284,45.77429298303775,352.3535686573697,135728.7085902275,132747.796875,139699.21875,6951.421875
single,sample_1745,10339,20674,263,32.05664154168351,46.964259484132256,383.48981562653006,135104.84396611134,132134.53125,138639.46875,6504.9375
single,sample_1746,9418,18832,240,22.232405696925625,22.400365764885937,348.4580579784053,134358.3605429762,133319.0625,136535.296875,3216.234375
single,sample_1747,9322,18640,239,23.106841545301066,27.715003294511156,349.2801736614814,134494.78624993295,133044.953125,136829.625,3784.671875
single,sample_1748,6622,13240,159,30.186302699157455,28.475499408796964,354.2842456045495,134934.60084047494,133320.6875,137699.65625,4378.96875
single,sample_1749,8120,16236,219,28.984903628676072,33.04435149470483,350.30630381829684,134940.34669989225,133238.90625,138110.515625,4871.609375
single,sample_1750,9457,18910,252,19.12442584364456,21.039699161728965,348.4246249465938,134167.19443269537,133319.375,136140.328125,2820.953125
single,sample_1751,9366,18728,240,32.26131427318067,36.9893614727243,349.4171781125763,135070.12090606982,133180.046875,139104.40625,5924.359375
single,sample_1752,6197,12390,164,36.64194473591657,53.58360056180832,354.1080681494458,135958.79958044214,132510.96875,139636.09375,7125.125
single,sample_1753,9846,19688,257,28.490382257750895,42.16995124511545,413.104608592338,134984.44375729992,131976.484375,138123.21875,6146.734375
single,sample_1754,9660,19316,242,33.39592191498026,48.96048462668707,406.0373189930519,135574.14776138717,132402.890625,139273.375,6870.484375
single,sample_1755,9621,19238,246,38.91725664166995,56.09344303748743,405.0310331916734,136200.56390318053,131906.40625,140462.3125,8555.90625
single,sample_1756,6286,12568,157,34.461110604309354,41.32443810731173,355.0469088724418,135649.24260260898,132838.9375,138714.984375,5876.046875
single,sample_1757,8781,17558,234,37.31829471943972,52.1698130914779,385.52141433652963,135882.97641213983,132338.828125,140558.125,8219.296875
single,sample_1758,9181,18358,228,30.67230028948998,39.53726566861862,349.46796875372377,135201.05123352577,133112.234375,138589.625,5477.390625
single,sample_1759,6469,12934,166,25.40591387400044,22.051023309891953,353.09087179360586,134583.16564577215,133321.390625,136952.78125,3631.390625
single,sample_1760,7462,14920,198,36.06467647138258,52.33972726899964,368.9514901255362,135775.16976011792,132355.625,139817.8125,7462.1875
single,sample_1761,10532,21060,264,26.76953624693137,38.8353143334838,348.21667518170625,134861.29016034465,132462.75,137605.0625,5142.3125
single,sample_1762,8516,17028,213,30.93634346068846,32.696071088344716,350.13103254813836,135130.2822279386,133298.296875,138548.4375,5250.140625
single,sample_1763,9568,19132,253,30.998983255159587,40.37197777794036,348.8686132596258,135061.10013848243,132652.5625,138458.5625,5806.0
single,sample_1764,7983,15962,216,32.24227817382516,43.12892964078253,350.738656756414,135304.13078768947,132617.0,138883.90625,6266.90625
single,sample_1765,10038,20072,266,34.70967137271494,53.884913194551125,422.2187977551699,135588.66293864563,132352.171875,139343.453125,6991.28125
single,sample_1766,8984,17964,221,33.2873847211834,48.806372289354364,414.92007006898,135702.72561985196,131824.109375,139488.8125,7664.703125
single,sample_1767,9568,19132,223,38.71744238147115,48.21289841967239,349.9750333767919,135843.8457749791,132880.921875,140028.8125,7147.890625
single,sample_1768,6932,13860,186,26.547665379616777,24.28513328157914,353.9193426225926,134710.97007988315,133318.53125,137325.046875,4006.515625
single,sample_1769,9764,19524,244,33.89194731780126,54.667814726184425,459.37187652807023,135801.53239739093,131915.765625,139622.671875,7706.90625
single,sample_1770,7621,15238,213,24.284522584188334,22.577925233940395,350.92620186532884,134570.69845861764,133321.71875,137003.234375,3681.515625
single,sample_1771,9733,19462,254,27.260982937959398,32.16376384944319,348.3043774427381,134789.2674310336,133325.15625,137598.421875,4273.265625
single,sample_1772,9989,19974,254,33.04673763905518,45.433494453604744,348.4271644979054,135186.14773751126,133105.71875,138678.21875,5572.5
single,sample_1773,9677,19350,255,24.486730722958455,24.680119410418943,348.75951788713013,134559.93464529296,133321.671875,136877.78125,3556.109375
single,sample_1774,9799,19594,257,26.42362562883572,30.43472148051035,348.1636035149531,134586.1115324268,133321.8125,137382.0,4060.1875
single,sample_1775,9378,18752,239,26.866589900432515,33.66529324925766,348.6908259210334,134828.52345416133,133139.828125,137715.21875,4575.390625
single,sample_1776,10424,20844,269,19.893270293130506,19.782418428623426,347.8125388814771,134207.49057913228,133319.5,136120.9375,2801.4375
single,sample_1777,10331,20658,263,23.829250692510097,27.514755042900724,348.4384358810855,134423.0552009728,133195.828125,136898.3125,3702.484375
single,sample_1778,10725,21446,292,20.127987752563342,22.101917182789553,347.8648776698293,134126.3113927739,133320.5625,136257.1875,2936.625
single,sample_1779,9286,18568,250,21.93690784016035,19.474312386891487,349.5687456206382,134390.21610320645,133321.546875,136812.15625,3490.609375
single,sample_1780,5528,11052,151,24.916927007390285,21.473163686617557,356.03342381739515,134633.09282290158,133319.765625,136859.390625,3539.625
single,sample_1781,9188,18372,234,23.51731665477259,21.110714235576793,349.8888233566737,134480.32758591368,133320.015625,136665.71875,3345.703125
single,sample_1782,9883,19762,262,27.567476776120245,35.86057898606158,348.45172483364337,134682.97304240867,132866.203125,137563.34375,4697.140625
single,sample_1783,11056,22108,268,23.145568791684163,25.916065789608325,348.2084209716361,134322.27365090224,133316.640625,136677.5,3360.859375
single,sample_1784,9229,18454,233,28.467084662091686,34.83654322739441,350.1968644727363,135143.9996343049,132994.59375,137986.59375,4992.0
single,sample_1785,9689,19374,253,21.219133596234286,20.874273399778982,348.7477979095352,134298.36191654197,133320.03125,136439.96875,3119.9375
single,sample_1786,9654,19304,252,19.97416265006085,19.29790622124981,348.5137587528995,134211.73971281335,133319.515625,136170.453125,2850.9375
single,sample_1787,10787,21570,263,24.95674931046146,39.05168522558336,347.9933112420289,134852.5756248841,132272.140625,137725.453125,5453.3125
single,sample_1788,7148,14292,199,32.42200860039326,37.73369000774248,352.3852669368904,135209.30343496433,133021.953125,138613.359375,5591.40625
single,sample_1789,10297,20590,258,27.331190956383633,30.066374175483578,348.31553190130614,134760.47723851606,133301.75,137354.953125,4053.203125
single,sample_1790,7870,15736,203,29.82264946037583,35.24375160012419,351.1809636239826,134977.63092042567,133319.59375,138165.71875,4846.125
single,sample_1791,8750,17496,226,26.657746893447378,25.259972460033808,351.1945248318784,134820.44740178573,133320.9375,137468.171875,4147.234375
single,sample_1792,7072,14140,176,35.071142953406216,44.94811244574218,353.78684104396024,135660.9318195878,133292.65625,139292.84375,6000.1875
single,sample_1793,8291,16578,225,36.550344849947834,55.26357153148219,489.6690418824617,136108.8913524454,131933.984375,140286.75,8352.765625
single,sample_1794,8911,17818,227,37.21770870108978,47.92207744317374,350.19164865455485,135743.23196751205,133049.90625,140074.859375,7024.953125
single,sample_1795,9507,19010,233,40.35655727109152,56.835443288841795,409.1243530119188,135914.22731276954,132051.390625,140814.34375,8762.953125
single,sample_1796,8909,17814,233,21.86205831819453,24.684889048198574,349.1633001147486,134343.15951390448,133320.21875,136869.46875,3549.25
single,sample_1797,9222,18440,238,21.797857851104236,19.84348208703339,349.9510249781801,134368.18902658045,133320.3125,136570.6875,3250.375
single,sample_1798,8217,16430,219,36.28228402608848,48.225708208433254,350.8801743897989,135655.66716677314,132581.375,139716.484375,7135.109375
single,sample_1799,9648,19292,252,32.5265471939584,43.38993860145893,348.858713102729,135265.92554156302,132672.234375,138623.984375,5951.75
single,sample_1800,8363,16722,206,29.46564609053572,26.799579334523905,351.8887593560407,135129.3306659542,133311.109375,138267.546875,4956.4375
single,sample_1801,9719,19434,262,19.288136629271058,20.51169180348391,348.52343420327554,134153.69864440785,133319.40625,136067.390625,2747.984375
single,sample_1802,9472,18940,249,23.62439925451281,26.252744827129945,348.8626059773762,134498.94966579127,133318.1875,136803.828125,3485.640625
single,sample_1803,9649,19294,249,33.80810946523888,51.00023621423383,377.9865862073664,135547.02881451446,131979.5625,139109.5625,7130.0
single,sample_1804,10762,21520,259,21.941481978522834,21.478474533065125,348.2936981437664,134300.97250017422,133320.640625,136640.40625,3319.765625
single,sample_1805,9768,19532,249,29.77892124748282,35.65827626545428,348.15678987277727,134959.77083653255,133316.046875,137854.53125,4538.484375
single,sample_1806,7259,14514,176,26.93197915475973,20.59864374141167,352.65818378208905,134930.56714294324,133317.65625,137501.546875,4183.890625
single,sample_1807,6495,12986,173,30.867156927421203,29.48094922600598,353.6817867333815,135108.35531899537,133320.703125,137873.5,4552.796875
single,sample_1808,5831,11658,169,29.584055031896035,27.43485038741674,353.9487255777367,134928.02760568514,133321.84375,137686.921875,4365.078125
single,sample_1809,11001,21998,267,31.402554638782128,53.47640929266551,487.9022419964049,135625.7900986274,131987.5625,139034.453125,7046.890625
single,sample_1810,8575,17146,217,40.48814465858106,51.481979833686225,360.87421929113754,136143.73707361516,132512.21875,140776.390625,8264.171875
single,sample_1811,5972,11940,180,37.0519826755505,44.434494002208645,354.17830246450706,135705.05634889903,132749.78125,139590.484375,6840.703125
single,sample_1812,8251,16498,226,26.159115992264052,26.826769762411455,350.0626798250757,134726.19347465457,133320.96875,137383.890625,4062.921875
single,sample_1813,10298,20592,249,30.465209335107314,36.25043295941043,348.1984515965675,134922.70886488882,133319.75,137882.546875,4562.796875
single,sample_1814,10142,20280,257,27.925282653069605,36.930335459842674,348.3023063865125,134695.83260667275,132629.59375,137619.875,4990.28125
single,sample_1815,9003,18002,207,36.09989359056494,36.1858846642779,351.95796452690524,135882.7898964234,133291.21875,140202.484375,6911.265625
single,sample_1816,9726,19448,252,19.3685669709521,22.87199300854741,348.3733591992739,134155.30747641632,133319.53125,136167.8125,2848.28125
single,sample_1817,10489,20974,274,18.54324005314492,21.10036712338639,348.0270285439983,134086.50459558822,133318.859375,135885.5625,2566.703125
single,sample_1818,9549,19094,238,35.52975743312459,53.72147284457036,498.371293251351,135772.92390073568,131579.546875,139828.5625,8249.015625
single,sample_1819,9970,19936,256,29.11739785350442,30.12398303720018,348.44594544484715,134866.0297689945,133319.921875,137608.015625,4288.09375
single,sample_1820,6886,13768,172,41.78609688308604,55.22304781251978,354.21214947384067,136425.4829227781,132739.671875,140801.25,8061.578125
single,sample_1821,9718,19432,256,22.807515726441938,24.768726867319813,348.7190244033047,134381.30635643908,133321.53125,136680.078125,3358.546875
single,sample_1822,9167,18330,230,29.99956707768208,36.761514264606284,350.0120954672506,135173.38019356114,133200.234375,138491.421875,5291.1875
single,sample_1823,11634,23264,268,25.963676207426772,31.91884844780605,347.680040461102,134522.68081162972,132709.0,137136.59375,4427.59375
single,sample_1824,9568,19132,244,36.80667568707171,51.279674007431375,407.67903639928636,135955.60255375993,132505.4375,140027.28125,7521.84375
single,sample_1825,6561,13118,165,29.901318390207066,24.755895557282013,354.07831990814776,135103.18906226184,133321.796875,137883.453125,4561.65625
single,sample_1826,10578,21152,259,29.994110111380166,35.07451865548758,348.2774139433288,135023.33158146625,133103.890625,137838.78125,4734.890625
single,sample_1827,9633,19262,248,21.070395145131176,19.99603716043158,348.5366648442857,134302.6982670248,133320.546875,136360.609375,3040.0625
single,sample_1828,9650,19296,253,26.87672560779114,31.303293677816377,348.5507435083534,134675.50290803108,133324.328125,137471.140625,4146.8125
single,sample_1829,9539,19074,246,26.333829334898713,43.061092738299976,404.44381195192096,134887.95071384578,131955.59375,137925.25,5969.65625
single,sample_1830,10082,20160,254,30.065225552998175,34.2333774132803,348.3323670839072,135061.70466549296,132998.921875,137919.796875,4920.875
single,sample_1831,6901,13798,182,33.51489002664749,40.7439915453404,353.08750589231187,135505.20488425592,132513.25,138818.171875,6304.921875
single,sample_1832,8209,16414,200,29.871112979643378,29.486764429191037,351.84953305326167,135007.67255451335,133320.65625,138040.375,4719.71875
single,sample_1833,10042,20080,262,24.392199979837738,29.47386512292011,347.8492661784665,134577.28353882444,133134.6875,137027.0,3892.3125
single,sample_1834,11089,22174,276,23.46630714756173,29.338937896912093,348.0470988178588,134353.7611723893,132759.671875,136705.34375,3945.671875
single,sample_1835,10342,20680,273,38.971018278609314,56.351198080486704,382.454575395145,135929.81927002757,132237.0625,139669.5625,7432.5
single,sample_1836,8445,16886,208,28.287968487617892,31.089332797283593,352.06883351803026,134999.28369227354,133006.359375,137897.75,4891.390625
single,sample_1837,10074,20144,251,30.04658789533845,39.04424598480626,348.64262352003885,134981.30118684238,132716.390625,138208.859375,5492.46875
single,sample_1838,8313,16622,219,25.102410222451038,26.105326950086983,351.11177638650213,134635.0236846656,133320.828125,137116.21875,3795.390625
single,sample_1839,10426,20848,260,20.709851737875194,20.137262243013016,347.9176647309394,134239.04148433005,133319.59375,136259.5,2939.90625
single,sample_1840,9218,18432,243,31.60282071520024,43.464190574305675,370.9749135038381,135380.83733930896,132487.109375,138882.109375,6395.0
single,sample_1841,7094,14184,201,30.494315580230534,50.2971596092569,361.85564038180746,135337.68130638567,131903.96875,138838.359375,6934.390625
single,sample_1842,7196,14388,187,29.469079864052734,36.83150818026697,353.3221640047672,135023.26545997776,133243.265625,138038.71875,4795.453125
single,sample_1843,9701,19398,236,41.17017980026081,55.14510512149452,358.5009875772304,135973.72921122823,132545.421875,140575.953125,8030.53125
single,sample_1844,9409,18814,233,28.038098792102183,34.72681874745006,349.0688954682651,135002.47758960834,133138.125,138341.421875,5203.296875
single,sample_1845,11232,22460,286,25.329731891229383,30.811672963457493,348.40526107206426,134557.52097940037,132981.96875,137084.703125,4102.734375
single,sample_1846,11045,22086,272,24.056165090084605,32.7471434782923,348.0614562938505,134432.9028788479,132624.25,136859.578125,4235.328125
single,sample_1847,9636,19268,262,21.249271563554096,21.058492456782993,348.7629107460784,134302.64583981942,133320.28125,136262.984375,2942.703125
single,sample_1848,10263,20522,246,28.133095305322655,48.04795471091449,440.95537219813457,134963.19393086818,131838.96875,138284.40625,6445.4375
single,sample_1849,5679,11354,159,25.318735584104083,22.98227165698133,354.9492947730108,134643.455991922,133321.46875,136920.125,3598.65625
single,sample_1850,9204,18404,249,32.3484083882919,35.69537682483699,349.06197384704325,135374.72980667374,133284.53125,139009.828125,5725.296875
single,sample_1851,9300,18596,237,22.55433362856416,19.55236270079635,350.0224798490262,134414.25849462365,133321.359375,136683.671875,3362.3125
single,sample_1852,9610,19216,246,31.40342900341811,49.59170847623928,377.2065051853771,135342.20553947712,132207.21875,138558.359375,6351.140625
single,sample_1853,7358,14712,191,28.538828054270063,34.63136150852056,352.5397822175154,134847.3405498267,133083.578125,137802.46875,4718.890625
single,sample_1854,8450,16896,217,21.843804165057268,22.265347840928033,350.2854286313031,134328.92807322484,133312.4375,136454.609375,3142.171875
single,sample_1855,9227,18450,242,23.835519900902693,31.9342324238606,348.77434922151,134553.11408434485,132994.578125,137159.625,4165.046875
single,sample_1856,9057,18110,245,27.60162292629886,31.140076395006897,349.08290137844784,134880.61293405652,133322.875,137953.6875,4630.8125
single,sample_1857,6518,13032,163,30.42024095042105,26.92896609067596,354.55482203585564,135101.5319643679,133321.109375,137835.203125,4514.09375
single,sample_1858,10172,20340,257,23.073313081770014,30.513795221106022,348.06569162204545,134284.4005880112,133103.375,136841.65625,3738.28125
single,sample_1859,9847,19690,254,28.570360424256144,51.55884199870413,427.29514924276583,135213.10571589062,131317.59375,138521.890625,7204.296875
single,sample_1860,9551,19098,255,33.081207631584434,43.779825433485215,348.9374213599326,135439.7098520443,133079.71875,139268.515625,6188.796875
single,sample_1861,10730,21456,269,28.510565429253404,35.26249882427423,348.2570926590297,134847.76685694314,132997.96875,137784.625,4786.65625
single,sample_1862,9233,18462,237,21.524158364262043,22.206868906281386,349.18695424113355,134303.3771102973,133311.90625,136347.375,3035.46875
single,sample_1863,10059,20114,255,37.32676026513093,56.641529862493776,452.369211777363,135524.07551073664,131975.90625,139788.703125,7812.796875
single,sample_1864,11168,22332,277,32.81419944587793,55.57345928260237,506.96953921658695,135595.7677474145,131373.390625,139095.859375,7722.46875
single,sample_1865,8916,17828,195,40.71509395255198,47.26383255826342,352.2083758197609,136600.36035112437,133093.34375,141597.328125,8503.984375
single,sample_1866,9157,18310,242,19.786494462754067,21.166939821252267,348.56595611431845,134186.74224466254,133319.40625,136136.25,2816.84375
single,sample_1867,9285,18566,251,27.329452783236896,27.256009198249235,349.0479880537752,134732.45318894723,133318.828125,138001.765625,4682.9375
single,sample_1868,8738,17472,237,26.62584720513079,27.210188073836854,350.0740620690372,134667.8570074674,133320.890625,137362.078125,4041.1875
single,sample_1869,10651,21298,260,36.49897275197206,52.23928020285927,400.33035579551677,135739.52411158578,132308.75,139450.203125,7141.453125
single,sample_1870,10166,20328,266,31.385505379994253,46.95260901280782,396.145711140846,135178.4906382181,132499.421875,138719.59375,6220.171875
single,sample_1871,9597,19190,253,26.080420747328677,28.759979262280414,348.7205908925073,134665.38013669636,133225.5,137301.203125,4075.703125
single,sample_1872,6205,12406,154,30.38883571407333,27.927440411714436,355.66668395154295,135071.51236905722,133314.046875,137844.3125,4530.265625
single,sample_1873,9712,19420,246,30.718156635737586,42.81307426794412,379.9263864503601,135108.4267578125,132246.796875,138477.875,6231.078125
single,sample_1874,9248,18492,248,32.67225451873682,48.69044274916723,384.97234556215994,135468.21260677985,132418.265625,139627.21875,7208.953125
single,sample_1875,9185,18366,235,23.690430576612755,27.1139683785025,349.8109585434253,134529.01636669843,133302.625,137278.703125,3976.078125
single,sample_1876,10926,21848,267,32.92174119673155,47.37896740255497,385.9160320639702,135424.37736534415,131983.3125,139003.984375,7020.671875
single,sample_1877,9344,18684,245,29.17479860417088,33.06282976256287,348.80094526942156,135080.70154310254,132997.390625,138142.078125,5144.6875
single,sample_1878,8981,17958,246,37.46236996112424,56.90905847238693,433.6237439598583,136301.17926734217,131771.03125,141008.296875,9237.265625
single,sample_1879,9032,18060,230,30.328732991310105,36.61933306249826,350.1927686740059,135220.42069170726,133266.09375,138621.046875,5354.953125
single,sample_1880,6323,12642,169,38.50749341095735,49.37916160961582,353.8892375203445,135843.78893029416,133043.140625,139935.96875,6892.828125
single,sample_1881,9924,19844,259,35.51497341043797,53.93117915630531,428.8626415092202,135719.39745660772,131801.734375,139589.640625,7787.90625
single,sample_1882,9270,18536,227,42.12970293576968,51.27162379027045,349.6308299573424,136328.294634911,132732.125,141423.5625,8691.4375
single,sample_1883,10264,20524,267,19.621027339481028,22.23344923929486,348.1053260723627,134149.2638104053,133319.765625,136114.3125,2794.546875
single,sample_1884,9545,19086,248,30.77478441031971,36.63371811375851,349.1972650136087,135054.59969224726,133249.875,138253.0,5003.125
single,sample_1885,9068,18132,230,26.33900119938068,32.4219974768822,350.71275393907234,134798.00396828132,132616.203125,137719.65625,5103.453125
single,sample_1886,9642,19280,261,19.950370018871148,20.93144324735982,348.5201574665846,134207.71779227597,133319.15625,136118.03125,2798.875
single,sample_1887,9534,19064,256,25.548648644888615,30.78921765472403,348.4439734963869,134686.5873698736,132785.90625,137453.859375,4667.953125
single,sample_1888,9235,18466,233,22.017735580223476,20.10936606023889,349.39083524741505,134369.06620871683,133320.96875,136622.484375,3301.515625
single,sample_1889,7184,14364,175,31.24531778205195,32.70105796270544,353.64775187414847,135257.23805287792,133315.3125,138140.9375,4825.625
single,sample_1890,9211,18418,230,31.135757659662264,30.3871721708717,349.5193947346612,135149.59276612202,133318.828125,138503.59375,5184.765625
single,sample_1891,9893,19782,251,44.71334154207154,57.430699131211064,416.3786535729024,136440.6231347291,132687.234375,141575.6875,8888.453125
single,sample_1892,6883,13762,185,26.695421259316095,26.702503886644056,354.1216937714174,134786.01039926268,133321.53125,137300.3125,3978.78125
single,sample_1893,9936,19868,238,29.957689575743032,43.449172656828495,348.4425128705958,134916.4194752667,132373.796875,137977.046875,5603.25
single,sample_1894,9496,18988,251,23.085002955271193,23.09303718599406,348.7371608063864,134425.6393991549,133320.90625,136761.84375,3440.9375
single,sample_1895,9784,19564,255,27.995155865118026,28.205554053497554,348.5151152350531,134773.5364258611,133319.828125,138044.796875,4724.96875
single,sample_1896,9986,19968,258,26.942118681638846,38.92029742531293,348.11449866140975,134841.78237501252,132733.796875,137853.53125,5119.734375
single,sample_1897,9179,18354,237,28.050125366683247,26.966917353669373,349.20561947065255,134948.58993865072,133319.96875,137700.578125,4380.609375
single,sample_1898,10030,20056,259,28.17463653488356,32.1198206891904,347.96764220452434,134975.43498722583,132738.515625,137637.234375,4898.71875
single,sample_1899,11646,23288,266,28.89619084005012,33.19848341981971,347.6488928393174,134828.17368087755,132965.25,137713.53125,4748.28125
single,sample_1900,11030,22056,276,29.831213818558876,37.86887681671944,348.0245038908873,134914.6308335222,132334.796875,137896.6875,5561.890625
single,sample_1901,10132,20260,263,29.233604950654396,37.255868627711365,348.4483625015812,134921.52547158755,132892.53125,138012.796875,5120.265625
single,sample_1902,10953,21902,266,22.36384245728262,35.39037428537759,347.9911943142886,134506.60243340867,132614.046875,137061.25,4447.203125
single,sample_1903,10628,21252,259,28.017072596088138,34.92517308317232,348.0497915679461,134574.12827407554,133056.515625,137529.890625,4473.375
single,sample_1904,7499,14994,199,27.153856656992065,26.57138657682728,351.6582637490815,134762.0064071043,133320.765625,137524.6875,4203.921875
single,sample_1905,9085,18166,241,23.75162031117692,22.349062269021704,349.13947951860075,134526.06865196754,133320.671875,136814.140625,3493.46875
single,sample_1906,9435,18866,244,33.897641273391564,50.64485681920455,349.20139813368127,135616.98394939056,132359.765625,139621.875,7262.109375
single,sample_1907,8493,16982,228,22.786663074185224,22.7044452010525,350.4477672907636,134426.2869495467,133319.5,136770.5,3451.0
single,sample_1908,10066,20128,253,34.3235141365496,51.06046233614766,392.9410207145597,135518.66252731968,131591.1875,139487.1875,7896.0
single,sample_1909,9025,18046,223,22.461089123642132,21.635643063669274,350.78827627624446,134425.66148026317,133320.421875,136602.78125,3282.359375
single,sample_1910,9308,18612,238,34.56556300516658,52.49531434219753,422.42065975268594,135901.83724350022,132424.265625,139778.234375,7353.96875
single,sample_1911,6253,12502,165,33.93705366326533,37.91533157487557,355.01259136874734,135297.34094384697,133319.890625,138648.90625,5329.015625
single,sample_1912,8840,17676,234,23.959980653796457,21.391576809529084,349.61896962922924,134526.64285032524,133322.5625,136896.625,3574.0625
single,sample_1913,9520,19036,239,36.31028004336727,51.540405930207896,349.1946093752207,135994.88913143383,132430.140625,139645.734375,7215.59375
single,sample_1914,9190,18376,230,25.126199591931208,32.13152241638272,349.8160530092463,134806.13965757616,132756.40625,137551.84375,4795.4375
single,sample_1915,9194,18384,239,23.422437979178472,17.784802689429547,349.8007756478675,134606.46973059876,133319.953125,137612.53125,4292.578125
single,sample_1916,9984,19964,248,35.07826957656533,53.18221164127134,348.28531179400915,135602.99542079828,132158.703125,139307.234375,7148.53125
single,sample_1917,9804,19604,263,28.4170475149408,41.95847749508886,369.138241718075,134980.5853860669,132405.65625,137887.078125,5481.421875
single,sample_1918,10835,21666,269,26.203995758830246,35.91752410127185,348.26699936834683,134788.2886075219,132544.625,137555.59375,5010.96875
single,sample_1919,9711,19418,246,33.70425799710257,45.704508953595486,348.73409570646663,135232.41170290136,132924.296875,139024.75,6100.453125
single,sample_1920,9267,18530,244,32.28426230408277,52.54743105812272,407.80269692785834,135586.17930391442,132167.84375,139664.484375,7496.640625
single,sample_1921,9882,19760,267,22.57154112526074,25.330978562811133,348.2190405982632,134393.63017512902,133317.96875,136717.921875,3399.953125
single,sample_1922,10523,21042,263,32.338802565463055,43.53766282975176,348.3030925791529,135180.88168624678,132526.328125,138450.21875,5923.890625
single,sample_1923,9391,18778,256,21.136153813888946,21.63995831214947,348.8416364782817,134286.43554666702,133318.671875,136426.0,3107.328125
single,sample_1924,9787,19570,251,23.93499751796853,25.956981763983134,348.1698167387489,134437.16002094615,133320.859375,136866.484375,3545.625
single,sample_1925,9287,18570,245,27.34723864327708,49.4132012334112,433.9754419341671,135192.2591307069,131622.78125,138692.65625,7069.875
single,sample_1926,6053,12102,164,27.13087885157793,23.828045245292692,355.01060291168807,134876.59943674624,133320.46875,137363.703125,4043.234375
single,sample_1927,6566,13128,161,35.21418826374943,43.87449925845578,354.13839741849216,135539.62815308027,133321.5625,139185.640625,5864.078125
single,sample_1928,6152,12300,162,26.13363482949269,24.7798374293117,355.0750168928057,134805.7921991832,133308.359375,137206.671875,3898.3125
single,sample_1929,9143,18282,247,28.17146559643543,43.00506552214685,418.68182381704776,135192.3069527234,132081.75,138664.90625,6583.15625
single,sample_1930,10274,20544,255,25.01931389493322,30.475019772447055,348.4000880407798,134557.74942664735,132939.734375,137063.65625,4123.921875
single,sample_1931,10022,20040,251,26.64940576707395,29.587963378553113,348.1071813077045,134624.95483997706,133324.265625,137279.40625,3955.140625
single,sample_1932,7812,15620,206,26.945022133545528,27.291766624833564,352.4693490030206,134716.64689740143,133310.65625,137783.546875,4472.890625
single,sample_1933,10305,20606,260,35.83393239749976,45.19613537935006,348.10532720521,135426.03941048036,132812.3125,139025.9375,6213.625
single,sample_1934,9986,19968,249,33.075555470515624,40.384248965024874,348.52834086546494,135442.39793210494,132565.4375,138823.75,6258.3125
single,sample_1935,9499,18994,253,25.391100370090275,25.82557679650424,348.853037302322,134674.65452777923,133320.265625,137342.609375,4022.34375
single,sample_1936,5908,11812,160,38.75548911314718,56.14398342833355,381.98909001364257,135783.11579108835,132466.5625,139985.890625,7519.328125
single,sample_1937,10809,21614,260,21.343940652485525,20.11683216786994,348.1350250592197,134336.4808319456,133327.03125,136399.140625,3072.109375
single,sample_1938,10524,21044,265,26.916517948235974,33.54478509018834,348.0660875628096,134651.8248735034,133287.453125,137279.171875,3991.71875
single,sample_1939,9777,19550,252,32.93422142394434,52.88602969184667,373.1733482883082,135379.82556638028,132573.875,138968.96875,6395.09375
single,sample_1940,10013,20022,261,26.43552225510952,33.85326783917402,348.5162497464129,134644.22789436232,132935.046875,137477.15625,4542.109375
single,sample_1941,10161,20318,265,36.501774205456854,56.252353012064084,405.63408761256125,135776.69075078733,131913.140625,139629.46875,7716.328125
single,sample_1942,10360,20716,265,32.1104767375992,52.47397862183041,410.6126202397942,135328.5833660111,131996.5625,138885.03125,6888.46875
single,sample_1943,9505,19006,248,20.080267181862574,19.42392888609743,348.22463549393336,134226.7083837454,133320.359375,136247.0625,2926.703125
single,sample_1944,9688,19372,245,33.99121244549296,42.365865545888724,349.07676446259234,135269.90882728633,133111.6875,139566.0,6454.3125
single,sample_1945,9184,18364,245,30.12072707321269,37.76562391287741,349.6733588548842,135036.98996726645,132587.796875,138583.484375,5995.6875
single,sample_1946,8503,17002,214,22.421093360666458,19.627970510322157,351.3773192173039,134406.9749830942,133321.796875,136559.125,3237.328125
single,sample_1947,10471,20938,258,33.874251627268315,40.44512798756788,348.3577569707005,135301.26193325614,132647.984375,138632.40625,5984.421875
single,sample_1948,10866,21728,275,24.807817045253202,32.08695733584838,348.1840695842078,134499.15765921221,132984.921875,137081.1875,4096.265625
single,sample_1949,8987,17970,223,23.49739601798433,21.423170440822545,350.5937135768145,134475.8408934433,133321.078125,136638.28125,3317.203125
single,sample_1950,9104,18204,241,29.652142459400313,30.796752094675416,349.7259481430356,135097.0314576697,133137.984375,138015.328125,4877.34375
single,sample_1951,7655,15306,204,30.391286080973806,33.05978087230547,351.9411759132811,134952.50421701503,133319.125,138023.84375,4704.71875
single,sample_1952,6595,13186,183,30.87486855293425,34.50227296130657,352.53903494966505,134959.30345195223,133320.125,138104.90625,4784.78125
single,sample_1953,9674,19344,244,29.81675330774888,39.53563233302443,348.45418271811565,134984.5357465888,132654.625,138072.234375,5417.609375
single,sample_1954,10612,21220,261,25.70694474896981,32.489605513795574,348.5763105530665,134593.8403885342,132999.953125,137261.0,4261.046875
single,sample_1955,9548,19092,248,32.02946074852583,49.01806350185201,376.3322932045691,135406.96775993664,132620.125,139158.453125,6538.328125
single,sample_1956,9982,19960,256,32.46917895669846,41.107583028286435,348.309985109757,135283.11274356343,132641.90625,138325.5625,5683.65625
single,sample_1957,9735,19466,259,28.200789735563884,35.26635094228492,348.63006359709965,134905.20159861326,132695.015625,137753.734375,5058.71875
single,sample_1958,9413,18822,256,32.977039906835515,42.511757834703175,348.8092502353087,135224.93563422924,132746.984375,138965.265625,6218.28125
single,sample_1959,9332,18660,250,23.376776395451696,25.841764255209366,348.7396350814016,134534.31737402218,133321.765625,137055.140625,3733.375
single,sample_1960,9325,18646,256,30.401710766406364,36.24367152561797,348.69311572715185,135124.1229641421,133290.09375,138552.921875,5262.828125
single,sample_1961,10474,20944,270,21.224023138827242,20.87856625072273,347.96522430915843,134281.0062535803,133321.875,136258.21875,2936.34375
single,sample_1962,9534,19064,252,28.617394673049656,32.942878833115465,348.60492838037493,134742.09073119887,133322.140625,137847.1875,4525.046875
single,sample_1963,7331,14658,186,27.432752180674413,26.615527675089336,352.70617865911026,134781.15867122493,133312.359375,137338.65625,4026.296875
single,sample_1964,9873,19742,267,21.26117952695085,20.80733504965031,347.95411508684185,134334.7292489618,133314.765625,136399.3125,3084.546875
single,sample_1965,9251,18498,240,23.989032553508174,22.539993555342395,349.0881650944124,134597.3623155605,133321.671875,137153.140625,3831.46875
single,sample_1966,6872,13740,185,38.372584646045006,55.13151934169755,451.91179535993876,135908.75062527283,131805.40625,140377.109375,8571.703125
single,sample_1967,8863,17722,233,24.858322940424777,28.450921800930008,349.7759455155758,134690.81441456053,133135.671875,137490.171875,4354.5
single,sample_1968,10035,20066,252,23.75887461420776,28.014594013749683,348.024444592922,134467.51355100897,132960.6875,136819.796875,3859.109375
single,sample_1969,9382,18760,238,28.616641066468688,35.880366943007594,349.8078340391318,134968.58004856374,133278.5625,138031.234375,4752.671875
single,sample_1970,9414,18824,235,38.3025625988448,53.2108820471374,364.88917142822964,136191.264006732,132573.65625,140227.21875,7653.5625
single,sample_1971,6346,12688,167,30.61477676582363,28.13562810221167,353.8594949954506,135043.76074741964,133314.578125,137874.84375,4560.265625
single,sample_1972,9458,18912,247,22.416062967951348,22.17013541184618,348.4564770421306,134425.25850305296,133321.328125,136744.859375,3423.53125
single,sample_1973,6724,13444,191,31.438778908549768,42.26068967332226,353.1813806813869,135302.68160460662,132888.53125,138535.859375,5647.328125
single,sample_1974,9276,18548,243,30.089885499931537,39.94083391007342,349.3522620480846,135122.61997695666,132663.9375,138573.5625,5909.625
single,sample_1975,9516,19028,242,37.9390440428326,52.841560793488696,413.25415125405885,135911.72617335277,132098.515625,140147.359375,8048.84375
single,sample_1976,9254,18504,247,34.14051668047579,41.88124118094625,349.32032746130136,135433.77754889778,133212.640625,139324.296875,6111.65625
single,sample_1977,10795,21586,250,25.95430572627382,36.130838309833344,348.25384144469973,134459.22629834415,132814.84375,137369.84375,4555.0
single,sample_1978,9803,19602,251,20.919793734774004,20.048858846905333,348.070714040809,134278.83481619146,133319.390625,136286.296875,2966.90625
single,sample_1979,6335,12666,169,39.95013557177427,53.81424696868005,410.8903737523844,136074.88759865824,132601.9375,140192.09375,7590.15625
single,sample_1980,6551,13098,178,46.47756128202329,63.59591705628677,432.8890346744582,136986.7208727675,131785.3125,141899.6875,10114.375
single,sample_1981,10331,20658,263,24.22553394446185,27.413278718581925,348.33994765970476,134487.2974285524,133319.984375,136904.734375,3584.75
single,sample_1982,11316,22628,265,28.48674582248613,37.2077669649802,347.76998402695654,134717.96525798648,132620.421875,137456.828125,4836.40625
single,sample_1983,9042,18080,255,29.25949975559212,41.162236477456496,349.7152467975462,135042.96617866622,132372.796875,138583.4375,6210.640625
single,sample_1984,8708,17412,195,34.75213175996104,33.51477472056131,352.27895982661045,135767.92273807133,133280.609375,139592.453125,6311.84375
single,sample_1985,9849,19694,260,31.654258179612125,43.75787391169409,349.42509901300866,135156.9837372449,132379.890625,138758.765625,6378.875
single,sample_1986,8372,16740,229,22.661772611770175,22.35082997493169,350.1978711991374,134444.50596668955,133318.6875,137250.71875,3932.03125
single,sample_1987,10179,20354,253,29.536958190748795,39.32060879655611,348.24387059042266,134981.9345865262,132475.734375,138071.8125,5596.078125
single,sample_1988,9869,19734,252,37.67924580585332,50.258416287368206,348.3943309003603,135624.676562975,132870.90625,139559.796875,6688.890625
single,sample_1989,6781,13558,173,31.176544256940385,34.1698305855107,353.542544151158,135153.3930697906,133339.75,138206.3125,4866.5625
single,sample_1990,6153,12302,175,35.70175031672275,45.1182203463128,353.6888595870001,135649.13017786038,132932.234375,139218.96875,6286.734375
single,sample_1991,10534,21064,267,18.136781046077147,18.27765941724819,348.0503748658301,134075.23006751947,133317.171875,135988.09375,2670.921875
single,sample_1992,10653,21302,269,17.887498203650665,18.217936222155288,347.80795090085945,134056.36121427064,133313.953125,135926.75,2612.796875
single,sample_1993,5675,11346,170,26.307511772077923,20.78862082135119,354.4691615739975,134777.6225715859,133317.640625,137208.90625,3891.265625
single,sample_1994,9614,19224,246,31.302266105740532,37.75191816337491,348.914919814744,135217.9951047951,132943.375,138206.421875,5263.046875
single,sample_1995,10184,20364,271,18.64276069545729,19.36841156373414,348.32880370145955,134109.39855717303,133319.46875,135979.421875,2659.953125
single,sample_1996,9204,18404,236,34.938368079429665,46.199801022975855,349.412558700222,135508.9400141922,132644.421875,139547.640625,6903.21875
single,sample_1997,9644,19284,246,23.169098114716405,28.661446848927408,348.77662646404457,134430.8244504355,133184.5,136804.453125,3619.953125
single,sample_1998,9482,18960,258,23.06264626609984,23.62939339572664,348.65895215192245,134464.27947196004,133314.6875,136615.328125,3300.640625
single,sample_1999,9842,19680,256,29.605588446650764,38.864426795168136,348.6566517337415,134852.26997180452,132708.21875,137972.359375,5264.140625
bifurcating,sample_0000,19217,38430,921,11.01447808950332,7.198656687912187,72.59851113131529,133511.394731878,133315.03125,133969.28125,654.25
bifurcating,sample_0001,19720,39436,966,12.165624898796262,8.133686162117526,72.76678159410622,133480.94027082276,133252.171875,133883.59375,631.421875
bifurcating,sample_0002,18295,36586,834,10.765163108716102,6.054030053673951,74.0384039292254,133523.65595449577,133352.15625,134250.171875,898.015625
bifurcating,sample_0003,17101,34198,781,13.456538447938096,7.954349660479218,80.90194890521478,133525.19490636513,133274.75,133987.6875,712.9375
bifurcating,sample_0004,16317,32630,782,12.355505106822738,6.32821562124832,74.83677589765699,133562.8114782512,133331.234375,134068.0625,736.828125
bifurcating,sample_0005,18259,36514,893,11.387648187303634,5.624559176526207,50.8242143603389,133510.3263133934,133296.25,133877.28125,581.03125
bifurcating,sample_0006,15531,31058,722,13.87874923429883,6.660936512397879,69.41830408126242,133601.4395523469,133305.703125,134095.40625,789.703125
bifurcating,sample_0007,18568,37132,851,11.331915881098096,6.399323777117417,78.06792807310177,133560.46224771783,133376.890625,134055.703125,678.8125
bifurcating,sample_0008,15206,30408,681,12.087033164142253,5.465283626977982,50.563841165447634,133599.60673521142,133369.6875,133898.203125,528.515625
bifurcating,sample_0009,16669,33334,752,13.6302308393856,8.403833848195127,81.37486270490353,133587.88315042143,133282.5625,133906.6875,624.125
bifurcating,sample_0010,11616,23228,573,17.455278577260597,7.970711277931251,70.70050328534715,133788.58859950714,133319.8125,134245.125,925.3125
bifurcating,sample_0011,18440,36876,939,9.247887971548812,4.284863796553924,36.82407376526875,133479.04901792976,133323.3125,133759.90625,436.59375
bifurcating,sample_0012,17288,34572,870,13.397212968359327,6.25587497753346,59.13291227920758,133515.749794836,133254.203125,133860.46875,606.265625
bifurcating,sample_0013,19094,38184,915,11.77155052181242,7.0754063389144095,59.69683802843311,133533.9312136666,133324.8125,133913.234375,588.421875
bifurcating,sample_0014,16246,32488,760,13.29234482295857,7.5303321040819355,70.86370411046634,133582.15981337713,133327.03125,133976.640625,649.609375
bifurcating,sample_0015,24269,48534,1626,10.317878493863214,6.75296739835098,63.21149538445346,133428.27497785242,133261.890625,133812.953125,551.0625
bifurcating,sample_0016,18737,37470,923,12.659716521643666,7.6325562272657725,78.49793161154311,133494.08123632387,133297.625,134090.375,792.75
bifurcating,sample_0017,9830,19656,361,21.026180108541634,9.033380492236878,103.24587693718834,133968.7211978637,133308.625,134612.359375,1303.734375
bifurcating,sample_0018,18002,36000,828,12.938477318326687,8.089359175989243,69.09583716723947,133543.3791549203,133319.734375,133938.75,619.015625
bifurcating,sample_0019,17549,35094,866,14.47073270036427,8.656018838560964,85.97388045665174,133571.62008697077,133330.515625,134085.640625,755.125
bifurcating,sample_0020,18627,37250,926,12.77176360663611,7.41937461186502,79.28354011552523,133540.25237977802,133324.59375,134077.796875,753.203125
bifurcating,sample_0021,17866,35728,889,14.567178300620464,9.116269803591967,81.6825170760915,133589.08451458075,133334.265625,134052.265625,718.0
bifurcating,sample_0022,16353,32702,771,14.405064801506624,7.9754280826051644,62.03978834300361,133607.63272889532,133322.53125,134005.703125,683.171875
bifurcating,sample_0023,17126,34248,802,11.784008789183959,6.190042319183982,66.04516935612932,133543.0251873978,133344.296875,133922.375,578.078125
bifurcating,sample_0024,16122,32240,791,14.2171330062607,7.5900643573310385,80.71419944587049,133583.20209961545,133330.953125,134100.921875,769.96875
bifurcating,sample_0025,17348,34692,818,12.493960410891194,6.144811286987697,62.50149488919826,133541.47939243718,133297.984375,133977.734375,679.75
bifurcating,sample_0026,17354,34704,837,9.183236516662078,4.443363399102545,43.695091539178954,133424.39959807537,133263.015625,133665.328125,402.3125
bifurcating,sample_0027,17802,35600,836,10.805679355021832,5.378024348929814,66.19270294703368,133516.52201297606,133335.875,133856.546875,520.671875
bifurcating,sample_0028,14517,29030,643,13.25724070187193,6.265485853363066,70.40486073217247,133627.0750434835,133323.484375,134040.65625,717.171875
bifurcating,sample_0029,15886,31768,776,12.475462018027802,6.255456397833093,73.91814384440276,133522.36645277287,133275.625,134095.71875,820.09375
bifurcating,sample_0030,14230,28456,671,12.578944700712343,5.635967382039657,46.66029319467345,133555.84379501932,133290.078125,133840.640625,550.5625
bifurcating,sample_0031,11813,23622,582,16.742150404405706,7.024846590401839,82.26507987116582,133725.94242439474,133264.96875,134527.5625,1262.59375
bifurcating,sample_0032,19543,39082,992,12.49889989120687,7.8387365830128335,90.35668397218983,133513.2649222228,133316.234375,134211.0,894.765625
bifurcating,sample_0033,16853,33702,773,10.85624818544037,5.67273099635981,59.20752258940911,133518.73124221206,133330.734375,133899.5625,568.828125
bifurcating,sample_0034,15948,31892,719,13.517968811627577,7.683470565994895,75.1864824098568,133615.19003068566,133335.484375,134056.390625,720.90625
bifurcating,sample_0035,16705,33406,778,13.6644852256331,7.784057442482749,85.41635333454501,133577.21992479797,133334.03125,134179.484375,845.453125
bifurcating,sample_0036,18528,37052,861,10.401037532711694,5.719155482958905,73.99162030327312,133459.9175749204,133296.515625,133926.8125,630.296875
bifurcating,sample_0037,18545,37086,885,13.192647973958476,7.9022964843602965,66.07522259698945,133522.7723914802,133278.15625,133921.515625,643.359375
bifurcating,sample_0038,12305,24606,578,15.364865540808323,6.709161552660196,75.33638163613442,133707.59682293783,133319.21875,134192.796875,873.578125
bifurcating,sample_0039,14709,29414,705,15.22144514693043,7.827087938377962,80.48996390916243,133624.8828310898,133301.859375,134090.640625,788.78125
bifurcating,sample_0040,16053,32102,779,14.50384742027109,8.1399431427751,78.30011889447997,133624.19034604123,133346.0,134053.765625,707.765625
bifurcating,sample_0041,18021,36038,906,9.398852327224823,4.601754470723671,39.27823049725626,133481.45661832028,133319.5,133645.28125,325.78125
bifurcating,sample_0042,14673,29342,720,16.56206687028687,9.138160317550327,76.5313653679403,133664.2137940435,133322.328125,134107.53125,785.203125
bifurcating,sample_0043,18918,37832,939,14.91471467288032,9.87606351959813,93.48943567127174,133547.94886483773,133192.421875,133940.53125,748.109375
bifurcating,sample_0044,19283,38562,968,13.267896317534776,8.343447462886491,81.61833950213503,133532.4449515117,133311.609375,134000.984375,689.375
bifurcating,sample_0045,17377,34750,899,11.409558838757247,5.5106309078642965,50.97827580393783,133477.00789207718,133278.171875,133767.15625,488.984375
bifurcating,sample_0046,16831,33658,795,12.228529735716915,6.413166333027392,82.18165454247175,133548.0628592701,133316.828125,133996.28125,679.453125
bifurcating,sample_0047,14824,29644,705,14.425633934156295,7.311480402821118,104.2018425015092,133621.92246631306,133323.484375,134333.15625,1009.671875
bifurcating,sample_0048,17509,35014,789,12.602464108513622,7.642233993249864,57.47487471629047,133535.35084456566,133305.59375,133922.53125,616.9375
bifurcating,sample_0049,13897,27790,638,14.43713216034108,6.061714527986055,54.491129710707,133671.7369171404,133329.046875,134019.359375,690.3125
bifurcating,sample_0050,17803,35602,810,12.241583555934021,7.561160845119811,72.9134781070596,133501.26763923216,133300.671875,133986.03125,685.359375
bifurcating,sample_0051,12556,25108,612,16.821078384572218,7.9528198267600665,78.568883226907,133736.7640806686,133318.875,134206.375,887.5
bifurcating,sample_0052,12751,25498,611,15.847841093111073,7.3927043467062985,96.1445504236633,133692.9852009156,133312.96875,134297.375,984.40625
bifurcating,sample_0053,16800,33596,756,12.487655832768498,7.402166404072707,62.84186188983083,133546.5402111235,133298.125,133932.828125,634.703125
bifurcating,sample_0054,17099,34194,811,10.769962319352194,5.594100495697966,62.49430410140524,133487.0264342944,133314.109375,133829.296875,515.1875
bifurcating,sample_0055,15479,30954,746,13.307111176613386,6.700484880734658,85.19873266873468,133537.2696899832,133273.71875,133959.796875,686.078125
bifurcating,sample_0056,16758,33512,854,11.832467447366252,5.480555500758346,46.655634464384015,133489.5487192684,133278.4375,133733.515625,455.078125
bifurcating,sample_0057,14815,29626,727,13.183604982242619,6.047983254854888,73.6782840606135,133600.6551742322,133324.0,134041.15625,717.15625
bifurcating,sample_0058,18959,37914,876,11.287839236084933,6.771975775796012,68.99083832105852,133525.2467363785,133346.0625,133902.71875,556.65625
bifurcating,sample_0059,14317,28630,730,14.169495915831902,6.168769721967769,42.67899945860331,133605.85144408746,133306.09375,134102.578125,796.484375
bifurcating,sample_0060,18735,37466,924,11.880652452592278,5.963940866909991,54.06586278769941,133541.1198442087,133327.03125,133850.265625,523.234375
bifurcating,sample_0061,11353,22702,569,18.11452251994681,8.095246820636385,96.98020410573264,133808.90287947017,133322.5,134367.96875,1045.46875
bifurcating,sample_0062,20150,40296,1415,9.869215921304896,5.445279594648091,52.01336592703673,133702.69661522954,133555.015625,134043.328125,488.3125
bifurcating,sample_0063,16786,33568,785,12.722834596361773,6.198974452854423,70.9949383916032,133555.17156782438,133315.703125,133951.109375,635.40625
bifurcating,sample_0064,13848,27692,691,13.755427360196094,6.663165031136567,39.667801123777586,133609.94759283832,133315.203125,133959.140625,643.9375
bifurcating,sample_0065,15295,30586,736,14.439931110445373,7.375131683973961,75.71915154403567,133630.80860881825,133323.78125,133999.03125,675.25
bifurcating,sample_0066,19723,39442,964,11.661434357609087,7.86966913352726,61.761248831397424,133406.52315348832,133164.375,133770.203125,605.828125
bifurcating,sample_0067,17864,35724,881,13.239481592561171,6.682195693028448,65.93040417881053,133552.99283650078,133331.40625,134113.453125,782.046875
bifurcating,sample_0068,18866,37728,973,10.845910991280594,6.01602229587451,66.84513207375959,133562.22750334596,133364.4375,133880.296875,515.859375
bifurcating,sample_0069,15699,31394,778,16.22696131644322,9.050385396281957,78.60187010158434,133635.09769232912,133152.15625,134144.75,992.59375
bifurcating,sample_0070,17497,34990,845,13.00013304760903,7.734266755544746,72.66548506583855,133525.6313037592,133300.40625,133978.859375,678.453125
bifurcating,sample_0071,18017,36030,794,11.079740242630136,6.5161302167753865,57.97215869356558,133523.69975058277,133340.546875,133880.078125,539.53125
bifurcating,sample_0072,22970,45936,1527,9.114766326203892,6.037439825798578,78.34620962104998,133365.07715294405,133205.171875,133937.53125,732.359375
bifurcating,sample_0073,14614,29224,670,14.577833101647808,7.235174957406279,79.45074635642001,133661.96378045026,133329.875,134137.671875,807.796875
bifurcating,sample_0074,22225,44446,1510,10.682318501872334,7.4229820447438195,61.97919037139342,133489.1557972441,133328.25,133889.171875,560.921875
bifurcating,sample_0075,15774,31544,799,11.443898386172446,5.077889867668521,39.22891147334836,133559.48383316692,133336.703125,133843.546875,506.84375
bifurcating,sample_0076,16468,32932,805,14.403807523643065,7.453758442932899,67.77317678417548,133613.8974621235,133332.59375,134039.796875,707.203125
bifurcating,sample_0077,17158,34312,769,11.464892748143223,6.546057631555318,57.9605491090259,133529.33505416568,133320.40625,133842.53125,522.125
bifurcating,sample_0078,19492,38980,964,11.40415938544532,6.961641557483974,65.61502809920917,133525.10482585806,133351.328125,133865.578125,514.25
bifurcating,sample_0079,20150,40296,983,10.967000298593092,7.378703481188479,57.706070991031574,133473.6461709057,133298.375,133836.796875,538.421875
bifurcating,sample_0080,24394,48784,1583,8.684322978365035,5.765270797698325,57.99453541041872,133586.91742526338,133381.28125,133958.53125,577.25
bifurcating,sample_0081,17634,35264,880,13.196414028959321,7.253938202426147,79.312714853406,133539.45604283627,133315.296875,134014.546875,699.25
bifurcating,sample_0082,19585,39166,929,11.731554305287666,7.7075854924678895,84.92761635128394,133542.4017791039,133361.421875,134052.15625,690.734375
bifurcating,sample_0083,18246,36488,854,11.851757143055751,6.898704447197029,54.399358686528664,133348.47731608982,133148.59375,133682.796875,534.203125
bifurcating,sample_0084,19075,38146,948,12.753933105735872,7.355737341401644,105.93933873121397,133545.71158338795,133336.03125,134216.765625,880.734375
bifurcating,sample_0085,14263,28522,661,13.527645960103436,6.880917356984948,63.846586065818954,133609.49189336045,133314.53125,133921.609375,607.078125
bifurcating,sample_0086,18234,36464,933,10.951976642803393,6.038576107316627,63.34263093677136,133502.88697453932,133331.296875,133876.953125,545.65625
bifurcating,sample_0087,15249,30494,719,15.197603600666064,8.896731612694404,77.66837280143653,133661.67956915207,133326.5,134102.15625,775.65625
bifurcating,sample_0088,16470,32936,851,11.80363395048822,5.7825185319019345,32.91347207638538,133516.74114203855,133295.078125,133814.984375,519.90625
bifurcating,sample_0089,17255,34506,833,12.21847030029768,7.2870034476555565,63.23872483156209,133544.91200920023,133253.3125,133885.671875,632.359375
bifurcating,sample_0090,17064,34124,817,14.56174357460056,8.51987624499658,101.23415465216632,133578.9355899115,133323.9375,134126.5625,802.625
bifurcating,sample_0091,19726,39448,1100,8.908568924363667,4.506018851993656,34.91744948720721,133452.19834228937,133301.96875,133627.578125,325.609375
bifurcating,sample_0092,18077,36150,887,14.73383917111749,9.0751389324767,86.33019865615671,133570.03383875228,133313.328125,134025.859375,712.53125
bifurcating,sample_0093,20944,41884,1441,11.858840659846914,7.550466266559891,84.2165482739231,133574.05070739234,133376.75,134055.578125,678.828125
bifurcating,sample_0094,14334,28664,684,14.039534952178373,6.73070694322287,56.19238230325362,133630.16844783383,133317.890625,133947.65625,629.765625
bifurcating,sample_0095,17679,35354,833,14.21837433538745,9.58298404248418,83.991572272413,133546.69000650488,133197.4375,133924.375,726.9375
bifurcating,sample_0096,17943,35882,910,12.546326675097639,6.776145788899987,70.83600544836163,133388.86937106392,133071.6875,134020.109375,948.421875
bifurcating,sample_0097,15775,31546,738,14.648313099909474,8.141629910670009,72.10607761530818,133622.62596473852,133314.75,134142.53125,827.78125
bifurcating,sample_0098,16844,33684,814,11.055781855631711,5.930065331678929,47.95167029365588,133514.72130191018,133297.765625,133744.546875,446.78125
bifurcating,sample_0099,17343,34682,859,10.7377060764437,5.033974508159599,62.46954044319504,133490.15228135991,133324.453125,133832.453125,508.0
bifurcating,sample_0100,19335,38666,966,13.816724257243749,9.460396831071046,87.19750823915446,133520.5028502392,133193.296875,133900.453125,707.15625
bifurcating,sample_0101,16018,32032,737,13.819721975498371,7.544262430904034,72.44129245903255,133598.11384263018,133317.21875,134026.796875,709.578125
bifurcating,sample_0102,21370,42736,1486,10.32288029848395,6.255107306800249,69.3638642662459,133590.65539380556,133434.421875,134035.515625,601.09375
bifurcating,sample_0103,14541,29078,722,14.89765087829766,7.020786314706624,60.15484992078361,133646.17285391307,133322.484375,134037.46875,714.984375
bifurcating,sample_0104,14576,29148,686,13.597073563280926,6.67758958112837,69.51528333085257,133625.27369262828,133317.5,134105.796875,788.296875
bifurcating,sample_0105,18372,36740,924,14.363006437299543,8.661950055677728,75.02245572540659,133568.89789744583,133329.375,133926.59375,597.21875
bifurcating,sample_0106,20357,40710,1195,13.135403766835648,8.70500114572173,77.32447428633309,133508.79461840523,133145.140625,133868.5625,723.421875
bifurcating,sample_0107,18373,36742,841,10.920147786513112,6.094911576585746,60.140547541710156,133528.83941789583,133342.28125,133999.78125,657.5
bifurcating,sample_0108,15415,30826,707,14.00058173592142,6.346162503389262,63.94256543791702,133614.8312935858,133303.671875,133927.625,623.953125
bifurcating,sample_0109,20407,40810,1099,11.040830446231176,6.3619817890874,59.62784435273475,133264.28187708263,133106.421875,133731.671875,625.25
bifurcating,sample_0110,13597,27190,653,15.975927760060603,7.630936993041261,109.14242371928648,133686.06874218577,133233.296875,134501.34375,1268.046875
bifurcating,sample_0111,18385,36766,841,12.789181926309205,8.195627942732314,68.52356800154506,133556.5193236674,133302.140625,133954.65625,652.515625
bifurcating,sample_0112,20274,40544,1404,11.970422945898566,7.639275826446132,79.12231415143586,133515.13484404286,133317.71875,133935.390625,617.671875
bifurcating,sample_0113,18120,36236,875,9.822230190569616,5.262889913378787,60.65160612000984,133451.23091973647,133293.984375,133868.28125,574.296875
bifurcating,sample_0114,15663,31322,735,14.475179486332685,6.924997638533068,98.25158770949395,133622.56409711583,133332.390625,134282.859375,950.46875
bifurcating,sample_0115,17982,35960,906,12.860568476254594,7.192268328338859,101.62588490626464,133544.43698907242,133228.359375,134402.25,1173.890625
bifurcating,sample_0116,18035,36066,946,10.636038144780565,4.793545943119446,48.89133852390092,133490.8924521763,133321.609375,133791.765625,470.15625
bifurcating,sample_0117,13258,26512,644,15.836088346779432,7.008645581773093,52.36746553808494,133717.79706945806,133301.890625,134097.71875,795.828125
bifurcating,sample_0118,14056,28108,643,11.532407081228751,5.258528630758884,31.814785268359486,133542.89800841277,133305.765625,133802.734375,496.96875
bifurcating,sample_0119,17565,35126,870,11.904481897494824,6.241903052545412,89.49623955757798,133509.6065533376,133214.484375,134502.28125,1287.796875
bifurcating,sample_0120,13805,27606,629,13.515277259061936,5.866436678978397,44.51066897927217,133630.22580473562,133329.09375,133994.578125,665.484375
bifurcating,sample_0121,19134,38264,876,9.995341258515028,5.987000245800361,52.52983681064415,133539.01419511734,133375.46875,133807.3125,431.84375
bifurcating,sample_0122,18534,37064,889,13.806665480808459,8.739088045996008,75.32296106967422,133541.133763455,133306.6875,133967.078125,660.390625
bifurcating,sample_0123,15408,30812,758,13.543311620044209,6.625649340106734,66.25105394596385,133547.55078327816,133291.5625,133921.25,629.6875
bifurcating,sample_0124,21186,42368,1414,9.31926928048927,5.561311879004676,59.96239129847526,133435.65568948834,133282.46875,133716.890625,434.421875
bifurcating,sample_0125,15818,31632,750,13.453274892520573,7.056761333489747,70.0541612495101,133598.35092339423,133320.765625,133996.671875,675.90625
bifurcating,sample_0126,15963,31922,784,13.06212931165104,6.291692207598918,63.65613004135701,133578.8721623833,133329.515625,134063.6875,734.171875
bifurcating,sample_0127,21062,42120,1422,12.07038859474888,7.889303408274008,73.75202124894014,133472.33353462396,133133.390625,133924.25,790.859375
bifurcating,sample_0128,13356,26708,640,15.306989231542506,6.680129217824838,73.17903346387538,133696.80613464923,133317.6875,134378.046875,1060.359375
bifurcating,sample_0129,18525,37046,896,11.723682425144913,6.076190441524105,73.86369570876691,133530.50785593793,133294.328125,134301.28125,1006.953125
bifurcating,sample_0130,16284,32564,798,14.808152103540014,8.519759282463287,83.71392784645909,133583.36147733204,133341.359375,134043.875,702.515625
bifurcating,sample_0131,14696,29388,717,14.109871852513045,7.2137911861459605,102.57037696641643,133596.45019159126,133111.296875,134700.171875,1588.875
bifurcating,sample_0132,15938,31872,748,13.093365293195667,7.118332727195766,83.6400759243209,133566.06172649487,133312.046875,134058.328125,746.28125
bifurcating,sample_0133,19644,39284,966,12.624056956008445,8.117642523982406,77.93325186096665,133482.89330552585,133290.578125,133989.515625,698.9375
bifurcating,sample_0134,19878,39752,979,11.68347086054292,7.426752518100308,87.21059798176161,133549.0030773657,133363.640625,134031.015625,667.375
bifurcating,sample_0135,13829,27654,672,14.554224242114259,6.5002332502090745,47.80625020897858,133620.75706621955,133284.5,134092.4375,807.9375
bifurcating,sample_0136,15585,31166,755,13.843571062545069,6.329233671364513,78.86052959995338,133589.5312680462,133186.34375,134182.484375,996.140625
bifurcating,sample_0137,10095,20186,527,21.835737170986295,9.678206934516771,101.38358020304825,133991.54759472513,133318.125,134711.84375,1393.71875
bifurcating,sample_0138,15575,31146,782,14.470068123333053,6.826341081582086,80.92978884302816,133569.8649508427,133272.03125,134086.359375,814.328125
bifurcating,sample_0139,14934,29864,702,13.247714807765762,6.469244235678964,68.05108629629551,133619.08325904814,133352.71875,134077.125,724.40625
bifurcating,sample_0140,19315,38626,953,11.223585791488185,7.00622577270078,77.32032847091284,133460.7628049767,133280.234375,133874.765625,594.53125
bifurcating,sample_0141,18525,37046,879,11.03251161345172,6.344862058003428,76.89489970708796,133476.3712947031,133287.09375,134020.84375,733.75
bifurcating,sample_0142,21262,42520,1454,11.212494945889674,7.333789401882431,116.7531345395168,133469.62646314435,133221.921875,134267.40625,1045.484375
bifurcating,sample_0143,18233,36462,901,14.625158655995143,9.154757283601278,81.35447945931945,133570.1688439231,133293.046875,134048.984375,755.9375
bifurcating,sample_0144,18665,37326,976,11.833593424640812,6.408795220217931,80.03859912719783,133540.40797783283,133340.75,134125.71875,784.96875
bifurcating,sample_0145,17441,34878,837,13.179007581139233,7.414541221156861,97.98719494829872,133580.22246789176,133343.84375,134320.578125,976.734375
bifurcating,sample_0146,15227,30450,725,13.7166528834864,7.182268944676725,84.72045980047301,133598.583613811,133327.34375,134047.53125,720.1875
bifurcating,sample_0147,23417,46830,1504,9.615140632149293,7.134222730504336,62.08918131974061,133360.24992660247,133160.90625,133708.125,547.21875
bifurcating,sample_0148,14700,29396,676,15.260096411261427,8.835565207405764,77.51259470126591,133640.83616602892,133327.96875,134008.984375,681.015625
bifurcating,sample_0149,14848,29692,717,14.778924104568848,7.1493279660773235,64.79839394004964,133620.48433816843,133312.921875,134040.609375,727.6875
bifurcating,sample_0150,17679,35354,849,14.673820777567489,9.724870103023072,73.36106777390474,133600.7756784179,133237.03125,134008.90625,771.875
bifurcating,sample_0151,19424,38844,978,12.310494163270777,7.7740946153975266,75.75401479199704,133591.8401381667,133352.078125,134020.140625,668.0625
bifurcating,sample_0152,18095,36186,857,12.057431410596818,7.0151936509471104,78.70484347460037,133449.49515318457,133250.1875,133868.390625,618.203125
bifurcating,sample_0153,14824,29644,727,14.311993338880782,7.144195952608845,67.0106288907447,133619.37242815705,133321.953125,133933.140625,611.1875
bifurcating,sample_0154,16503,33002,750,11.208569641507395,5.224332912274194,54.44391105228377,133524.58743391352,133280.484375,133812.03125,531.546875
bifurcating,sample_0155,17103,34202,844,11.055742804498971,5.5401346258905715,79.8048273429843,133499.56402568263,133146.15625,134440.328125,1294.171875
bifurcating,sample_0156,14889,29774,680,14.20263412761752,7.900683997136091,63.882775169701155,133616.10128597455,133318.53125,134026.375,707.84375
bifurcating,sample_0157,16934,33864,840,12.817174521261439,5.997964351038616,59.400172603462,133611.06281279525,133395.3125,133985.65625,590.34375
bifurcating,sample_0158,17527,35050,858,13.83697974146609,7.663124013743744,76.45396139200848,133550.18056070633,133293.890625,133953.984375,660.09375
bifurcating,sample_0159,16087,32170,755,13.975885048784797,6.44202264686413,68.89047269415187,133602.70872540717,133331.421875,134042.65625,711.234375
bifurcating,sample_0160,13342,26680,650,18.120379510218765,9.223984842469436,71.87432501537639,133770.7277781161,133324.578125,134353.53125,1028.953125
bifurcating,sample_0161,18893,37782,910,12.609104123689592,7.247157654314987,60.64141525686357,133594.07782561664,133379.84375,133888.09375,508.25
bifurcating,sample_0162,18109,36214,854,13.269526416295264,8.405852089463618,66.8134467425008,133555.548851745,133282.578125,133999.875,717.296875
bifurcating,sample_0163,13953,27902,643,13.630067130969897,6.239544128594974,56.907412154058974,133603.60822157422,133308.3125,134001.28125,692.96875
bifurcating,sample_0164,16050,32096,779,10.909615881082617,4.7209422383311646,40.49465599021035,133516.47055003894,133290.890625,133789.859375,498.96875
bifurcating,sample_0165,18490,36976,914,13.985960059707969,8.970426545269406,74.59746222171616,133565.3575133518,133308.921875,134011.5625,702.640625
bifurcating,sample_0166,15324,30644,733,13.198387364945804,6.096054602439869,62.48736524095928,133565.96985121377,133307.890625,133968.53125,660.640625
bifurcating,sample_0167,21726,43448,1443,11.924494690175598,10.430246468647146,103.92090235965965,133508.3137341204,132846.84375,133820.5,973.65625
bifurcating,sample_0168,17905,35806,848,9.992789998534226,5.244273355153273,49.53273785473342,133496.31457606115,133324.296875,133775.109375,450.8125
bifurcating,sample_0169,14670,29336,673,14.29688198249057,6.941684251294608,56.23584836246139,133633.02248743182,133331.78125,133958.0,626.21875
bifurcating,sample_0170,16580,33156,805,12.70111698209286,6.729265732143132,73.51990080630362,133533.29483093336,133307.796875,133936.359375,628.5625
bifurcating,sample_0171,14349,28694,702,16.08512602192965,8.639800286248843,81.04524784032144,133682.16479698062,133315.484375,134164.171875,848.6875
bifurcating,sample_0172,20232,40460,1399,9.063913544502766,4.538583127746123,43.153425368843784,133430.88405511688,133277.859375,133671.234375,393.375
bifurcating,sample_0173,17060,34116,861,12.481125889559344,6.24722313835861,71.5209923264441,133547.55993735345,133329.1875,133921.859375,592.671875
bifurcating,sample_0174,14061,28118,687,16.833605611105714,9.354095700079418,80.08555671369741,133708.12972272598,133321.53125,134115.46875,793.9375
bifurcating,sample_0175,14977,29950,698,11.997655226221633,6.050581922250483,64.45366044655385,133543.35937708654,133297.296875,133924.53125,627.234375
bifurcating,sample_0176,15125,30246,734,16.143677605175807,9.985107317091979,80.01433619406265,133654.49926859504,133266.75,134110.921875,844.171875
bifurcating,sample_0177,19354,38704,988,12.140370075737192,7.287544625066219,66.29582861389399,133462.15470719876,133274.78125,133889.9375,615.15625
bifurcating,sample_0178,18563,37122,935,10.694788072579662,5.739116345900893,77.76172910948101,133524.74366431206,133348.9375,133912.625,563.6875
bifurcating,sample_0179,18173,36342,875,13.08800451117506,7.545781825900836,78.0179721196287,133539.53366085677,133315.375,134052.34375,736.96875
bifurcating,sample_0180,19133,38262,907,11.035314345540657,6.9291910343780225,57.899848895566485,133530.30358216172,133313.359375,133874.34375,560.984375
bifurcating,sample_0181,16312,32620,778,12.466640492895818,6.126423649483408,70.37413635273276,133577.88747452028,133339.75,134161.15625,821.40625
bifurcating,sample_0182,18574,37144,934,10.077001892963088,4.951859368651641,55.435484525943025,133458.37337979165,133295.140625,133796.59375,501.453125
bifurcating,sample_0183,13437,26870,644,15.9696674283836,8.04242375628605,84.93318525411858,133719.73213189328,133360.28125,134238.109375,877.828125
bifurcating,sample_0184,16843,33682,826,14.584016321821446,8.025502728929665,98.49069144800839,133578.71290001782,133321.890625,134462.609375,1140.71875
bifurcating,sample_0185,18400,36796,910,10.99352814387647,6.275759871709358,84.0444489478707,133485.19183848504,133320.109375,134130.890625,810.78125
bifurcating,sample_0186,18439,36874,922,12.029012971935844,6.1303583236070756,76.96104935194712,133489.67685934025,133180.953125,134410.1875,1229.234375
bifurcating,sample_0187,11993,23982,586,16.260741754163597,6.656618567512354,56.88895583146458,133753.83366338696,133329.265625,134305.078125,975.8125
bifurcating,sample_0188,15686,31368,732,12.53379505624257,6.678406913668172,64.65651107539198,133538.96815532164,133288.265625,133912.3125,624.046875
bifurcating,sample_0189,20266,40528,972,10.116163648781738,6.2600278278471375,77.1139165633816,133496.76003913576,133343.578125,133982.78125,639.203125
bifurcating,sample_0190,20883,41762,1379,11.63450576562197,7.671241934299297,73.65749278995777,133525.54119154936,133153.8125,134022.4375,868.625
bifurcating,sample_0191,18395,36786,921,12.10488545070521,6.9937697867031465,81.74096654154383,133496.23506982197,133298.828125,134123.453125,824.625
bifurcating,sample_0192,21046,42088,1423,10.981535125391554,7.080560809057118,71.28216490081803,133451.821445435,133283.234375,133948.0,664.765625
bifurcating,sample_0193,15096,30188,717,14.975903419061305,8.330980644984196,77.0373641354852,133624.52304418388,133313.421875,134115.953125,802.53125
bifurcating,sample_0194,16883,33762,808,10.738958728179911,5.013386107885657,48.821963267670306,133492.98119410058,133312.1875,133764.015625,451.828125
bifurcating,sample_0195,16480,32956,820,14.702801776256525,8.280636557479346,72.49328958911913,133610.4099666262,133325.765625,134036.15625,710.390625
bifurcating,sample_0196,17222,34440,819,14.665922083824837,9.167636579591484,82.01336970320223,133568.7075996545,133278.40625,133950.734375,672.328125
bifurcating,sample_0197,17990,35976,879,10.244279884781871,4.800167288097487,46.3184620838996,133513.44039570595,133320.359375,133782.140625,461.78125
bifurcating,sample_0198,17892,35780,848,11.653175113175926,6.866928549677253,93.25333060246761,133475.91392364603,133282.5625,134100.6875,818.125
bifurcating,sample_0199,17470,34936,825,12.375202921745545,6.131169443288305,88.67846097676308,133560.67055935174,133351.4375,134096.9375,745.5
bifurcating,sample_0200,16867,33730,773,12.300101781556943,7.114906894265721,75.99222947546741,133575.57652053566,133350.765625,134050.953125,700.1875
bifurcating,sample_0201,17382,34760,842,12.227796163297105,6.203933822195326,64.07363286544339,133520.04702511936,133308.578125,134068.84375,760.265625
bifurcating,sample_0202,11680,23356,579,18.643890819391377,8.948778559901315,88.48639191263776,133811.38911333476,133318.328125,134307.71875,989.390625
bifurcating,sample_0203,19086,38168,910,11.514222488133482,7.823809591123795,61.53211666359938,133553.3072646508,133314.671875,133941.296875,626.625
bifurcating,sample_0204,17100,34196,843,16.021548421348584,10.373647392118762,83.68729177183904,133623.42086440057,133315.796875,134049.53125,733.734375
bifurcating,sample_0205,16065,32126,766,12.786486810753614,6.83397011839791,70.6894160047349,133589.3472980859,133335.796875,134027.875,692.078125
bifurcating,sample_0206,18471,36938,854,11.802838023314617,7.407180994863104,57.38836684954353,133517.4737967625,133327.25,133860.234375,532.984375
bifurcating,sample_0207,15288,30572,721,11.759617015054904,5.071015821798932,37.508436602472884,133570.09656572965,133327.171875,133818.71875,491.546875
bifurcating,sample_0208,18436,36868,879,11.832907711960782,6.737642144359337,87.91125657783373,133506.10004203732,133303.515625,133969.078125,665.5625
bifurcating,sample_0209,22530,45056,1452,9.71492793120739,7.191404619496686,65.7413838587047,133463.44880437196,133292.71875,133821.0,528.28125
bifurcating,sample_0210,15615,31226,718,13.855860186764415,7.288489836253588,71.62159143788588,133613.8774885927,133325.75,134031.25,705.5
bifurcating,sample_0211,22456,44908,1478,9.347486838149164,5.895292515403477,56.52493665705874,133400.18389712102,133259.0625,133824.25,565.1875
bifurcating,sample_0212,17420,34836,827,12.022985639814003,6.109704594034063,75.48827748782492,133534.3809315801,133325.828125,133994.21875,668.390625
bifurcating,sample_0213,16487,32970,776,12.442273179675151,5.80531776101596,85.71041921966214,133510.58996576848,133285.078125,133982.484375,697.40625
bifurcating,sample_0214,15273,30542,722,13.660027915916135,7.005541678882571,64.20843221300836,133576.23253351502,133304.09375,133959.3125,655.21875
bifurcating,sample_0215,16710,33416,816,12.244062297142468,6.46122032271747,59.17984274124458,133485.4466113106,133275.90625,133830.625,554.71875
bifurcating,sample_0216,12747,25490,625,18.663952439305262,8.697888928153466,108.33905835298486,133814.80048859536,133311.46875,134570.84375,1259.375
bifurcating,sample_0217,17041,34078,809,12.69117801036723,7.064964097929774,93.36789197502381,133535.24274360365,133309.15625,134056.953125,747.796875
bifurcating,sample_0218,18963,37922,960,13.318415197448028,8.324917204689152,96.49807562186976,133516.0220206784,133316.078125,134063.984375,747.90625
bifurcating,sample_0219,21683,43362,1476,9.79201088796756,5.9069330624054865,53.74970167784328,133404.92205443204,133208.765625,133687.78125,479.015625
bifurcating,sample_0220,9252,18500,325,23.31339597318505,9.234434795001063,82.01034110367866,134069.68074301502,133309.71875,134838.875,1529.15625
bifurcating,sample_0221,19178,38352,946,12.438232153738156,8.164665690036154,66.08933859095777,133575.09323427235,133312.84375,133935.9375,623.09375
bifurcating,sample_0222,14169,28334,663,14.625573530431712,6.829449364067739,77.17349178372152,133664.54514477027,133325.578125,134114.84375,789.265625
bifurcating,sample_0223,18527,37050,905,11.174506146690407,6.146802120820521,65.8479793479999,133500.88576722486,133273.578125,133946.328125,672.75
bifurcating,sample_0224,17965,35926,845,13.066888019387635,7.355471326946902,77.25237353635745,133586.6599055455,133350.21875,134082.140625,731.921875
bifurcating,sample_0225,16306,32608,814,14.186519204484457,7.451970968265507,112.49405284742616,133578.18593615846,133276.5,134257.34375,980.84375
bifurcating,sample_0226,17973,35942,877,14.448600126362154,8.724464544206139,77.07899422218229,133555.18266027514,133301.375,133981.3125,679.9375
bifurcating,sample_0227,11502,23000,587,16.02270282075149,7.277039427099445,34.01851542239258,133734.00374255565,133322.5625,134279.046875,956.484375
bifurcating,sample_0228,14924,29844,754,12.190876939799235,5.596193723045769,30.253863334173925,133533.9255770906,133310.15625,133815.0,504.84375
bifurcating,sample_0229,15308,30612,717,15.000374607401394,8.462924251051643,74.43381972756853,133654.10262301573,133315.265625,134128.09375,812.828125
bifurcating,sample_0230,16182,32360,807,12.025950979608394,5.251919498686409,52.40970458877383,133566.2898639306,133351.5,133896.828125,545.328125
bifurcating,sample_0231,15784,31564,765,14.753735838451625,8.21558528712973,99.28725803974606,133620.54637310727,133307.125,134234.78125,927.65625
bifurcating,sample_0232,17612,35220,847,12.456402260265552,6.525703247426776,86.5542367183763,133559.31880163384,133296.8125,134473.703125,1176.890625
bifurcating,sample_0233,17908,35812,871,14.133969358289985,8.790650268314613,78.9173423714067,133559.30733645576,133320.53125,133968.9375,648.40625
bifurcating,sample_0234,14576,29148,672,15.302787795993046,7.969134628091665,99.18257291288563,133679.860467335,133316.359375,134220.390625,904.03125
bifurcating,sample_0235,21331,42658,1480,9.00518299693533,5.1442509790754745,57.447736128306715,133448.35482689514,133319.890625,133744.453125,424.5625
bifurcating,sample_0236,13987,27970,657,15.168636174205073,7.460098828252494,99.6844056392369,133649.22040332094,133316.953125,134237.515625,920.5625
bifurcating,sample_0237,16222,32440,732,12.509822520070166,7.122842550659599,76.2411471833462,133600.19803064512,133363.90625,134054.484375,690.578125
bifurcating,sample_0238,17887,35770,884,10.472423254027033,5.459308216731447,49.8118674586034,133481.11983476128,133298.015625,133734.015625,436.0
bifurcating,sample_0239,14158,28312,663,15.362652727726063,7.6856425969753595,70.46381524007121,133649.67253385895,133309.46875,134055.203125,745.734375
bifurcating,sample_0240,20085,40166,982,10.289130822275347,6.213424630314959,74.6730854212859,133319.5377753921,133159.53125,133770.046875,610.515625
bifurcating,sample_0241,18883,37762,968,11.562592514875817,6.5979133448867735,63.1202049068076,133490.9513045795,133310.421875,133850.9375,540.515625
bifurcating,sample_0242,17044,34084,846,15.02936472452648,8.849323983684709,77.04614333418725,133596.25582041335,133319.1875,134067.875,748.6875
bifurcating,sample_0243,14963,29922,711,14.873923280758229,8.336095645222246,72.08594756966801,133664.56729829413,133343.609375,134130.4375,786.828125
bifurcating,sample_0244,13099,26194,643,17.13211833363156,7.569758942523295,90.00751013092332,133719.91619708567,133309.421875,134295.890625,986.46875
bifurcating,sample_0245,15465,30926,730,14.296874869901933,6.315237683955363,58.4313624905669,133622.34098670384,133327.25,134069.484375,742.234375
bifurcating,sample_0246,16560,33116,772,12.702088156807394,7.46647381772328,79.75216398798369,133575.7028617527,133330.609375,134022.21875,691.609375
bifurcating,sample_0247,17811,35618,806,11.748684932555369,6.347452293653214,71.35230090679822,133521.3145773679,133314.4375,133855.234375,540.796875
bifurcating,sample_0248,18495,36986,855,12.012564768722747,7.01856272238886,74.46125320965523,133532.6308081576,133326.84375,134369.203125,1042.359375
bifurcating,sample_0249,19996,39988,1412,9.532588884723525,4.822821240517492,36.36074917686145,133468.4778924535,133244.84375,133745.46875,500.625
bifurcating,sample_0250,14327,28650,658,13.267548599102092,6.360190814513237,66.50699130570078,133607.26316570112,133325.796875,133960.484375,634.6875
bifurcating,sample_0251,17075,34146,791,10.456431035325672,4.766073823480159,54.62929879118788,133532.8694509517,133361.4375,133829.359375,467.921875
bifurcating,sample_0252,11809,23614,589,17.58802731125422,8.132751150946602,81.74254066543536,133769.61473505376,133318.25,134262.859375,944.609375
bifurcating,sample_0253,16160,32316,764,14.438279780866772,8.542471103219002,87.58051136458224,133588.34055828434,133316.4375,134116.46875,800.03125
bifurcating,sample_0254,13801,27598,685,17.008692779862322,8.76182342512241,96.26049341350927,133703.68473978335,133307.125,134289.484375,982.359375
bifurcating,sample_0255,13890,27776,636,14.940170654217434,7.293272056201466,74.79381768566101,133683.4809361501,133323.546875,134132.1875,808.640625
bifurcating,sample_0256,19193,38382,985,10.40079663791794,5.564937846826846,66.41037939770023,133533.84626149508,133384.34375,133949.9375,565.59375
bifurcating,sample_0257,16786,33568,774,12.385905850633707,6.848267642295141,113.17875864741215,133575.9709886587,133362.828125,134253.21875,890.390625
bifurcating,sample_0258,20753,41502,1062,9.980877305854426,6.493236484797804,81.00380478828963,133480.77225883005,133297.0625,133898.390625,601.328125
bifurcating,sample_0259,18057,36110,920,11.49364956982202,5.988918586387859,68.09877097252814,133456.11284231878,133279.78125,133857.46875,577.6875
bifurcating,sample_0260,14633,29262,772,14.12369078115426,6.793902236947532,44.02302016186638,133566.13902651542,133176.25,133917.109375,740.859375
bifurcating,sample_0261,18355,36706,863,12.013285585475193,6.648610134152721,64.36929852347421,133495.8252707028,133282.6875,133861.234375,578.546875
bifurcating,sample_0262,18690,37376,907,12.377652008763286,7.322938168538029,76.99115358133848,133544.07336643926,133327.890625,134028.328125,700.4375
bifurcating,sample_0263,16632,33260,793,12.551094585596983,6.818246528054037,79.19634881200035,133536.90687943422,133322.359375,134321.703125,999.34375
bifurcating,sample_0264,16986,33968,807,12.18146807463037,5.937928090784594,71.81014236002402,133526.91991842547,133214.546875,134261.1875,1046.640625
bifurcating,sample_0265,15786,31568,797,14.663714117540069,7.256213852031429,99.51656121878598,133597.65091596192,133305.140625,134287.65625,982.515625
bifurcating,sample_0266,19686,39368,1080,8.107284402187636,3.937280775331269,27.68426371463132,133405.97735383012,133101.234375,133537.234375,436.0
bifurcating,sample_0267,12956,25908,613,15.90108397668652,7.014457431348554,57.34744266081764,133683.3570365564,133313.4375,134221.640625,908.203125
bifurcating,sample_0268,21160,42316,1448,11.160425042842954,6.722257802299201,61.862539593738035,133535.6975225957,133360.609375,133989.515625,628.90625
bifurcating,sample_0269,14994,29984,720,15.296626705525238,6.77273418518412,94.05270690265817,133621.1362743014,133280.28125,134184.65625,904.375
bifurcating,sample_0270,16142,32280,799,13.173029661038456,6.768240351355365,78.10223245211245,133597.78346859125,133341.3125,134268.921875,927.609375
bifurcating,sample_0271,16072,32140,743,11.697743958563743,5.638281369280274,60.17809130217936,133585.96036390928,133361.5,133957.1875,595.6875
bifurcating,sample_0272,17214,34424,823,11.479383793133827,6.246480685516906,84.58267303048368,133557.69054984316,133372.796875,134067.0,694.203125
bifurcating,sample_0273,15134,30264,715,12.680909767980488,6.200106185772683,52.66508459187849,133549.8196599957,133276.0625,133943.59375,667.53125
bifurcating,sample_0274,16991,33978,862,14.321558256734985,7.687599245082433,81.50278751270244,133601.3811319228,133324.75,134234.296875,909.546875
bifurcating,sample_0275,15764,31524,720,12.71094523631943,6.0660340585344725,82.49523277494728,133596.03466264115,133336.71875,133989.796875,653.078125
bifurcating,sample_0276,16404,32804,762,14.17928067325822,8.593786186110382,67.19261819670652,133585.6581083501,133297.0,133987.5,690.5
bifurcating,sample_0277,20915,41826,1096,11.464568574240037,7.750336432397532,70.08978400771753,133569.14119949797,133340.046875,133879.96875,539.921875
bifurcating,sample_0278,16153,32302,775,13.131275027756638,7.204246610910773,83.03089651854998,133538.66005444035,133299.171875,134050.984375,751.8125
bifurcating,sample_0279,18967,37930,942,14.02880957236867,9.138123203425703,85.34704134680844,133571.9927069054,133293.34375,133962.3125,668.96875
bifurcating,sample_0280,15500,30996,707,11.52960540638807,5.35397555857301,49.835396562562764,133577.9876532258,133361.21875,133868.78125,507.5625
bifurcating,sample_0281,19090,38176,941,10.632351518068765,5.784661212641172,54.40017289788003,133451.0021297145,133269.59375,133742.59375,473.0
bifurcating,sample_0282,16519,33034,811,12.310015221934167,5.818310617573661,56.05534105460124,133560.627168904,133343.0625,133889.734375,546.671875
bifurcating,sample_0283,17603,35202,808,13.771576728271356,8.239282792653528,78.5906153408361,133551.99765487417,133308.671875,133917.046875,608.375
bifurcating,sample_0284,20421,40838,974,10.570243450155798,7.555904576106255,74.29353306019746,133397.022417946,133166.203125,133770.65625,604.453125
bifurcating,sample_0285,20280,40556,1448,10.283114132151582,5.384531362405163,56.2200523817148,133493.14052715115,133215.21875,133779.3125,564.09375
bifurcating,sample_0286,18307,36610,848,11.620176362526838,6.754570460702291,65.86176866986558,133523.45552589174,133328.28125,133896.078125,567.796875
bifurcating,sample_0287,15604,31204,768,14.073343035959166,7.419020850468288,79.54186530693161,133599.89372516662,133319.703125,134109.328125,789.625
bifurcating,sample_0288,15963,31922,763,13.504897773729907,7.147626884989096,86.22884124193895,133553.29954621624,133303.890625,134082.921875,779.03125
bifurcating,sample_0289,16524,33044,728,11.907217649444842,6.022130506067542,68.40457035955134,133551.89733115467,133322.328125,133944.234375,621.90625
bifurcating,sample_0290,19060,38116,930,12.725977876493602,9.345536919726245,79.60427185538128,133557.23857309154,133235.171875,133944.3125,709.140625
bifurcating,sample_0291,22717,45430,1521,10.65591103399382,6.904460394253367,77.57965209716419,133464.6778493254,133288.78125,133868.578125,579.796875
bifurcating,sample_0292,15876,31748,769,15.052623389367248,8.137945014259715,99.3747697712736,133599.21982178287,133292.953125,134143.96875,851.015625
bifurcating,sample_0293,14517,29030,690,15.660173752891744,9.073058964073837,80.59984661133025,133648.75629649722,133316.84375,134108.875,792.03125
bifurcating,sample_0294,18948,37892,936,11.812258831922412,6.910788252088744,97.49051819044149,133471.48898465539,133214.265625,134216.078125,1001.8125
bifurcating,sample_0295,17648,35292,799,11.835707253091345,7.1212189498778535,76.25846169949862,133526.12721607974,133320.6875,133987.046875,666.359375
bifurcating,sample_0296,19052,38100,890,11.386633995334142,6.190770176187231,68.64322479913643,133490.20632676358,133305.4375,134014.453125,709.015625
bifurcating,sample_0297,9695,19386,527,22.612990528413377,9.672170736335099,93.0067119443105,134030.42608464413,133297.765625,134806.4375,1508.671875
bifurcating,sample_0298,17690,35376,820,12.899482141044752,7.9809498819448,84.344946952646,133548.20083822074,133341.125,134010.765625,669.640625
bifurcating,sample_0299,18422,36840,874,12.733091793007295,7.789960031356061,71.97676070826779,133541.4776498548,133310.8125,133978.671875,667.859375
bifurcating,sample_0300,16393,32782,791,16.001204806628404,9.609350156373068,86.67432972994351,133622.69290722412,133322.390625,134144.21875,821.828125
bifurcating,sample_0301,15650,31296,725,13.171603814437907,7.036730335892154,79.56088161265839,133604.82642971247,133339.484375,134028.78125,689.296875
bifurcating,sample_0302,16447,32890,800,12.783709318964567,6.454211865894139,93.32734826464512,133533.72393901623,133271.765625,134150.796875,879.03125
bifurcating,sample_0303,15614,31224,738,15.456404533903218,8.472361389350114,89.4157669010692,133629.31156834413,133324.671875,133999.71875,675.046875
bifurcating,sample_0304,13911,27818,674,14.959500857143187,6.979874211915051,63.86199948083626,133657.30104323916,133329.703125,133986.0625,656.359375
bifurcating,sample_0305,17127,34250,824,11.019580029264636,5.392770902957834,73.30221240316982,133557.79037575904,133353.21875,133965.203125,611.984375
bifurcating,sample_0306,15207,30410,725,13.22544883663569,6.593462325304282,65.98475263340349,133581.93612419444,133320.640625,133946.265625,625.625
bifurcating,sample_0307,18615,37226,874,10.227551091957249,5.291493449139191,60.108799173775445,133372.79643936342,133210.359375,133715.0625,504.703125
bifurcating,sample_0308,17633,35262,839,12.287374441584756,7.1775965742447445,72.22843969629712,133554.95127034537,133332.578125,133999.0625,666.484375
bifurcating,sample_0309,16262,32520,750,13.694598242255637,8.408438011307332,76.09337961455613,133601.25031995605,133329.625,134063.90625,734.28125
bifurcating,sample_0310,15351,30698,710,14.021419779359698,6.7769018377800565,84.34951542863742,133619.2989687154,133324.265625,134253.796875,929.53125
bifurcating,sample_0311,14097,28190,659,12.42381009403455,5.457864111169196,34.8252962235107,133600.41527674327,133323.71875,133850.640625,526.921875
bifurcating,sample_0312,14685,29366,696,15.050567053152326,7.571601296549832,77.15372587891393,133654.01864040687,133325.1875,134095.265625,770.078125
bifurcating,sample_0313,15918,31832,739,13.349038182625689,6.3365989336859085,78.38113241233856,133571.17073046236,133320.34375,134121.859375,801.515625
bifurcating,sample_0314,12869,25734,630,16.064610008824268,7.6023739948852285,64.02511673557368,133703.49986887092,133337.859375,134111.375,773.515625
bifurcating,sample_0315,17016,34028,812,15.024317262176067,8.830108245559762,84.72274887716523,133591.8579820096,133310.3125,134036.890625,726.578125
bifurcating,sample_0316,18961,37918,943,12.408032153384259,8.075378364456485,78.82547346564427,133538.74140587918,133325.328125,133957.4375,632.109375
bifurcating,sample_0317,12611,25218,620,16.498153153226696,7.616920729961335,98.60050582334367,133712.08358897985,133286.234375,134643.890625,1357.65625
bifurcating,sample_0318,18650,37296,935,13.33931923191824,7.575695629356278,80.09702601768143,133554.97440599866,133293.828125,133957.859375,664.03125
bifurcating,sample_0319,14327,28650,671,13.971977366510446,6.203710704365426,70.92445517718328,133604.47080577756,133337.578125,134107.046875,769.46875
bifurcating,sample_0320,22156,44308,1438,9.5202753010007,6.669676259445416,64.11574278370756,133468.4206620103,133335.015625,133881.375,546.359375
bifurcating,sample_0321,18714,37424,986,11.327430556918081,6.101116877645531,59.06008439105558,133514.28252828764,133320.765625,133829.796875,509.03125
bifurcating,sample_0322,13429,26854,644,16.479476452678565,8.324960502094994,84.64226365870606,133700.90592072194,133317.46875,134220.609375,903.140625
bifurcating,sample_0323,14735,29466,718,16.159672935177213,7.890169269344671,92.80512284747763,133680.3705728283,133320.65625,134133.703125,813.046875
bifurcating,sample_0324,19202,38400,896,11.468962307292081,8.057445106317834,67.52212094486227,133495.83993285205,133195.84375,133852.578125,656.734375
bifurcating,sample_0325,15492,30980,774,13.81703980706461,6.667040168553819,57.76944899623712,133602.09916610186,133337.40625,133950.609375,613.203125
bifurcating,sample_0326,17459,34914,820,10.386304713297745,5.460661942817819,63.49172751291403,133530.15610322755,133343.296875,133937.078125,593.78125
bifurcating,sample_0327,19602,39200,1438,10.40362101220817,5.479708559277761,52.36932054902786,133482.37611037778,133306.453125,133823.109375,516.65625
bifurcating,sample_0328,18917,37830,899,10.075763737119035,5.745386031463652,68.85614675514897,133508.57839509437,133344.953125,133876.9375,531.984375
bifurcating,sample_0329,17011,34018,813,13.25043336145728,7.434406003287426,96.75073856267886,133538.6464888528,133294.984375,134255.515625,960.53125
bifurcating,sample_0330,20596,41188,1412,12.847891378569116,8.660805765014768,89.05438021662077,133567.8718440474,133288.265625,134023.953125,735.6875
bifurcating,sample_0331,19414,38824,973,12.977700519532979,7.7942819501439855,89.20095087554249,133512.44356521068,133108.578125,134072.875,964.296875
bifurcating,sample_0332,14479,28954,675,12.864028806670385,6.095416235378982,60.59061148752956,133611.34716119035,133333.5625,134010.5625,677.0
bifurcating,sample_0333,13791,27578,636,14.96631081990479,6.603693574820474,81.02460401344992,133667.49821101624,133328.25,134279.65625,951.40625
bifurcating,sample_0334,13435,26866,621,14.663364771986904,7.044752705231369,73.45423631838874,133682.46630652214,133326.796875,134080.0,753.203125
bifurcating,sample_0335,17684,35364,813,12.16327837280272,7.951085957480685,68.97290192873994,133568.33512903613,133283.984375,133974.34375,690.359375
bifurcating,sample_0336,19255,38506,915,12.536766201855032,7.579799697895346,77.92069879859224,133543.67092638277,133336.3125,133999.0625,662.75
bifurcating,sample_0337,10912,21820,561,20.222037579985596,9.388433428250238,81.74752365890552,133905.180195828,133314.0,134524.796875,1210.796875
bifurcating,sample_0338,15404,30804,721,11.634176790386864,5.444697459016997,46.410510425943755,133548.7735845803,133329.046875,133808.5,479.453125
bifurcating,sample_0339,17649,35294,852,10.245818868910456,5.25115267177687,52.01447076158599,133760.65082387812,133576.53125,134036.515625,459.984375
bifurcating,sample_0340,15735,31466,731,15.687947528078565,9.17781135343666,78.4445015705527,133619.9955940181,133308.640625,134011.5625,702.921875
bifurcating,sample_0341,15897,31790,739,13.224054121563247,7.22774194999523,72.47029641342581,133589.34235036484,133333.046875,134060.0,726.953125
bifurcating,sample_0342,19285,38566,1002,12.718017621428242,8.005381825316707,86.20707908875482,133478.58036929608,133273.28125,134001.984375,728.703125
bifurcating,sample_0343,17605,35206,886,12.43918992097133,7.039796357780388,85.23431664525886,133548.87361900028,133337.90625,134026.890625,688.984375
bifurcating,sample_0344,16442,32880,789,15.689785356963943,9.643091666803091,90.40455225898718,133632.10266676042,133325.59375,134063.203125,737.609375
bifurcating,sample_0345,15559,31114,733,12.288768283172947,5.557150770283887,82.16990388169138,133548.8067788338,133317.515625,134072.390625,754.875
bifurcating,sample_0346,16791,33578,839,11.899716314048664,5.599039761577193,58.714215281502256,133516.2866453755,133295.921875,133855.25,559.328125
bifurcating,sample_0347,18103,36202,914,12.833600144321863,7.536304319533538,70.9745751388353,133578.94424870878,133361.15625,133993.828125,632.671875
bifurcating,sample_0348,17145,34286,798,14.331935612683674,9.374676026173661,90.38349417890186,133585.1960894211,133206.5,133983.21875,776.71875
bifurcating,sample_0349,17913,35822,830,10.70295082016135,5.5275829960922716,49.25910681321229,133491.6947930623,133308.828125,133858.75,549.921875
bifurcating,sample_0350,19349,38694,969,11.971450156492066,7.349580598510897,69.06076879916003,133497.92882949376,133265.4375,133929.328125,663.890625
bifurcating,sample_0351,14495,28986,675,15.164194623221183,7.466219753961049,92.50236968809664,133652.2736450069,133318.625,134309.203125,990.578125
bifurcating,sample_0352,15027,30050,707,13.12347235102632,6.741443257275992,68.883503726532,133588.97366407135,133312.765625,134027.046875,714.28125
bifurcating,sample_0353,16212,32420,808,13.377492141669107,6.639025898452174,55.95100363559427,133602.93926181225,133325.4375,133924.140625,598.703125
bifurcating,sample_0354,18556,37108,938,11.095347506341199,6.236495671629391,62.27901026922385,133477.37724489384,133303.75,133866.46875,562.71875
bifurcating,sample_0355,18440,36876,887,12.855485479867365,7.780401206042386,93.89517863383868,133500.61312703363,133287.6875,133986.859375,699.171875
bifurcating,sample_0356,18943,37882,942,10.982375821472276,5.517888150226975,56.178545916203184,133511.54595777465,133237.96875,133998.25,760.28125
bifurcating,sample_0357,17009,34014,839,12.208113954471969,5.861565772528047,51.05462461074771,133575.55399439269,133348.40625,133844.578125,496.171875
bifurcating,sample_0358,19411,38818,967,11.892042946989491,6.788137657288175,74.11936402339636,133510.3924747888,133321.96875,133977.578125,655.609375
bifurcating,sample_0359,14358,28712,672,14.15895091747089,6.395902582257198,69.68318931294661,133624.73475914996,133310.53125,134088.8125,778.28125
bifurcating,sample_0360,16402,32800,742,12.966502084309063,7.152149885343352,83.19952019082169,133563.4601239559,133325.0625,134034.6875,709.625
bifurcating,sample_0361,14793,29582,695,14.599059071335134,7.620128527450945,79.68793215036024,133642.06584617725,133319.125,134092.734375,773.609375
bifurcating,sample_0362,18221,36438,919,11.327642939891064,6.210631011438128,65.74636217687635,133545.57736523106,133324.75,133866.953125,542.203125
bifurcating,sample_0363,16683,33362,784,12.942888261660894,7.310174701252718,84.90613366793762,133546.1041123449,133315.5625,134032.671875,717.109375
bifurcating,sample_0364,15623,31242,730,12.694216885575072,6.557141615296762,53.61316290813641,133546.92511341453,133169.125,133883.03125,713.90625
bifurcating,sample_0365,16954,33904,795,14.224613135673744,8.44436762468658,72.85812291278303,133547.52287439542,133300.9375,133979.640625,678.703125
bifurcating,sample_0366,16414,32824,795,12.485801980960481,6.102003816220583,76.71975196475358,133551.17635669245,133333.34375,134130.265625,796.921875
bifurcating,sample_0367,18357,36710,932,12.811929403160535,6.564463864681493,67.287959789336,133530.49479336903,133323.71875,133866.953125,543.234375
bifurcating,sample_0368,15138,30272,729,14.107289384612802,6.779020693215863,88.04495791688628,133632.9133926212,133319.359375,134207.953125,888.59375
bifurcating,sample_0369,14766,29528,706,15.132823797200627,7.658570920352342,85.44550616439219,133627.86615260565,133309.21875,134150.265625,841.046875
bifurcating,sample_0370,15466,30928,724,12.684514629704216,6.616130513766356,65.2696300179348,133558.6083010717,133314.09375,133975.984375,661.890625
bifurcating,sample_0371,17498,34992,929,11.385818126929781,5.260697313140556,32.48343956227283,133503.0262253186,133325.109375,133767.21875,442.109375
bifurcating,sample_0372,13098,26192,626,16.157341490599723,7.379244671322277,102.70779061159803,133711.09495247365,133352.78125,134376.453125,1023.671875
bifurcating,sample_0373,12176,24348,577,14.63196379651381,6.036946580383202,48.44905131477499,133692.76111946657,133318.375,134052.5,734.125
bifurcating,sample_0374,15504,31004,750,15.191353545301244,8.978803133987295,69.10293844791644,133629.50061072948,133310.796875,134115.0,804.203125
bifurcating,sample_0375,15820,31636,731,12.97168338265063,6.264272748317344,71.24642844748742,133599.6499397519,133321.84375,133905.65625,583.8125
bifurcating,sample_0376,15723,31442,743,13.521470572477968,7.4846788425238975,108.52957932520243,133582.17199723335,133328.859375,134444.71875,1115.859375
bifurcating,sample_0377,15472,30940,731,14.579390777414273,7.6610654496622335,96.35523821892895,133609.92478146005,133321.25,134191.71875,870.46875
bifurcating,sample_0378,15590,31176,702,12.53505936021369,6.656060759617279,78.83843430297213,133549.40079177357,133289.890625,134024.8125,734.921875
bifurcating,sample_0379,18374,36744,880,12.26338246114431,7.271854358716445,77.25787467448723,133442.13279549227,133237.5,133984.796875,747.296875
bifurcating,sample_0380,19137,38270,937,12.379288233611131,7.409920089898708,61.522312887099055,133608.65328698987,133348.90625,133938.640625,589.734375
bifurcating,sample_0381,15912,31820,763,11.591543087238279,5.605465078980301,53.707179749928564,133572.73346668395,133372.125,133886.625,514.5
bifurcating,sample_0382,17269,34534,818,13.315399966865366,7.852401394826458,89.25652481515166,133532.57444155714,133294.28125,134104.96875,810.6875
bifurcating,sample_0383,16894,33784,794,13.874192813198109,8.352578007347645,72.84226489086,133587.65639058244,133328.59375,134026.578125,697.984375
bifurcating,sample_0384,15470,30936,753,15.686467976738188,8.369583074751272,100.57809684114629,133621.92124070783,133317.890625,134356.953125,1039.0625
bifurcating,sample_0385,14970,29936,697,14.328859989989136,8.240477673568623,80.08941620441315,133632.87113497828,133264.8125,133990.359375,725.546875
bifurcating,sample_0386,22103,44202,1457,10.789673069991407,7.1069649057898525,57.136864087898694,133271.42506390536,133056.328125,133598.1875,541.859375
bifurcating,sample_0387,18755,37506,921,13.83294345580767,8.53638617883719,74.59688893335867,133598.24359754066,133369.453125,134014.171875,644.71875
bifurcating,sample_0388,16431,32858,805,14.23587869723677,7.841012926566835,74.48828579097902,133594.74776622694,133324.0,134098.0625,774.0625
bifurcating,sample_0389,18823,37642,924,13.003119398749472,7.994234565616904,72.22943457203876,133552.4670524425,133340.890625,133919.5,578.609375
bifurcating,sample_0390,16871,33738,890,11.45431792033306,5.220627300866028,48.17336222999647,133523.3031866813,133302.890625,133856.265625,553.375
bifurcating,sample_0391,17271,34538,837,11.231007051788872,5.871896089779009,60.91739605706987,133520.86735713045,133294.515625,133893.34375,598.828125
bifurcating,sample_0392,14380,28756,675,15.132459081017126,8.06317279269313,73.33482975161292,133645.16124065543,133340.765625,134069.953125,729.1875
bifurcating,sample_0393,14056,28108,685,13.683582351282704,5.927611640820442,44.99053904756085,133611.33173889265,133330.15625,133971.0,640.84375
bifurcating,sample_0394,20141,40278,1381,11.397403182200094,6.340485890046468,81.39537090893258,133554.19415852614,133362.421875,133978.0625,615.640625
bifurcating,sample_0395,17245,34486,874,13.63864486317961,7.579250733318466,77.77199471505794,133552.09002247028,133316.421875,133960.890625,644.46875
bifurcating,sample_0396,14575,29146,665,15.488389454541919,8.074243154031036,90.02022008234628,133674.90304245282,133318.015625,134140.171875,822.15625
bifurcating,sample_0397,18264,36524,871,13.599968806533575,8.854027646514748,74.53742453074246,133514.57784268234,133243.9375,133960.109375,716.171875
bifurcating,sample_0398,16274,32544,780,15.018711697081086,8.946940356470007,81.62069763569983,133609.62116527898,133324.421875,134118.46875,794.046875
bifurcating,sample_0399,13116,26228,647,17.942133794895714,10.056765088162727,89.28808135940581,133755.55495911482,133316.59375,134221.09375,904.5
bifurcating,sample_0400,18073,36142,847,13.35505799382384,8.570814175048591,74.30321177208229,133547.91356841006,133310.46875,133969.15625,658.6875
bifurcating,sample_0401,14823,29642,671,14.048738664588834,6.932246849011486,80.50801108535876,133622.62682571003,133308.53125,134079.453125,770.921875
bifurcating,sample_0402,18049,36094,877,13.768914190110877,7.503919601754681,86.09404472099841,133530.19229424067,133285.875,134103.25,817.375
bifurcating,sample_0403,12869,25734,629,16.138789034034815,7.028801387880767,58.39905697941517,133728.96856301965,133320.0,134172.28125,852.28125
bifurcating,sample_0404,14814,29624,719,15.137615347618734,7.674356024304722,66.45056366199584,133651.73098821216,133319.8125,133985.40625,665.59375
bifurcating,sample_0405,18048,36092,862,10.94334563954825,6.491749369923609,56.74575556569975,133458.16394475842,133246.578125,133751.78125,505.203125
bifurcating,sample_0406,18174,36344,910,10.511640669457735,5.645618697965909,56.926740429982516,133511.3446235006,133332.46875,133841.71875,509.25
bifurcating,sample_0407,17856,35708,829,12.24780046549163,6.780668365610432,75.77592380970982,133506.6946780844,133287.15625,134125.90625,838.75
bifurcating,sample_0408,15640,31276,786,13.896380961345299,6.994324272394468,83.88175507060218,133575.6431415841,133314.3125,134035.5625,721.25
bifurcating,sample_0409,14978,29952,714,14.299407796235768,6.999418238442912,85.23614735960145,133608.89053945788,133304.390625,134181.953125,877.5625
bifurcating,sample_0410,15515,31026,736,14.994628690450657,9.103679846904514,78.41350168926188,133620.16817898,133178.484375,134038.09375,859.609375
bifurcating,sample_0411,15450,30896,757,13.177490294668544,6.460058827859142,63.73343088162384,133607.86575444983,133382.859375,134109.0625,726.203125
bifurcating,sample_0412,19803,39602,1168,12.176985032210698,7.529609079061129,54.05754267368215,133545.16017301672,133186.78125,133880.984375,694.203125
bifurcating,sample_0413,13589,27174,641,15.685513415076583,6.5493141082036255,82.78295682786984,133711.29843531532,133326.484375,134320.515625,994.03125
bifurcating,sample_0414,19182,38360,944,13.811363360828391,9.917115800882128,95.17585913285167,133469.08198929986,133078.625,133787.890625,709.265625
bifurcating,sample_0415,16795,33586,805,13.205036087296211,7.053398818394012,103.56278814852705,133528.9247804406,133292.328125,134101.59375,809.265625
bifurcating,sample_0416,20282,40560,1407,12.877359144103798,8.306967651714881,95.57388602274544,133502.49178381692,133288.90625,134012.75,723.84375
bifurcating,sample_0417,18553,37102,929,10.497127929814596,5.125592504729035,56.544076538901194,133452.45236619413,133252.765625,133738.671875,485.90625
bifurcating,sample_0418,10245,20486,562,22.813238296965864,10.088405077651576,87.85544935014921,134017.18926610542,133318.03125,134744.53125,1426.5
bifurcating,sample_0419,15429,30854,722,14.638016714028199,7.63554195783657,82.0865420900738,133605.4895387744,133311.578125,134093.78125,782.203125
bifurcating,sample_0420,16638,33272,741,11.553856674690923,6.197990262459308,79.59902260008393,133537.107900589,133328.03125,134033.484375,705.453125
bifurcating,sample_0421,18987,37970,1005,8.90834397827646,4.1044176153011245,51.201389313704,133480.1018221349,133346.5,133801.25,454.75
bifurcating,sample_0422,13800,27596,661,16.543726594362415,8.80060450683974,82.34403166771034,133685.04747169383,133320.84375,134167.546875,846.703125
bifurcating,sample_0423,15488,30972,716,14.834261957116484,7.068304747834246,79.78425301189242,133639.24638328867,133326.921875,134098.4375,771.515625
bifurcating,sample_0424,20173,40342,989,11.385146374251113,7.873297040857277,74.76685667160027,133479.09499470209,133258.859375,133885.765625,626.90625
bifurcating,sample_0425,13447,26890,640,15.57892562757302,7.203555753261912,64.30033127600167,133698.5732528631,133168.78125,134273.203125,1104.421875
bifurcating,sample_0426,14796,29588,714,15.516027602845856,8.468718796098242,90.18755135441482,133650.3872900615,133313.96875,134186.859375,872.890625
bifurcating,sample_0427,17910,35816,900,12.915936135338061,6.616953381701474,51.9355812538535,133548.6853093593,133311.484375,133879.484375,568.0
bifurcating,sample_0428,17593,35182,810,11.974890110943136,6.7996801636973725,68.96254776698335,133529.9940610257,133326.015625,133917.765625,591.75
bifurcating,sample_0429,19796,39588,974,11.129151189954623,6.333604710866797,67.47932723650034,133380.42799523895,133203.359375,133786.171875,582.8125
bifurcating,sample_0430,17687,35370,845,13.476667199117589,7.738800656439073,94.55658897336792,133561.7811316221,133328.3125,134105.21875,776.90625
bifurcating,sample_0431,21649,43294,1413,10.859677795057204,7.778956961824242,86.00417316428214,133533.8953329253,133357.65625,133993.09375,635.4375
bifurcating,sample_0432,14884,29764,661,12.9137836742323,5.322032409988294,32.516056701615504,133602.9533622514,133317.828125,133961.734375,643.90625
bifurcating,sample_0433,17861,35718,850,12.623078688564034,6.6943872837977825,81.60493150968652,133537.6592698477,133290.34375,134184.84375,894.5
bifurcating,sample_0434,17035,34066,805,11.905818030594524,6.475142352780592,70.02424754760067,133541.15580881273,133326.5625,133983.515625,656.953125
bifurcating,sample_0435,17703,35402,881,10.428764003628215,4.754317473879862,52.51792291616227,133504.27962862933,133329.875,133761.4375,431.5625
bifurcating,sample_0436,15966,31928,754,10.992825710680728,5.128998045787436,50.23166988420621,133508.81175036015,133307.953125,133874.28125,566.328125
bifurcating,sample_0437,15377,30750,727,14.920877410265069,7.158678575089019,84.98875925872615,133651.7647064203,133333.1875,134218.375,885.1875
bifurcating,sample_0438,14848,29692,723,12.648221332548708,5.702033688398879,35.4518231872774,133584.7673276704,133332.265625,133924.65625,592.390625
bifurcating,sample_0439,15871,31738,745,12.241940056197265,5.898859614738274,79.37794075557133,133553.61457512918,133306.03125,134051.734375,745.703125
bifurcating,sample_0440,15080,30156,728,14.589831849904915,6.855035007076856,76.08000906222928,133595.80429065815,133211.5625,134183.140625,971.578125
bifurcating,sample_0441,16412,32820,795,11.729008579200697,6.123691988399945,79.01138146698948,133556.09192873354,133389.234375,134092.578125,703.34375
bifurcating,sample_0442,16194,32384,743,12.249907774181867,6.7272850670069,55.85217785408011,133572.46019744966,133295.140625,133902.09375,606.953125
bifurcating,sample_0443,16314,32624,779,15.298873242777347,10.017368259574878,85.46294290858881,133613.83277591332,133238.828125,134020.03125,781.203125
bifurcating,sample_0444,14128,28252,652,15.072324147740709,6.8470032822272335,79.26830038640648,133683.39901591698,133323.625,134128.921875,805.296875
bifurcating,sample_0445,18542,37080,920,9.893261826767771,4.913286815085942,57.46806040287614,133467.70947460496,133110.875,133928.984375,818.109375
bifurcating,sample_0446,18772,37540,877,12.767039526470889,7.828340368733424,70.10122914786473,133548.9571253063,133350.015625,133967.703125,617.6875
bifurcating,sample_0447,17351,34698,864,12.346096350607468,6.412966739723466,73.52413539854318,133506.71584670912,133290.9375,134040.09375,749.15625
bifurcating,sample_0448,16490,32976,754,12.475417198171812,6.402251547596288,84.72143798412868,133536.23921505458,133303.46875,134043.078125,739.609375
bifurcating,sample_0449,19654,39304,949,10.674877007846307,6.137858198590516,58.24699723108277,133503.47554966545,133326.6875,133823.21875,496.53125
bifurcating,sample_0450,19177,38350,935,9.058657633248494,4.673793258357815,51.81790249349606,133476.6434107264,133295.1875,133940.90625,645.71875
bifurcating,sample_0451,18512,37020,874,11.014885564899993,6.534889522905745,70.38875236815912,133438.37780139234,133258.234375,133901.15625,642.921875
bifurcating,sample_0452,20299,40594,1113,9.99218263609212,6.058298341739131,81.89444155265264,133513.7095785199,133278.453125,134028.421875,749.96875
bifurcating,sample_0453,17195,34386,806,10.354223270161626,5.3468198162676845,67.32025620774249,133507.80736133322,133337.359375,134012.28125,674.921875
bifurcating,sample_0454,16172,32340,816,11.639237226231838,5.2750516424925635,38.319446954369326,133504.53811274888,133278.203125,133858.21875,580.015625
bifurcating,sample_0455,18856,37708,945,13.675193041795966,8.040822487973516,72.66669529692216,133587.56297150112,133367.671875,134002.890625,635.21875
bifurcating,sample_0456,14632,29260,706,12.447135262271734,5.534375591157045,43.147367848429056,133566.5434834609,133337.015625,133913.140625,576.125
bifurcating,sample_0457,14484,28964,675,13.51530688093162,5.793917048166261,34.15875845482932,133611.50910055923,133317.28125,134049.703125,732.421875
bifurcating,sample_0458,18411,36818,902,11.737858907519584,7.127202035095127,85.75184088035634,133531.38254219625,133237.390625,134345.171875,1107.78125
bifurcating,sample_0459,16031,32058,758,12.552558581970885,6.519625399534488,74.0028153939831,133541.67584679683,133356.546875,134028.28125,671.734375
bifurcating,sample_0460,17775,35546,832,12.747189803033969,7.475174065359977,89.09057779341998,133545.35643196202,133324.671875,134086.640625,761.96875
bifurcating,sample_0461,18145,36286,874,11.33422198669272,6.067326939047979,67.8531608270986,133512.8766800427,133321.59375,133939.625,618.03125
bifurcating,sample_0462,18483,36962,880,10.876236349986408,6.318002061580937,65.71227208038043,133541.76476525728,133408.984375,133989.40625,580.421875
bifurcating,sample_0463,15141,30278,755,11.925214314657742,5.699798092151174,32.83465604072197,133586.97192845584,133340.546875,133859.140625,518.59375
bifurcating,sample_0464,16477,32950,772,12.754739838064788,7.235651220097771,65.92790198980644,133578.9748816532,133344.0,133971.421875,627.421875
bifurcating,sample_0465,11317,22630,587,18.813101224053643,7.830936901078991,94.63885805733473,133831.39051592737,133314.03125,134552.578125,1238.546875
bifurcating,sample_0466,19549,39094,952,11.77010679146606,7.453924086795368,73.89671287768675,133573.49671098904,133385.734375,133963.4375,577.703125
bifurcating,sample_0467,15068,30132,711,14.828028276738088,7.124928020071106,68.09889032387385,133622.63292138142,133309.96875,134153.78125,843.8125
bifurcating,sample_0468,17869,35734,841,13.034080827507717,8.4818142668387,73.97356623421169,133551.83188325452,133237.921875,133945.40625,707.484375
bifurcating,sample_0469,19457,38910,920,11.27616292772825,6.7503153033808525,77.67632699977267,133501.15484465746,133334.109375,134111.21875,777.109375
bifurcating,sample_0470,17108,34212,855,11.66142887557233,6.183532536405665,58.684352295598124,133530.77494629705,133310.984375,133837.9375,526.953125
bifurcating,sample_0471,19890,39776,980,12.95271131197374,7.393968953900733,80.6819222902121,133541.92992474232,133068.8125,133942.890625,874.078125
bifurcating,sample_0472,18158,36312,919,13.04785108220359,7.40522296554994,76.38887218364778,133510.792686075,133316.078125,134161.578125,845.5
bifurcating,sample_0473,12659,25314,607,17.904613393196666,8.98113940286188,91.52510611262167,133782.92756512164,133332.625,134301.71875,969.09375
bifurcating,sample_0474,12635,25266,603,14.772835173021143,6.1824597266275845,41.56022358729625,133702.30791699645,133328.359375,134078.609375,750.25
bifurcating,sample_0475,19377,38750,940,12.179558237470557,8.004730092676086,81.20037462314838,133548.27394349617,133349.28125,134021.625,672.34375
bifurcating,sample_0476,19858,39712,962,10.660471106798157,6.87811731676984,64.20547967417268,133539.172731865,133366.578125,133887.625,521.046875
bifurcating,sample_0477,16544,33084,775,12.796967540651035,7.8000337922182394,75.57139600626321,133526.03299534574,133223.765625,133902.3125,678.546875
bifurcating,sample_0478,10667,21330,561,20.39412178226091,9.054847635072138,96.09202231816316,133913.02868660353,133310.359375,134633.234375,1322.875
bifurcating,sample_0479,18018,36032,848,11.992758393626826,6.168301820757489,71.44600555279118,133531.07221424408,133316.140625,133991.734375,675.59375
bifurcating,sample_0480,15632,31260,746,14.985032035877172,8.406491950553523,78.28948585849786,133627.33882820496,133312.265625,134069.203125,756.9375
bifurcating,sample_0481,16856,33708,806,10.609015213801918,5.079556995990898,44.46059982197379,133557.10569956544,133368.203125,133811.421875,443.21875
bifurcating,sample_0482,19275,38546,1110,10.50873997659177,5.406897555232423,60.41894184476174,133521.99994406613,133360.5625,133908.53125,547.96875
bifurcating,sample_0483,13683,27362,637,15.574460457820795,7.221084830694967,74.92499795232497,133694.43003179127,133312.265625,134076.1875,763.921875
bifurcating,sample_0484,20237,40470,1106,10.434310344037561,6.248143114765155,67.37370384046538,133531.77255228665,133374.46875,134100.90625,726.4375
bifurcating,sample_0485,15229,30454,713,14.345009029951186,7.601099551578035,88.15628363944107,133620.0420230317,133325.78125,134171.578125,845.796875
bifurcating,sample_0486,14604,29204,690,16.305278830329637,8.430904435363823,82.24448523921937,133690.81444403075,133316.25,134212.8125,896.5625
bifurcating,sample_0487,17826,35648,864,12.038103358450824,6.629790828546749,65.65631285102657,133550.32630620303,133347.8125,133846.46875,498.65625
bifurcating,sample_0488,17389,34774,807,11.099370421480934,6.025061151196547,61.32755171751012,133481.12084327737,133288.9375,133836.046875,547.109375
bifurcating,sample_0489,19203,38402,971,11.332676862182396,6.75908425115266,80.25714075632143,133468.69110783472,133164.328125,134260.125,1095.796875
bifurcating,sample_0490,16722,33440,839,13.965564247949631,7.400243398035556,80.71559969537249,133578.77184061415,133324.96875,134076.40625,751.4375
bifurcating,sample_0491,14509,29014,665,14.124252588948929,7.83497459531889,65.98095147802329,133648.2874304311,133327.859375,134039.03125,711.171875
bifurcating,sample_0492,15339,30674,710,13.309141716298726,7.179692866833927,84.27506140851622,133584.05829910687,133308.328125,134100.5,792.171875
bifurcating,sample_0493,19165,38326,939,10.441400027457105,5.707847106241578,56.191636695778634,133466.29069185365,133263.21875,133774.203125,510.984375
bifurcating,sample_0494,17187,34370,864,11.90853584198192,5.47381320874975,57.13753685843222,133506.26915964828,133311.25,133901.078125,589.828125
bifurcating,sample_0495,19108,38212,925,13.21214308861209,8.626769751509233,93.89500242490278,133565.00491858777,133177.921875,133932.4375,754.515625
bifurcating,sample_0496,18804,37604,887,12.453506270015549,7.977151801656415,65.73310740556735,133522.1682246796,133248.234375,133836.859375,588.625
bifurcating,sample_0497,18299,36594,959,12.311508421520992,6.718869291183069,61.544096715617115,133534.05050224738,133291.8125,133872.921875,581.109375
bifurcating,sample_0498,16499,32994,852,12.22890379823918,5.855283359116325,46.546280696757314,133478.90378488848,133270.421875,133815.046875,544.625
bifurcating,sample_0499,17703,35402,814,12.448862635348231,7.246356539786889,80.0351969340576,133492.93822551263,133288.875,133891.859375,602.984375
bifurcating,sample_0500,16442,32880,811,13.22267144948994,6.338550728960812,68.38915962905504,133559.18321980294,133317.171875,133898.859375,581.6875
bifurcating,sample_0501,18525,37046,899,13.923822909308624,8.213780648435282,81.20672143064691,133544.31211201078,133312.40625,134053.875,741.46875
bifurcating,sample_0502,15414,30824,688,13.389254633843153,7.589761729484052,73.60016458096676,133592.40257740527,133320.171875,134206.484375,886.3125
bifurcating,sample_0503,16045,32086,755,12.707535155853337,7.048011272953712,66.06835865543282,133577.91600966034,133338.453125,133938.203125,599.75
bifurcating,sample_0504,15620,31236,750,14.2502417169982,7.880308036600068,97.16306234947709,133585.3761403649,133322.125,134197.875,875.75
bifurcating,sample_0505,16978,33952,806,12.290388780464955,6.862581754364698,67.9500300580589,133570.01926298003,133326.546875,133950.734375,624.1875
bifurcating,sample_0506,17230,34456,806,12.441928223068063,7.442720728266795,62.05140482339388,133574.73112757545,133346.15625,133965.078125,618.921875
bifurcating,sample_0507,12576,25148,605,16.01805303838078,7.049433352119933,78.50421369251183,133746.98204789878,133325.265625,134272.03125,946.765625
bifurcating,sample_0508,18368,36732,892,10.81348388318776,6.23125615789295,65.61839844610452,133501.9333394014,133350.34375,133854.46875,504.125
bifurcating,sample_0509,18327,36650,869,13.573039506876471,9.47432731514776,85.05508771498614,133587.42723338515,133213.90625,133946.640625,732.734375
bifurcating,sample_0510,13819,27634,657,14.54180514453371,6.71614508002197,63.99915692319947,133655.5047228906,133324.046875,134048.40625,724.359375
bifurcating,sample_0511,15241,30478,688,13.174028301340917,6.674230222423617,64.61130000370288,133577.1520877075,133310.6875,133911.8125,601.125
bifurcating,sample_0512,14333,28662,678,13.450731071227652,6.029075210836207,79.53451996410088,133585.55275304368,133256.78125,134461.3125,1204.53125
bifurcating,sample_0513,17992,35980,926,11.333116416787876,5.576298300849707,60.168820810030894,133564.51867149287,133416.21875,133944.09375,527.875
bifurcating,sample_0514,16345,32686,798,13.018655591352578,6.362958725765512,54.267066538952704,133608.16665551392,133357.28125,133920.125,562.84375
bifurcating,sample_0515,17371,34738,857,12.408618411989771,6.715075233748607,62.95071853407518,133586.94235363536,133367.71875,133969.578125,601.859375
bifurcating,sample_0516,16194,32384,782,13.975737535920734,8.110496708582128,77.74270284776385,133579.34572797024,133322.765625,134028.765625,706.0
bifurcating,sample_0517,15015,30026,738,14.325945954205048,6.715053489491309,61.32195521723299,133623.4163128538,133297.375,134016.765625,719.390625
bifurcating,sample_0518,13387,26770,608,14.22284156316137,6.226983862639591,59.55736208815939,133672.8535262755,133311.890625,134070.15625,758.265625
bifurcating,sample_0519,17025,34046,791,13.205702838445672,6.97752936143808,102.94769397419056,133559.66285058737,133329.25,134268.171875,938.921875
bifurcating,sample_0520,17066,34128,823,15.17670680284665,10.012222069879865,87.47492400052258,133613.91961539024,133263.265625,134009.59375,746.328125
bifurcating,sample_0521,16633,33262,769,12.797182844017208,7.328955201183263,82.83281054195757,133570.9554941607,133318.5,133966.03125,647.53125
bifurcating,sample_0522,15670,31336,740,13.691645492557415,6.358473037779546,83.97170291828328,133596.28397315732,133320.96875,134145.125,824.15625
bifurcating,sample_0523,18488,36972,864,12.50446661094225,7.804777832773739,72.37392228148519,133523.3975509452,133269.859375,133961.03125,691.171875
bifurcating,sample_0524,20301,40598,1079,12.570293258949693,8.676873963967582,81.91675199244663,133511.3743496318,133243.46875,133905.625,662.15625
bifurcating,sample_0525,18917,37830,961,11.695322600715887,5.928126951589896,58.20379596786514,133301.39999487894,133105.875,133784.65625,678.78125
bifurcating,sample_0526,20501,40998,1420,13.486627987109701,9.533832738106533,74.05519433125295,133522.38960523266,133223.640625,133949.40625,725.765625
bifurcating,sample_0527,18025,36046,885,11.987926257780906,6.760354100046656,62.672209668151666,133508.31307905685,133307.125,133878.9375,571.8125
bifurcating,sample_0528,14246,28488,675,15.25200168183386,7.609058887303887,109.87969253643273,133642.2050882704,133318.59375,134308.546875,989.953125
bifurcating,sample_0529,17646,35288,841,13.427622751671377,7.602600827861378,90.05085350424226,133572.29393081294,133344.25,134089.765625,745.515625
bifurcating,sample_0530,18193,36382,886,12.511498226487461,6.866639760899364,75.33117119231828,133603.23528623648,133386.328125,134186.578125,800.25
bifurcating,sample_0531,16944,33884,794,14.397728376435895,9.288356657244217,81.22426127259929,133582.04234998376,133273.5625,133963.890625,690.328125
bifurcating,sample_0532,12557,25110,611,17.446914366942508,8.45610066483691,85.64436927087438,133762.9372548678,133321.859375,134236.234375,914.375
bifurcating,sample_0533,11985,23966,581,17.905884709298707,8.461270479660282,105.09383177716477,133787.47341207758,133306.328125,134391.90625,1085.578125
bifurcating,sample_0534,15851,31698,774,12.929419845535499,6.416635504233943,71.36989783997096,133579.02986503218,133108.828125,134014.140625,905.3125
bifurcating,sample_0535,16692,33380,817,12.823660120619376,6.238117935737766,62.98495504543535,133552.70658193296,133300.171875,134049.984375,749.8125
bifurcating,sample_0536,16297,32590,741,13.90189552764361,8.071696212164333,78.05386847945867,133605.47109322267,133334.8125,134035.875,701.0625
bifurcating,sample_0537,18203,36402,879,11.265857935423162,6.640895287883947,84.46854865636023,133542.59023066252,133374.359375,134150.703125,776.34375
bifurcating,sample_0538,16011,32018,775,14.609764078589146,8.041101500956602,83.95937036360854,133610.61829952846,133331.8125,134127.484375,795.671875
bifurcating,sample_0539,14261,28518,714,17.307791794876913,10.275769923225937,99.8409514873442,133727.73341411893,133092.28125,134167.484375,1075.203125
bifurcating,sample_0540,22702,45400,1569,9.01523104886206,6.659649776595685,94.4315722661308,133445.37824310633,133038.4375,134192.578125,1154.140625
bifurcating,sample_0541,17042,34080,800,10.481729014980926,5.345823071134956,58.473475657746995,133527.05395035062,133342.21875,133919.125,576.90625
bifurcating,sample_0542,16361,32718,784,10.831929649739712,5.069676639429012,48.47407732608882,133510.51798197697,133258.921875,133779.90625,520.984375
bifurcating,sample_0543,18299,36594,841,12.321857541865562,7.952680069913213,67.28478085824469,133536.4136547762,133317.796875,133931.9375,614.140625
bifurcating,sample_0544,17596,35188,797,11.687447151531629,6.000905005318524,76.81605877186864,133544.73700077433,133329.5625,134114.6875,785.125
bifurcating,sample_0545,17190,34376,883,10.531381384137513,5.331725180054636,28.137276573326695,133392.44731130017,133198.296875,133562.96875,364.671875
bifurcating,sample_0546,13028,26052,645,17.85662979284988,8.351051270107458,106.77819815305776,133728.65139867016,133269.15625,134516.546875,1247.390625
bifurcating,sample_0547,15069,30134,745,15.249182388760147,7.940620435138224,101.61892989823552,133629.44884883703,133321.765625,134378.453125,1056.6875
bifurcating,sample_0548,18415,36826,890,11.183097991235543,5.880111012819611,66.46801603781203,133695.73479500407,133507.015625,134058.953125,551.9375
bifurcating,sample_0549,17006,34008,825,15.242807648161104,9.177892907396641,84.02795720869105,133594.61428227538,133309.609375,134091.234375,781.625
bifurcating,sample_0550,14961,29918,722,16.15290635203213,9.227934082864635,86.74074103993003,133630.79580555277,133315.796875,134116.703125,800.90625
bifurcating,sample_0551,14291,28578,666,13.324888988536271,6.103421248973788,53.94256390132826,133619.91132858966,133333.65625,133933.015625,599.359375
bifurcating,sample_0552,15482,30960,704,12.148477536505903,5.7947269488915545,54.075712177424414,133587.37544911026,133340.109375,133901.375,561.265625
bifurcating,sample_0553,15882,31760,764,14.057826549924163,6.714066610783985,94.29604536010336,133616.5886184045,133337.75,134265.078125,927.328125
bifurcating,sample_0554,15702,31400,749,14.215123464251054,7.8163622574621705,76.37376292726356,133613.3495941998,133335.875,134084.015625,748.140625
bifurcating,sample_0555,15381,30758,717,12.009505046709313,5.5971362852375375,51.66360170634239,133565.35492958032,133315.578125,133853.765625,538.1875
bifurcating,sample_0556,15888,31772,702,12.37168688232023,5.794575495928078,61.06668847204735,133581.64461680985,133327.34375,133969.421875,642.078125
bifurcating,sample_0557,16313,32622,797,15.684970873260857,9.020505344755241,91.93435228244458,133637.71625103446,133327.375,134178.71875,851.34375
bifurcating,sample_0558,20466,40928,1434,8.78011643258795,4.222031601260396,26.007065238598006,133371.51689158237,133238.03125,133592.96875,354.9375
bifurcating,sample_0559,17054,34104,787,11.88999602430841,6.898584379555735,68.14280476513075,133488.9942581286,133277.515625,133978.625,701.109375
bifurcating,sample_0560,14923,29842,712,15.336652897621546,8.057330111112256,90.54534229838184,133623.43615873987,133314.359375,134134.390625,820.03125
bifurcating,sample_0561,17886,35768,845,11.61876183743554,6.043780474398876,57.98865862739599,133553.5403597786,133346.0,133963.578125,617.578125
bifurcating,sample_0562,12352,24700,613,19.979870522848646,9.415587981399433,91.40227729601746,133817.29538359173,133319.28125,134365.921875,1046.640625
bifurcating,sample_0563,14438,28872,699,14.652914415835209,6.563028076484349,78.85269690545678,133641.8844661224,133287.21875,134145.8125,858.59375
bifurcating,sample_0564,18242,36480,910,13.014304092175239,7.501939378652056,72.70856550727397,133504.3754454007,133287.0,133994.609375,707.609375
bifurcating,sample_0565,18730,37456,923,13.03927988721504,7.411823894014805,73.25319666039908,133530.759763748,133319.4375,134029.453125,710.015625
bifurcating,sample_0566,17109,34214,793,12.851951468635635,6.492803093919759,69.15828220070821,133579.4953971594,133337.625,133999.078125,661.453125
bifurcating,sample_0567,16665,33326,762,12.707603034506565,7.548540340486452,70.52788786446791,133578.59045342033,133353.796875,133982.703125,628.90625
bifurcating,sample_0568,14597,29190,655,13.970491917410845,6.594240084161916,70.31696898049604,133649.48922295676,133326.65625,134114.171875,787.515625
bifurcating,sample_0569,16481,32958,793,14.487844395638648,7.556683712356135,74.5812879544338,133604.08342181906,133340.125,134081.796875,741.671875
bifurcating,sample_0570,16677,33350,849,13.33465745179974,6.6048940757403445,64.42288404834171,133601.83051414374,133359.578125,133945.453125,585.875
bifurcating,sample_0571,19803,39602,1037,11.577973526714683,7.03960013435338,96.37948532591895,133486.95811319622,133307.859375,134128.828125,820.96875
bifurcating,sample_0572,19071,38138,908,11.453255321866626,6.6831429833715,82.44425730726635,133496.7714904174,133323.890625,134188.203125,864.3125
bifurcating,sample_0573,18699,37394,939,9.927377530561325,4.980741311855376,64.40080274951421,133551.7107081261,133390.71875,134036.09375,645.375
bifurcating,sample_0574,16521,33038,763,13.300422918698597,8.711500826861906,70.54899684676516,133578.52159467497,133235.015625,133975.5,740.484375
bifurcating,sample_0575,16840,33676,860,11.690633571076573,5.2985296865437155,57.45878221100135,133535.25574246584,133300.375,133909.484375,609.109375
bifurcating,sample_0576,16642,33280,800,14.003952368842999,7.878844247112523,73.49125928767876,133592.35663344248,133334.953125,134036.25,701.296875
bifurcating,sample_0577,14481,28958,666,13.023774180574973,6.191913856393229,56.089390222584285,133585.29670128098,133301.484375,133867.1875,565.703125
bifurcating,sample_0578,16103,32202,783,12.188088000039093,5.425407274515715,65.1911524289586,133574.91922603708,133325.171875,134271.75,946.578125
bifurcating,sample_0579,14068,28132,678,16.15261517327434,8.764424964910408,86.05616184465214,133688.0688286359,133315.921875,134150.5,834.578125
bifurcating,sample_0580,13822,27640,647,15.80950953129413,6.762344104129822,76.62722574863398,133703.3096365848,133336.1875,134231.71875,895.53125
bifurcating,sample_0581,20822,41640,1430,11.36382719930826,7.232019616159809,62.21069559753052,133446.06394603665,133234.703125,133822.5,587.796875
bifurcating,sample_0582,19724,39444,1287,11.717768799681226,6.901136788721698,75.79851387537974,133482.5408964016,133269.84375,133932.453125,662.609375
bifurcating,sample_0583,18131,36258,915,11.317493979108008,7.088375290512651,98.36557877339204,133456.1437791283,132979.0,134210.796875,1231.796875
bifurcating,sample_0584,18013,36022,857,12.606663221211631,7.766422595868488,74.38423617170663,133546.72499201965,133347.40625,133990.421875,643.015625
bifurcating,sample_0585,18405,36806,896,12.279527801772696,7.000198665512067,78.16730113124419,133501.78993225345,133285.09375,134081.171875,796.078125
bifurcating,sample_0586,17207,34410,784,12.202781359252455,6.602037186287319,94.58638540369773,133524.37486197476,133312.453125,134141.921875,829.46875
bifurcating,sample_0587,16945,33886,821,10.72541932598273,5.730922531383809,51.32019072501486,133542.1129075686,133342.265625,133887.015625,544.75
bifurcating,sample_0588,18907,37810,924,11.00391449630379,5.647611554102986,53.26212674150865,133513.9105721426,133307.25,133757.765625,450.515625
bifurcating,sample_0589,14994,29984,701,13.569620824706375,6.686834064649843,72.48077583744329,133606.61496160965,133329.28125,134209.390625,880.109375
bifurcating,sample_0590,13881,27758,686,17.300736809355374,8.635602316922848,74.89991127873141,133701.84461561666,133312.6875,134228.265625,915.578125
bifurcating,sample_0591,14106,28208,653,14.669095200398148,7.470726574352339,73.34018713993171,133661.34252047,133330.71875,134035.953125,705.234375
bifurcating,sample_0592,16155,32306,762,12.123658842858218,5.5552113853537834,46.2798526013631,133582.07795670844,133352.8125,133858.09375,505.28125
bifurcating,sample_0593,19547,39090,986,10.295515817136474,5.601703619817012,82.93957308648763,133414.8290298703,133151.984375,134036.96875,884.984375
bifurcating,sample_0594,16223,32442,776,11.350290184434696,5.321539929026361,57.38494226361796,133540.9248154626,133331.03125,134045.0,713.96875
bifurcating,sample_0595,17338,34672,854,12.57404555644933,6.547722209124537,71.28901536458949,133583.30396834266,133387.640625,133906.734375,519.09375
bifurcating,sample_0596,15879,31754,758,12.30021524987765,6.012590642869439,83.72301802994038,133547.0929470527,133302.15625,133998.53125,696.375
bifurcating,sample_0597,19155,38306,964,13.149495304217815,8.196813080377831,84.87638655359584,133514.59744028974,133299.203125,134009.40625,710.203125
bifurcating,sample_0598,15071,30138,727,12.857598273465454,5.8115931146605675,41.10189269582195,133564.25125862582,133312.0625,133914.78125,602.71875
bifurcating,sample_0599,15937,31870,798,11.088148873655735,5.072154258060666,31.464832743540594,133527.3552327132,133332.203125,133841.328125,509.125
bifurcating,sample_0600,18047,36090,853,11.908475166708175,6.788859238765247,78.9566683272685,133523.2399256109,133322.015625,133942.15625,620.140625
bifurcating,sample_0601,18554,37104,963,11.525359671824127,6.330025318952366,72.20068900961282,133576.12469093592,133391.0625,134001.625,610.5625
bifurcating,sample_0602,14383,28762,661,14.44511446648905,7.241012222894085,82.95809185349317,133623.5623392199,133307.90625,134003.984375,696.078125
bifurcating,sample_0603,16563,33122,819,12.609014375820834,6.479588099401589,66.48854754421774,133559.8057605808,133319.984375,133899.5625,579.578125
bifurcating,sample_0604,13210,26416,616,15.154594919184262,6.819063991339609,110.59113462562013,133667.11270581,133319.15625,134423.65625,1104.5
bifurcating,sample_0605,15008,30012,719,15.35531486479672,8.566091793306478,83.70735067175565,133630.33765116936,133320.375,134100.515625,780.140625
bifurcating,sample_0606,13970,27936,689,15.00718580680656,6.985648645103226,72.46223243293421,133641.83434256443,133319.984375,134028.359375,708.375
bifurcating,sample_0607,14208,28412,655,13.291522249282012,5.630532784589994,41.046840701546515,133616.6693137229,133333.59375,133963.296875,629.703125
bifurcating,sample_0608,17014,34024,798,13.514021068033768,7.842707433044415,72.57405659403523,133568.04035096098,133318.421875,133995.078125,676.65625
bifurcating,sample_0609,18018,36032,939,11.194577610730525,5.765204024434201,59.49651875123136,133515.08151310496,133330.546875,133827.578125,497.03125
bifurcating,sample_0610,13120,26236,620,15.665299504084052,7.416385184492446,73.26071328129174,133685.98555521152,133323.546875,134146.84375,823.296875
bifurcating,sample_0611,15382,30760,752,13.457014439629065,6.433882110870431,61.64563935724968,133584.3821573105,133300.5625,133956.171875,655.609375
bifurcating,sample_0612,14607,29210,684,13.870498796792111,6.08643337778911,62.199577131743204,133629.85697674917,133348.5625,133989.328125,640.765625
bifurcating,sample_0613,17287,34570,788,11.963509285175796,6.896139051237868,62.31671192594938,133526.2275797926,133322.9375,133917.734375,594.796875
bifurcating,sample_0614,19776,39548,1425,10.588859272938286,5.705526280652885,58.6392602431711,133444.76516911283,133176.5625,134204.234375,1027.671875
bifurcating,sample_0615,16957,33910,782,13.423929941967756,8.313578097690947,73.48055893794866,133581.11588963997,133329.4375,133980.46875,651.03125
bifurcating,sample_0616,17933,35862,842,12.136168346375616,7.1798762813599,64.38971431427728,133571.6396622149,133354.5,133961.8125,607.3125
bifurcating,sample_0617,18726,37448,948,12.317844366247861,7.012020823312757,79.79048484990716,133511.26418899524,133350.984375,133963.546875,612.5625
bifurcating,sample_0618,18973,37942,887,10.742638063216669,5.625927860586948,52.55849740362926,133719.84809251962,133541.515625,133961.65625,420.140625
bifurcating,sample_0619,13884,27764,711,16.11333679010701,7.280464010012243,55.77080578467843,133678.67751323467,133321.90625,134104.34375,782.4375
bifurcating,sample_0620,16694,33384,788,13.113130099177836,7.575845634095475,81.30510419363455,133547.96204006678,133312.84375,134029.84375,717.0
bifurcating,sample_0621,15527,31050,803,15.431660759266292,7.113909741410575,78.44494726936871,133576.30496574516,133134.453125,134672.859375,1538.40625
bifurcating,sample_0622,19043,38082,902,11.45405378910736,6.734640480810198,78.89764299353665,133484.84158877278,133307.671875,133930.5625,622.890625
bifurcating,sample_0623,15507,31010,735,14.457850617846006,7.682397415237334,81.7899864295718,133606.93142915296,133304.796875,134089.75,784.953125
bifurcating,sample_0624,16761,33518,811,14.802604083031735,8.782144994816415,97.60746421316291,133588.39838016825,133315.90625,134118.265625,802.359375
bifurcating,sample_0625,20824,41644,1288,10.619228627860826,5.779637199813144,55.48040673195225,133476.94717783568,133247.703125,133896.265625,648.5625
bifurcating,sample_0626,18305,36606,854,11.266245836915436,5.942457425736407,68.19074887740572,133517.3694670172,133328.28125,133970.046875,641.765625
bifurcating,sample_0627,19248,38492,963,12.734656945957754,7.65210693070933,93.3972506661379,133520.17998460878,133330.3125,134019.265625,688.953125
bifurcating,sample_0628,14092,28180,667,15.197499285271753,7.313255794954672,78.4731413133571,133664.06884114214,133321.71875,134103.34375,781.625
bifurcating,sample_0629,15906,31808,761,12.49473153368954,6.069997596217014,90.30425779582451,133581.13741178645,133359.9375,134073.84375,713.90625
bifurcating,sample_0630,16872,33740,820,12.386144480170287,6.297054624689352,65.07870569018422,133525.71832492444,133302.671875,133952.234375,649.5625
bifurcating,sample_0631,17278,34552,829,10.141845125952528,5.279464220651885,56.5603053910883,133477.64891046417,133319.484375,133760.265625,440.78125
bifurcating,sample_0632,18023,36042,846,11.927352911098561,6.786064542793029,77.01026734701877,133553.89882199134,133363.359375,134029.546875,666.1875
bifurcating,sample_0633,16079,32154,761,11.724612105062004,5.215109910572984,40.074026998724925,133592.10196238104,133364.453125,133824.25,459.796875
bifurcating,sample_0634,10656,21308,527,18.31378095032301,8.250505591624576,75.84071237685885,133854.49085169155,133313.984375,134375.828125,1061.84375
bifurcating,sample_0635,17770,35536,856,12.863364348098147,6.692038193171482,79.30056833220777,133514.2396261255,133285.40625,134152.359375,866.953125
bifurcating,sample_0636,20222,40440,1119,10.454157569268558,5.943950298521369,63.60490453973441,133497.277576711,133324.265625,133886.859375,562.59375
bifurcating,sample_0637,14604,29204,709,15.783653160003677,7.915520594235667,101.75981786067545,133661.5664501164,133326.578125,134381.921875,1055.34375
bifurcating,sample_0638,15942,31880,738,13.992828119070795,8.526004787450432,62.28487783853634,133617.86396684073,133334.953125,133992.609375,657.65625
bifurcating,sample_0639,20102,40200,978,10.687776805518116,6.949159645021645,79.63773762256498,133478.59035403817,133293.609375,133921.4375,627.828125
bifurcating,sample_0640,16994,33984,814,13.949842515794154,7.972216683740744,88.67543494156963,133577.39891377103,133224.671875,134015.09375,790.421875
bifurcating,sample_0641,11306,22608,574,20.47093183630306,9.817308582145799,110.79357229829674,133905.40780890678,133312.640625,134530.578125,1217.9375
bifurcating,sample_0642,11917,23830,596,18.174082255555213,8.247192347988547,82.46598081642435,133792.94729430645,133322.375,134343.1875,1020.8125
bifurcating,sample_0643,15071,30138,718,15.258845041119583,8.37115194086424,74.33909835807322,133611.33108287439,133299.53125,134103.265625,803.734375
bifurcating,sample_0644,20044,40084,1014,11.897239338207834,7.892973879754699,74.14427864161851,133574.48401797295,133345.703125,134003.171875,657.46875
bifurcating,sample_0645,17379,34754,898,11.900983097258077,5.824493457954236,62.78101057634998,133532.97493832355,133346.203125,133935.015625,588.8125
bifurcating,sample_0646,18456,36908,860,11.346553762023472,6.2149667584094,58.20281329652923,133555.02362968004,133355.546875,133891.328125,535.78125
bifurcating,sample_0647,19111,38218,897,11.382961614978306,7.3593182293842165,70.60172165684129,133548.57069554183,133346.1875,134007.546875,661.359375
bifurcating,sample_0648,19988,39972,1133,12.476080971184729,7.61883317881341,83.08879743147992,133519.55163254202,133334.921875,134020.609375,685.6875
bifurcating,sample_0649,15395,30786,724,15.31752090968258,9.462263164274,78.10811475505253,133634.22470160766,133312.109375,134083.03125,770.921875
bifurcating,sample_0650,18836,37668,946,11.576270299158063,6.7189844368104925,80.43823759151769,133526.1455681607,133335.96875,134020.21875,684.25
bifurcating,sample_0651,12990,25976,632,16.5856159789539,7.503590243660945,58.32571310029732,133731.33326477098,133312.140625,134224.71875,912.578125
bifurcating,sample_0652,12935,25866,631,16.931062515936492,7.95160123539476,108.69857164184265,133719.49196825473,133317.328125,134375.40625,1058.078125
bifurcating,sample_0653,14892,29780,690,15.059995620108618,8.621289751749714,67.99520049946608,133638.70630938592,133321.59375,134029.59375,708.0
bifurcating,sample_0654,14639,29274,696,14.806147186799235,7.851836650063317,73.67356578337393,133638.4636437769,133322.28125,134068.625,746.34375
bifurcating,sample_0655,15807,31610,778,13.079055762142701,6.30260204932705,51.94470256725493,133564.7868309926,133316.0625,133857.734375,541.671875
bifurcating,sample_0656,16696,33388,858,12.541887773488202,6.281736714264981,58.35136309165607,133557.8205174518,133215.984375,133947.609375,731.625
bifurcating,sample_0657,15703,31402,739,16.693247646539334,10.268243231969874,89.45099773674417,133649.2305122827,133294.734375,134084.125,789.390625
bifurcating,sample_0658,14975,29946,690,13.678244661565287,7.365788965569298,89.77054596636432,133603.7773142738,133316.90625,134055.09375,738.1875
bifurcating,sample_0659,14640,29276,708,15.220295420699111,8.0827813742536,76.8285936799453,133640.5710884136,133311.171875,134136.296875,825.125
bifurcating,sample_0660,15432,30860,724,13.792864109201753,7.452644195056072,74.74012468141244,133563.92144772227,133269.546875,133985.671875,716.125
bifurcating,sample_0661,17689,35374,879,12.458365073719257,6.572779993094806,72.4787164464816,133523.63847500566,133293.03125,133936.703125,643.671875
bifurcating,sample_0662,20740,41476,1430,11.382455398645162,7.597112323939618,84.42015728745518,133493.002349777,133166.5,133999.75,833.25
bifurcating,sample_0663,14995,29986,708,14.85853716332077,7.312177735862227,92.45582822652156,133656.49982494165,133328.984375,134311.609375,982.625
bifurcating,sample_0664,18270,36536,866,11.789708779391995,6.318008436202242,72.173436981713,133525.85949986317,133301.265625,134150.46875,849.203125
bifurcating,sample_0665,14860,29716,688,12.519776312392883,5.608738851852672,41.70105132284102,133618.20719738392,133357.171875,133868.015625,510.84375
bifurcating,sample_0666,18854,37704,893,11.532427745213694,6.761140723970559,60.944014830121546,133481.16538267743,133281.078125,133861.03125,579.953125
bifurcating,sample_0667,15684,31364,783,13.448923524659971,6.35290075599275,84.54393782196404,133577.10601767726,133321.390625,134179.515625,858.125
bifurcating,sample_0668,15438,30872,738,15.848101766312524,8.908524931788774,78.44580711721362,133649.8260957135,133309.96875,134122.28125,812.3125
bifurcating,sample_0669,17144,34284,864,11.74693591620319,6.117307389513892,59.038187542950986,133532.8056244167,133327.5,133855.46875,527.96875
bifurcating,sample_0670,18566,37128,886,13.100181224625596,8.749330443992642,76.79476096206257,133537.93822797723,133285.828125,133975.1875,689.359375
bifurcating,sample_0671,17648,35292,876,12.03600328312843,6.6612366536556165,72.75758965152363,133536.41850794,133348.4375,133965.453125,617.015625
bifurcating,sample_0672,11258,22512,561,19.181048667247598,9.141004545476266,104.18584795853458,133853.11015777668,133329.75,134417.921875,1088.171875
bifurcating,sample_0673,16350,32696,781,13.894305677579379,7.544962479680521,75.59298359438223,133592.8432779052,133339.171875,133991.921875,652.75
bifurcating,sample_0674,19696,39388,1004,11.007446766996011,6.427943728151591,67.7020947590575,133459.64433530284,133263.75,133986.5,722.75
bifurcating,sample_0675,13165,26326,602,14.942783949052503,7.020659925655724,76.17931746886804,133676.31894820547,133321.765625,134156.71875,834.953125
bifurcating,sample_0676,17894,35784,853,14.059837266319446,8.905405009087865,80.16494445137512,133579.1399701017,133307.890625,133947.546875,639.65625
bifurcating,sample_0677,16314,32624,762,14.267363770155095,8.525188376510219,69.37763418685327,133592.98173539597,133313.15625,134018.84375,705.6875
bifurcating,sample_0678,16549,33094,790,13.971796449598589,7.765671135881299,64.9939123414485,133624.33671407637,133357.5625,134026.3125,668.75
bifurcating,sample_0679,16429,32854,813,13.287052786440315,6.9670017407619484,68.89136602749106,133566.88973765902,133307.53125,134051.421875,743.890625
bifurcating,sample_0680,14730,29456,706,14.798678392964804,6.232097579304274,62.62578799128804,133623.4029160302,133319.953125,134097.375,777.421875
bifurcating,sample_0681,13665,27326,637,14.938876111795604,7.747649342881976,84.64259113661477,133674.43929976216,133325.546875,134289.40625,963.859375
bifurcating,sample_0682,19212,38420,986,11.836348138772323,6.343974696944853,63.65987210469614,133452.89398390328,133105.390625,134270.546875,1165.15625
bifurcating,sample_0683,16973,33942,770,11.435189765163466,5.868742692385315,54.043195660570994,133531.8130182864,133325.96875,133842.359375,516.390625
bifurcating,sample_0684,15543,31082,713,13.527425055304994,7.416083760568452,82.56874419209925,133612.75107765553,133328.8125,134217.890625,889.078125
bifurcating,sample_0685,15464,30924,725,13.444188027553635,6.4226283722913795,85.58698333075854,133582.6959056114,133314.765625,134115.59375,800.828125
bifurcating,sample_0686,21518,43032,1461,12.615100062579264,8.491216147011066,80.01565906142713,133496.90945153477,133268.109375,133905.78125,637.671875
bifurcating,sample_0687,16233,32462,781,12.777883035754103,6.525963405185718,66.51523008017939,133548.9237500385,133311.171875,133867.375,556.203125
bifurcating,sample_0688,18704,37404,892,11.7496700304439,7.036085581837557,83.72164024861557,133460.759697959,133266.921875,134020.171875,753.25
bifurcating,sample_0689,16560,33116,797,14.962084485623533,9.339290287675631,76.4422544118631,133604.42749660325,133191.171875,134011.53125,820.359375
bifurcating,sample_0690,12092,24180,593,16.424711620600267,6.773019562214661,60.51110572623557,133732.6574672304,133308.609375,134249.515625,940.90625
bifurcating,sample_0691,13153,26302,647,17.306018879995076,8.375450608686979,99.6000911344081,133752.18103046835,133322.328125,134405.015625,1082.6875
bifurcating,sample_0692,18822,37640,935,14.038878762319346,9.770135506187538,81.58944437111485,133544.3181881575,133196.859375,133971.296875,774.4375
bifurcating,sample_0693,20622,41240,1443,13.10222156748022,9.058712029011222,70.95706049341607,133503.785699132,133226.609375,133929.546875,702.9375
bifurcating,sample_0694,13647,27290,662,15.578100532171819,7.261037812970185,84.0257245121246,133683.04884887705,133180.234375,134383.984375,1203.75
bifurcating,sample_0695,20639,41274,1086,10.299365296699978,6.492475821231664,60.065779428187255,133457.49221664688,133303.859375,133765.453125,461.59375
bifurcating,sample_0696,16359,32714,817,10.682831315485053,4.86015273834694,29.37090071333059,133585.26117122074,133342.28125,133728.046875,385.765625
bifurcating,sample_0697,18620,37236,901,11.351657326249951,6.565568588607133,69.18599327860832,133507.94574298468,133314.140625,133928.734375,614.59375
bifurcating,sample_0698,12848,25692,644,17.9987857551988,8.360390647300623,115.43685905876755,133748.35277985875,133319.09375,134407.03125,1087.9375
bifurcating,sample_0699,16806,33608,774,11.239956913909996,5.547680845450234,60.33841108104722,133564.0328333259,133341.78125,133845.71875,503.9375
bifurcating,sample_0700,17525,35046,800,11.780311995693928,6.959576055772867,73.51909991901564,133563.6657703281,133359.328125,133988.609375,629.28125
bifurcating,sample_0701,16925,33846,777,12.90904633699435,7.42775903226792,59.31688673076969,133536.56971196455,133298.15625,133969.28125,671.125
bifurcating,sample_0702,18906,37808,875,11.248219066280015,7.006054344187912,69.06006992868103,133508.69602573258,133332.0,133913.375,581.375
bifurcating,sample_0703,18347,36690,894,11.281446788359794,5.770655086872534,59.206996149289644,133524.34852002372,133335.578125,133832.9375,497.359375
bifurcating,sample_0704,15524,31044,724,13.885910356343526,6.625720895089671,70.69246782090059,133591.25530831295,133313.546875,134029.546875,716.0
bifurcating,sample_0705,20571,41138,1484,11.171760627206924,6.352485151907668,77.90584540990166,133507.14152052646,133280.59375,134450.0625,1169.46875
bifurcating,sample_0706,15871,31738,737,13.697802209136016,6.493144368280401,67.10060326459464,133613.50657941372,133330.921875,133978.875,647.953125
bifurcating,sample_0707,18271,36538,910,9.45727931884661,4.655631148697864,35.58059980888628,133534.63438560424,133366.78125,133697.71875,330.9375
bifurcating,sample_0708,16186,32368,760,12.749535137903102,6.361252294246754,68.3650759542513,133535.15144839676,133247.859375,133934.5625,686.703125
bifurcating,sample_0709,16083,32162,751,11.48917245761805,5.187379325200245,60.471626599463484,133554.57609743206,133345.484375,133974.609375,629.125
bifurcating,sample_0710,15653,31302,755,15.29909480294419,8.379114535701186,79.97194877239589,133635.66453615122,133327.234375,134126.59375,799.359375
bifurcating,sample_0711,18208,36412,911,13.01310540193856,7.228922428950918,77.04473514471272,133494.5087341416,133277.921875,134163.078125,885.15625
bifurcating,sample_0712,16226,32448,784,14.90565101478366,8.54232174672962,101.50663383376295,133599.43763674042,133318.59375,134313.90625,995.3125
bifurcating,sample_0713,15730,31456,752,15.281911903664403,9.076869610840362,88.22384295996962,133609.54194314207,133298.484375,134109.40625,810.921875
bifurcating,sample_0714,18170,36336,953,9.343340547650072,4.311966851040126,34.42387109765303,133492.28760749174,133349.078125,133711.046875,361.96875
bifurcating,sample_0715,17956,35908,855,12.798283974629479,6.6252586366844355,96.96395113666054,133552.0144302392,133314.203125,134083.578125,769.375
bifurcating,sample_0716,21248,42492,1434,9.869222221683868,5.729996596591336,69.22332400747153,133441.93198256896,133292.875,133905.359375,612.484375
bifurcating,sample_0717,18236,36468,942,10.466940420244544,4.857494461163479,47.6766113534269,133528.19164616006,133404.390625,133900.390625,496.0
bifurcating,sample_0718,15438,30872,713,12.773634335274751,6.9105932437927775,65.08213339397172,133569.99760534073,133309.78125,133932.765625,622.984375
bifurcating,sample_0719,17438,34872,787,12.870054964689338,7.51856222540448,90.00754923793924,133533.10393698388,133315.03125,134012.453125,697.421875
bifurcating,sample_0720,15734,31464,715,12.934023130816248,6.095507427906019,61.8077507342945,133592.91666931487,133323.546875,133988.203125,664.65625
bifurcating,sample_0721,16891,33778,798,11.058475939975803,5.095040304714776,66.36466104846899,133489.31998642028,133291.125,133809.921875,518.796875
bifurcating,sample_0722,14794,29584,643,12.900204939850862,5.920318734316653,52.784543154495374,133612.59330852036,133302.890625,133987.40625,684.515625
bifurcating,sample_0723,15802,31600,751,12.09014862092235,6.052071449167992,69.98094729526642,133564.50119644665,133329.765625,134064.25,734.484375
bifurcating,sample_0724,21494,42984,1521,10.70276138053418,6.588783641994472,69.1402736136827,133540.4507289825,133392.875,133955.578125,562.703125
bifurcating,sample_0725,17949,35894,911,12.928589816364099,7.551822140195763,73.51645328668997,133552.8764468076,133329.21875,133927.046875,597.828125
bifurcating,sample_0726,13616,27228,666,17.362841172187007,8.48897945548588,79.84518837480972,133731.6215309654,133315.75,134267.953125,952.203125
bifurcating,sample_0727,16316,32628,785,14.576714090104934,8.460702038650055,89.48358670046395,133583.3276021237,133316.9375,134025.890625,708.953125
bifurcating,sample_0728,22200,44396,1527,12.07758009093524,8.423325519030213,74.30221728255937,133538.81950661598,133288.390625,133948.90625,660.515625
bifurcating,sample_0729,20861,41718,997,10.46856412930835,7.710134763117641,64.24987921093965,133467.3768013578,133210.921875,133773.671875,562.75
bifurcating,sample_0730,15441,30878,728,13.206356220222366,6.608487308544806,83.64271122500618,133599.51542362865,133341.90625,134049.953125,708.046875
bifurcating,sample_0731,17500,34996,816,13.682829224366492,7.745228352598564,81.19166498459373,133570.12560625,133314.46875,134028.09375,713.625
bifurcating,sample_0732,18338,36672,861,12.185868012014014,7.545911787258143,79.03116921348345,133506.67885333733,133258.4375,133906.5,648.0625
bifurcating,sample_0733,16028,32052,774,11.50297085050853,5.397991089714576,33.12327825835397,133553.7744688982,133342.9375,133820.390625,477.453125
bifurcating,sample_0734,17098,34192,795,11.965375957379765,6.568393755357617,84.13617034082402,133543.17220581355,133321.84375,134237.703125,915.859375
bifurcating,sample_0735,16150,32296,753,14.330010880198719,8.567500665445268,77.14802834452914,133587.34727747677,133305.890625,134038.96875,733.078125
bifurcating,sample_0736,19915,39826,1007,12.187762488929303,7.945521447998577,85.03920302414393,133484.12407183656,133300.546875,133931.546875,631.0
bifurcating,sample_0737,15325,30646,711,12.370228179963773,5.909962208535074,65.62521397153881,133527.17746023653,133157.8125,134297.5,1139.6875
bifurcating,sample_0738,16805,33606,797,11.083268186402035,5.823220128173956,72.44657137115273,133547.18328157542,133338.109375,134069.9375,731.828125
bifurcating,sample_0739,18044,36084,875,10.568547723178721,5.32072589004961,56.247457396206656,133461.66364598344,133282.75,133732.03125,449.28125
bifurcating,sample_0740,15192,30380,698,14.540706095585849,7.641071457101702,81.28241515621235,133634.8943553762,133309.21875,134089.75,780.53125
bifurcating,sample_0741,24098,48192,1583,9.059298500340516,6.376575791712248,60.568470996024914,133445.6183448834,133205.0,133730.625,525.625
bifurcating,sample_0742,13189,26374,631,15.149814234302097,7.151433763731181,68.14034012847675,133681.34915696792,133317.28125,134122.5,805.21875
bifurcating,sample_0743,14817,29630,692,14.750442327516286,8.64698911383563,67.63291521281279,133634.6916812192,133323.78125,134055.609375,731.828125
bifurcating,sample_0744,13647,27290,679,14.918353765376077,6.633075004963776,50.589135170096306,133674.59970941415,133328.6875,134260.953125,932.265625
bifurcating,sample_0745,18349,36694,875,12.826912168015205,7.425837845805816,79.83029563401705,133573.01323215844,133348.796875,134198.8125,850.015625
bifurcating,sample_0746,13904,27804,646,14.933448833733765,7.116521417732369,69.84713838717978,133675.67428550238,133329.078125,134033.90625,704.828125
bifurcating,sample_0747,17619,35234,888,10.69269925274226,4.988251085992775,46.78153236175834,133599.82660675264,133403.109375,133822.34375,419.234375
bifurcating,sample_0748,17900,35796,855,11.106872843321359,5.481342573558227,57.522220605874054,133500.05896473464,133302.0625,133811.1875,509.125
bifurcating,sample_0749,16935,33866,855,10.933578858083646,4.996407195248879,38.84326728725169,133514.8880425155,133302.25,133746.078125,443.828125
bifurcating,sample_0750,15784,31564,746,14.836039626560117,8.838667449171021,76.15784778966353,133610.0690948904,133317.34375,134147.046875,829.703125
bifurcating,sample_0751,19734,39464,983,12.496635405745495,8.771469831624264,74.2380300434419,133477.88012994704,133202.96875,133890.390625,687.421875
bifurcating,sample_0752,12039,24074,603,17.478310507290395,7.5572573962047205,62.46214625193056,133789.1143445261,133324.4375,134308.875,984.4375
bifurcating,sample_0753,17152,34300,883,10.520208205371814,4.832148861572073,34.44920471398162,133487.330740402,133237.078125,133855.953125,618.875
bifurcating,sample_0754,14361,28718,688,15.25672866297998,7.260801200212176,85.45644148772756,133602.40216558735,133297.3125,134250.078125,952.765625
bifurcating,sample_0755,20485,40966,1416,11.541126050636084,6.879553727558406,78.81137868610689,133563.027064773,133271.65625,134377.609375,1105.953125
bifurcating,sample_0756,20143,40282,1397,8.61583896922672,4.0039752444588235,32.803159659288575,133466.68512867374,133321.421875,133700.328125,378.90625
bifurcating,sample_0757,17397,34790,883,9.682331686210485,4.439823500710745,27.28037702424209,133441.28432703915,133251.734375,133675.03125,423.296875
bifurcating,sample_0758,18803,37602,920,13.084260396823131,9.531608304141951,80.39269654901703,133569.61102865898,133013.671875,133939.34375,925.671875
bifurcating,sample_0759,18595,37186,912,14.625389566407456,9.539065778374479,81.17562654099265,133536.82902662005,133143.765625,133963.75,819.984375
bifurcating,sample_0760,18913,37822,936,12.577138968487333,8.067472616971406,70.94277045769799,133569.98931621108,133326.40625,134031.390625,704.984375
bifurcating,sample_0761,17594,35184,866,12.264564714012534,6.960432407927319,62.8768196390507,133548.31009861318,133334.5,133903.125,568.625
bifurcating,sample_0762,16704,33404,750,11.79117451474733,6.446871434687728,73.29716868089318,133537.20831181903,133319.90625,134004.53125,684.625
bifurcating,sample_0763,13944,27884,696,13.428715413718361,6.772820886509229,76.33612526912998,133588.57386465505,133169.21875,134448.96875,1279.75
bifurcating,sample_0764,17640,35276,845,12.154298303641875,6.703133053600531,81.2397801165284,133492.8866239725,133231.21875,134501.40625,1270.1875
bifurcating,sample_0765,22925,45846,1581,10.872004472576595,6.950996332706077,83.38288451181953,133420.62957810797,133278.21875,133861.171875,582.953125
bifurcating,sample_0766,16537,33070,818,12.543904428714782,6.533815931180785,103.94963464446296,133514.45373064946,133179.703125,134283.203125,1103.5
bifurcating,sample_0767,15679,31354,755,15.067899030919133,9.732547985787495,79.8488240176074,133634.41755194048,133245.375,134049.21875,803.84375
bifurcating,sample_0768,21526,43048,1150,10.04517291685148,6.993194822378881,62.01157118819346,133522.34909310253,133345.828125,133877.109375,531.28125
bifurcating,sample_0769,17278,34552,870,12.351899394479227,6.071746410546464,69.9660980870116,133504.2044037215,133255.34375,133842.421875,587.078125
bifurcating,sample_0770,17946,35888,871,11.988128568703036,6.012502261518761,66.19130995410885,133590.05500877634,133368.65625,133907.125,538.46875
bifurcating,sample_0771,14041,28078,671,14.671494737140288,6.961828041608666,69.4479652088449,133642.17360431058,133311.359375,134057.578125,746.21875
bifurcating,sample_0772,18152,36300,865,13.305120795584193,7.198884257099247,72.90863873953899,133566.21385126293,133333.28125,134004.40625,671.125
bifurcating,sample_0773,13853,27702,637,14.312026592032602,6.817814117482758,76.23329054342969,133656.12714303762,133336.453125,134019.734375,683.28125
bifurcating,sample_0774,15562,31120,695,13.670154526721204,7.788583503655557,66.0704139653412,133595.6408308299,133314.71875,134028.25,713.53125
bifurcating,sample_0775,16692,33380,763,12.019953127971883,6.092709754179339,86.9399129152801,133545.29995188562,133304.40625,134129.765625,825.359375
bifurcating,sample_0776,16180,32356,793,14.108550213878091,7.776491270005522,82.42612012395985,133575.27221106304,133312.6875,134037.796875,725.109375
bifurcating,sample_0777,12647,25290,619,17.113441531209393,8.303247016806605,94.2682317482885,133739.23200783783,133323.1875,134273.96875,950.78125
bifurcating,sample_0778,17212,34420,778,10.963576022628416,5.365195181431294,68.21717478967378,133531.9079711829,133279.21875,134179.28125,900.0625
bifurcating,sample_0779,17143,34282,893,11.404188285362698,5.281039954655351,48.33066068601849,133518.9830151155,133315.734375,133807.515625,491.78125
bifurcating,sample_0780,15537,31070,755,14.202533594034504,6.676850930814749,65.42815574322076,133645.75864770386,133357.53125,134026.703125,669.171875
bifurcating,sample_0781,15495,30986,708,13.412383363683785,5.870156644923048,63.39453190936339,133621.6499505889,133341.65625,134038.953125,697.296875
bifurcating,sample_0782,13298,26592,627,13.856130120507467,6.058779482651315,45.39789362060386,133636.95045425065,133324.3125,133975.78125,651.46875
bifurcating,sample_0783,14690,29376,694,13.967676570999862,6.991111329555335,70.83423297360626,133604.5590080412,133311.21875,134100.078125,788.859375
bifurcating,sample_0784,15227,30450,707,12.582911554435439,6.125196080793397,57.58783476972294,133536.79232613122,133287.46875,133900.34375,612.875
bifurcating,sample_0785,11568,23132,561,15.75553737044254,6.63204962120371,59.564493353645354,133749.96644974282,133313.09375,134185.515625,872.421875
bifurcating,sample_0786,19920,39836,985,8.83226674813236,4.42176866861444,38.18220860460309,133144.5566845507,133015.75,133409.46875,393.71875
bifurcating,sample_0787,17858,35712,865,11.488207931354012,5.738436965906383,64.78981839883325,133524.87465526655,133332.78125,133879.671875,546.890625
bifurcating,sample_0788,16526,33048,782,13.921578825321557,7.154713560432165,81.93333889417305,133595.98728045958,133336.046875,134046.359375,710.3125
bifurcating,sample_0789,15563,31122,741,14.615147536176565,8.435739151736863,72.72128231422674,133611.80278043274,133320.875,134072.703125,751.828125
bifurcating,sample_0790,15654,31304,742,13.55875379479683,5.8357284359395525,63.45867083001712,133600.4202689808,133333.234375,134016.53125,683.296875
bifurcating,sample_0791,18385,36766,912,12.244669222112774,6.184079170939928,75.62116336453975,133501.04984617216,133285.140625,134173.3125,888.171875
bifurcating,sample_0792,16832,33660,794,12.599247933925277,7.0641011563939005,61.34231111365682,133559.01618197482,133322.515625,134171.28125,848.765625
bifurcating,sample_0793,16391,32778,799,11.114026120266853,5.3318724310226715,55.25073697266796,133524.54116969678,133322.375,133869.171875,546.796875
bifurcating,sample_0794,18726,37448,940,13.155214315968282,8.122569500657008,79.45985654955768,133567.79883334,133347.984375,134061.765625,713.78125
bifurcating,sample_0795,13102,26200,639,16.593771447475902,8.038521282546185,87.15360897201637,133711.91519424514,133325.640625,134373.28125,1047.640625
bifurcating,sample_0796,18670,37336,868,10.741579102794757,5.932678596576756,84.2563725252584,133495.56411606187,133318.203125,134003.203125,685.0
bifurcating,sample_0797,18303,36602,888,12.586730049285181,7.206277867543669,60.68548117062807,133522.81508666612,133260.265625,133855.8125,595.546875
bifurcating,sample_0798,18236,36468,901,13.232646069639998,7.843711487521594,80.03455853607785,133571.17731581762,133343.578125,134070.296875,726.71875
bifurcating,sample_0799,15510,31016,744,13.8234034395154,6.740233401589601,109.23032330732146,133574.42141561897,133102.703125,134612.546875,1509.84375
bifurcating,sample_0800,16235,32466,737,12.694950631626535,7.329006803030353,71.38954224513854,133574.91753349247,133326.96875,134046.1875,719.21875
bifurcating,sample_0801,19202,38400,930,10.520212253548534,6.0868176442755555,84.98137690995192,133428.847808822,133260.15625,133884.109375,623.953125
bifurcating,sample_0802,13300,26596,634,15.319834701717939,7.025251017677093,78.93633579978312,133700.29849036655,133328.484375,134078.9375,750.453125
bifurcating,sample_0803,20660,41316,1332,9.9888189912796,5.889326520254685,47.76719325527663,133441.3901016457,133179.765625,134145.28125,965.515625
bifurcating,sample_0804,17197,34390,862,12.459042557440387,6.503356451903612,56.63303866024063,133569.85444772345,133353.515625,133870.859375,517.34375
bifurcating,sample_0805,16633,33262,818,11.775461602842455,5.272166788834553,52.12345106665757,133572.31994566525,133365.109375,133888.328125,523.21875
bifurcating,sample_0806,17850,35696,869,13.865288702229137,8.745594318575103,75.71998969002348,133527.7395789566,133279.828125,134015.21875,735.390625
bifurcating,sample_0807,17197,34390,809,11.27160421734641,5.995005745750798,74.22315687316849,133575.94672490115,133377.453125,134226.0,848.546875
bifurcating,sample_0808,15745,31486,726,13.461212408367304,7.984344199879519,75.22435039833884,133579.66000218323,133317.359375,134020.4375,703.078125
bifurcating,sample_0809,16695,33386,812,13.074903225927551,6.984341672053921,72.36589559606766,133582.5167012953,133340.125,133975.25,635.125
bifurcating,sample_0810,18558,37112,902,13.472103325280335,8.217233507387347,96.05053858749922,133520.51825610924,133294.296875,134130.25,835.953125
bifurcating,sample_0811,17280,34556,856,13.55942290162039,8.132337528613771,85.62595300068662,133570.7742847584,133322.953125,133976.109375,653.15625
bifurcating,sample_0812,19195,38386,927,12.184978313581865,7.7622561981631515,82.75518304478305,133552.83268429278,133371.328125,134070.84375,699.515625
bifurcating,sample_0813,14103,28202,666,14.876318521586338,6.941829040983838,88.62069363179351,133643.9537520829,133322.578125,134029.078125,706.5
bifurcating,sample_0814,17329,34654,802,13.58818283889687,8.135178590373902,76.21672135253881,133549.717056668,133314.15625,133960.203125,646.046875
bifurcating,sample_0815,14206,28408,670,15.186211588750739,6.743944123255255,53.645045730510276,133696.0603310221,133327.671875,134108.25,780.578125
bifurcating,sample_0816,15375,30746,745,14.108466440883229,7.100732576645934,75.88844727282881,133586.76457113822,133311.4375,134043.125,731.6875
bifurcating,sample_0817,15730,31456,750,12.812797012573238,5.801002095730231,101.35544708106016,133567.14820406865,133090.9375,134508.9375,1418.0
bifurcating,sample_0818,16312,32620,809,14.317198808898338,7.4764366224375705,80.70281970014955,133567.81318871843,133300.78125,134114.5,813.71875
bifurcating,sample_0819,17031,34058,824,12.624754143394307,7.086776150483993,68.60988256284472,133515.94276613236,133287.09375,133897.4375,610.34375
bifurcating,sample_0820,17022,34040,829,14.655803445494923,8.9448895931392,70.78190991731341,133597.92618284427,133320.609375,134043.078125,722.46875
bifurcating,sample_0821,17364,34724,804,12.367456608857823,7.675048801210572,71.88415158873175,133593.40395808138,133311.453125,133967.9375,656.484375
bifurcating,sample_0822,16071,32138,813,13.728562761394588,6.85448971888634,81.04091325022932,133598.6630450423,133339.90625,134036.859375,696.953125
bifurcating,sample_0823,13241,26478,650,17.923166782979546,9.081307346082195,90.7212217867704,133774.7324774847,133324.421875,134342.734375,1018.3125
bifurcating,sample_0824,17935,35866,943,12.721209934726806,6.7429344238269895,72.9630761620815,133568.78702258156,133355.734375,134015.09375,659.359375
bifurcating,sample_0825,20765,41526,1460,11.008981638873232,6.95162277496069,71.84577758113471,133506.28298293403,133358.265625,134036.1875,677.921875
bifurcating,sample_0826,18358,36712,876,11.947236035314608,7.6165766009070195,76.03028240338864,133503.61217606085,133316.109375,133919.0,602.890625
bifurcating,sample_0828,18862,37720,904,12.774644359090555,8.180306477780741,82.98694630502015,133519.23679139937,133211.546875,133926.96875,715.421875
bifurcating,sample_0829,12220,24436,610,18.998341077872528,9.982584052070631,82.56818531256624,133809.94396097586,133321.953125,134319.515625,997.5625
bifurcating,sample_0830,16097,32190,785,15.119721200479407,8.646861104410934,113.96808656506495,133618.71275897682,133312.59375,134468.046875,1155.453125
bifurcating,sample_0831,19435,38866,988,12.314816382546201,7.539243368311106,90.31939936076722,133502.55336458064,133322.453125,134367.3125,1044.859375
bifurcating,sample_0832,15903,31802,781,12.366940219190484,6.1874748055415525,76.3341927560043,133557.03760493302,133283.015625,133986.0625,703.046875
bifurcating,sample_0833,15803,31602,736,12.640447045055222,6.647326391746711,73.05385985300218,133565.53078924888,133312.8125,133994.4375,681.625
bifurcating,sample_0834,19321,38638,924,11.187697197709834,7.60112756736151,72.24358178086754,133489.22444733063,133249.546875,133843.25,593.703125
bifurcating,sample_0835,15483,30962,729,12.959785688410925,6.763424676165232,78.08369235185422,133581.76658068527,133333.234375,134113.359375,780.125
bifurcating,sample_0836,15797,31590,758,14.846867478847283,7.6814646449211414,81.56632303748862,133587.557928325,133284.125,134081.125,797.0
bifurcating,sample_0837,18156,36308,891,14.155785422541678,8.263666864442666,72.90789067243419,133531.28199011346,133286.578125,133970.125,683.546875
bifurcating,sample_0838,15948,31892,755,14.650184718698812,8.670587031846386,81.73744353147691,133605.96998350107,133292.765625,134024.859375,732.09375
bifurcating,sample_0839,16861,33718,848,13.26703409299946,7.1260618076828495,65.60416619731541,133554.5843625823,133345.171875,133924.765625,579.59375
bifurcating,sample_0840,13865,27726,648,15.243980467490614,6.549510859052223,60.41385922615956,133715.7566241435,133331.71875,134176.828125,845.109375
bifurcating,sample_0841,17004,34004,784,12.541337942108047,7.222891417894586,76.97499169526878,133548.55380719242,133330.484375,133927.1875,596.703125
bifurcating,sample_0842,17181,34358,793,13.729991629435254,8.52336488915546,82.15951540349009,133569.33015031138,133318.125,133937.625,619.5
bifurcating,sample_0843,13208,26412,648,15.8727226273031,7.0312649896787915,73.48381127416805,133686.9252500852,133317.9375,134265.421875,947.484375
bifurcating,sample_0844,15153,30302,717,15.669156692256932,8.050665323850092,108.09795423844507,133655.03239251304,133302.3125,134306.65625,1004.34375
bifurcating,sample_0845,15068,30132,689,14.223807812950803,7.365220294516172,85.29600900879369,133618.31336379246,133316.140625,134107.375,791.234375
bifurcating,sample_0846,15243,30482,740,15.350606235782218,8.18812366527422,77.88748859388392,133611.69131220068,133322.8125,134091.90625,769.09375
bifurcating,sample_0847,17393,34782,866,10.775703191993863,4.851916077814065,50.135745789244964,133522.13378047204,133339.640625,133827.265625,487.625
bifurcating,sample_0848,13661,27318,649,16.12632097044318,8.047950624111067,88.75565447564665,133713.05231818682,133311.734375,134251.609375,939.875
bifurcating,sample_0849,15655,31306,763,15.906452121390354,9.01790465685379,101.53027474890796,133636.50883803098,133310.65625,134238.375,927.71875
bifurcating,sample_0850,16671,33338,807,9.405535382200311,4.458994377575252,28.186466128392905,133498.54116617178,133266.578125,133664.421875,397.84375
bifurcating,sample_0851,17053,34102,810,13.775820021151532,7.751444545081375,77.02879499473178,133604.3762351199,133347.859375,134043.546875,695.6875
bifurcating,sample_0852,14805,29606,677,13.390033714824646,6.643919760768611,71.90003215350882,133605.10401152482,133326.046875,134065.546875,739.5
bifurcating,sample_0853,18058,36112,864,12.787456954245886,7.622510610063709,74.0942495627672,133502.01798025807,133261.6875,133910.953125,649.265625
bifurcating,sample_0854,18061,36118,826,13.052755427086975,8.334323801627393,81.56262621585388,133606.78255806712,133322.859375,133871.875,549.015625
bifurcating,sample_0855,18928,37852,893,11.849697017994886,8.244596708604755,70.67100781836481,133503.30937962278,133193.828125,133882.171875,688.34375
bifurcating,sample_0856,17125,34246,771,12.195047239245765,7.457036109466104,74.09101051892037,133574.81643248175,133348.015625,133994.015625,646.0
bifurcating,sample_0857,21022,42040,1483,8.972742478075562,4.645684077404774,48.111616610321384,133578.88398240533,133442.15625,133871.578125,429.421875
bifurcating,sample_0858,18341,36678,875,13.444474841707347,8.659292060872088,86.85154220536646,133543.06633021645,133316.59375,133991.21875,674.625
bifurcating,sample_0859,15115,30226,700,12.780223912517378,5.966607731882647,52.171795647416964,133584.66812045153,133321.84375,133885.953125,564.109375
bifurcating,sample_0860,19019,38034,923,13.468521124121834,8.701043651073963,85.4383062959862,133583.9670954046,133290.9375,133915.0,624.0625
bifurcating,sample_0861,17164,34324,785,12.162772274978945,7.100460865658012,77.07562783413537,133544.4429920546,133327.453125,134030.484375,703.03125
bifurcating,sample_0862,20273,40542,1101,11.418950084498025,6.996060433678741,76.32022641416859,133460.03926096286,133291.25,134028.25,737.0
bifurcating,sample_0863,17193,34382,847,14.85632150364994,8.966385292877,90.88167161109227,133588.85035606788,133343.75,134108.9375,765.1875
bifurcating,sample_0864,17947,35890,911,13.794081250033209,7.193201060068835,82.75636171462915,133633.32187743773,133318.375,134106.96875,788.59375
bifurcating,sample_0865,20402,40800,982,10.478225509968288,7.18960262206153,63.86095981358291,133524.89344411698,133324.8125,133878.46875,553.65625
bifurcating,sample_0866,15122,30240,699,11.83220768656603,5.419088697858419,43.36862875326849,133603.01202924547,133381.859375,133893.1875,511.328125
bifurcating,sample_0867,16105,32206,792,13.562675893028308,6.4589991374109,52.489038291658865,133549.6173868752,133299.09375,133997.859375,698.765625
bifurcating,sample_0868,14154,28304,686,16.651151209777716,8.555239532981568,91.44678492291423,133684.89853464568,133317.265625,134254.328125,937.0625
bifurcating,sample_0869,17227,34450,811,13.607213722151378,8.214352692411035,66.10624159873109,133578.74048459542,133338.46875,134016.109375,677.640625
bifurcating,sample_0870,15893,31782,735,11.94129780420477,6.2137379927078,54.109314151754795,133587.57660310357,133350.53125,133929.4375,578.90625
bifurcating,sample_0871,13380,26756,637,16.275866483193756,7.729489078263731,81.47903371451824,133714.84839429185,133320.046875,134299.53125,979.484375
bifurcating,sample_0872,15884,31764,761,14.939825355809113,8.353245188221193,108.60590311484948,133616.9368842074,133322.265625,134301.34375,979.078125
bifurcating,sample_0873,16196,32388,763,11.321720176521929,5.252569943204685,54.81281752257933,133512.22865985427,133300.5625,133825.6875,525.125
bifurcating,sample_0874,17413,34822,855,10.992725116819809,5.616579407113804,54.259688930841904,133686.4935141848,133500.21875,134005.46875,505.25
bifurcating,sample_0875,15195,30386,753,14.59153032249811,7.017245175194922,77.94406310150043,133586.4487177114,133310.125,133956.125,646.0
bifurcating,sample_0876,15277,30550,683,13.270034923653096,6.408449085067473,59.81981859488449,133599.78189741934,133318.125,133956.578125,638.453125
bifurcating,sample_0877,16776,33548,848,12.511556457472832,6.298255888960859,61.36359302076206,133552.16759712537,133318.6875,133903.75,585.0625
bifurcating,sample_0878,15176,30348,737,15.641006888517772,8.655374794894422,69.9881771426636,133660.4917622809,133329.140625,134108.234375,779.09375
bifurcating,sample_0879,11706,23408,601,16.41276179383752,7.444512709946646,41.81597580120993,133752.73223934308,133307.984375,134163.25,855.265625
bifurcating,sample_0880,18333,36662,935,13.699798617772029,8.33582974449009,93.10423719733484,133540.91246914718,133301.0625,133984.90625,683.84375
bifurcating,sample_0881,19260,38516,907,12.559449879995524,8.756730775133086,75.92341421590034,133438.464074669,133146.890625,133747.84375,600.953125
bifurcating,sample_0882,18308,36612,882,12.16009763156617,6.614148367895364,55.02143769232771,133533.71055600693,133301.5625,133855.765625,554.203125
bifurcating,sample_0883,16915,33826,819,14.225889776553357,8.230697478962572,68.4378446910211,133599.52418711202,133326.359375,134050.453125,724.09375
bifurcating,sample_0884,16344,32684,790,14.9792485426982,8.64754486946463,80.82978657984819,133604.29658150545,133303.75,134032.53125,728.78125
bifurcating,sample_0885,16135,32266,760,12.915957556971776,6.101077743014614,80.31361266853854,133568.74896575767,133336.78125,134024.546875,687.765625
bifurcating,sample_0886,16204,32404,825,11.907389429792714,5.889116575739438,32.191771594088564,133568.95573430942,133347.09375,133840.609375,493.515625
bifurcating,sample_0887,14226,28448,651,13.793240599282733,6.950225268463572,77.30578406427081,133623.46485198755,133317.625,134122.609375,804.984375
bifurcating,sample_0888,17946,35888,866,10.08068244467792,5.046159762554572,56.49928866825978,133551.7598089407,133384.53125,133893.40625,508.875
bifurcating,sample_0889,19715,39426,959,11.324837509172982,6.600675133896486,64.6367425452853,133450.7250221912,133261.296875,133863.265625,601.96875
bifurcating,sample_0890,16610,33216,833,13.689770323865734,7.2898264540344435,78.80716975479564,133591.40667425498,133330.828125,134027.0625,696.234375
bifurcating,sample_0891,15572,31140,731,15.083590086769274,8.388676323204939,68.15770168041661,133606.6423568745,133291.25,133994.65625,703.40625
bifurcating,sample_0892,18672,37340,874,11.596831632781033,7.317773198522292,70.52350504197348,133531.3022950474,133347.296875,134006.96875,659.671875
bifurcating,sample_0893,13655,27306,668,17.068268232468046,8.938540933177402,92.41639753918696,133710.21409740023,133322.796875,134338.75,1015.953125
bifurcating,sample_0894,16302,32600,783,14.443239171911687,8.109420265313155,119.69052059968523,133585.84182443106,133314.5625,134378.21875,1063.65625
bifurcating,sample_0895,17179,34354,792,12.793431960801971,7.628933608183513,63.11263143798434,133533.58488561615,133287.625,133934.859375,647.234375
bifurcating,sample_0896,15319,30634,727,14.824583839220816,8.399201590083123,75.37854689616266,133639.6097370912,133340.09375,134083.765625,743.671875
bifurcating,sample_0897,12170,24336,597,16.05111362341794,6.654640220525972,86.0853007460685,133727.113708145,133325.8125,134442.75,1116.9375
bifurcating,sample_0898,16331,32658,811,13.408505959151293,7.182401269942022,60.04870324560668,133587.144930462,133331.109375,133955.296875,624.1875
bifurcating,sample_0899,15301,30598,687,12.749468008717841,6.597629210590238,70.30983728415777,133603.74307949643,133326.53125,134012.015625,685.484375
bifurcating,sample_0900,18447,36890,838,11.11582578700035,6.907199185891098,73.95430941667723,133526.90538519135,133337.53125,133969.34375,631.8125
bifurcating,sample_0901,17161,34318,863,10.687200937652523,5.375187916296251,42.05383479952415,133504.49971683614,133304.3125,133734.734375,430.421875
bifurcating,sample_0902,16461,32918,784,12.759369243208733,6.309598972285245,81.9591401752871,133551.61540630125,133317.84375,134194.984375,877.140625
bifurcating,sample_0903,11163,22322,583,16.835404730283557,7.284763425414862,33.41166278595809,133785.36394926318,133309.34375,134285.796875,976.453125
bifurcating,sample_0904,21762,43520,1465,9.086742098704,4.96799053395373,46.19717037980709,133794.72661993958,133658.890625,134051.359375,392.46875
bifurcating,sample_0905,13860,27716,646,14.718174117158808,6.701387552466386,64.4425329416199,133645.48751352815,133292.78125,134058.953125,766.171875
bifurcating,sample_0906,17429,34854,844,11.953428162727011,6.0087586615610835,78.1740168696479,133509.03354771502,133298.515625,134078.0,779.484375
bifurcating,sample_0907,14488,28972,678,13.087142461273846,6.293277141683739,67.79149710709652,133580.91127031855,133308.859375,133907.0,598.140625
bifurcating,sample_0908,17088,34172,829,13.04270746370307,6.869223318888554,77.34998201686514,133603.1494542954,133368.0,134057.703125,689.703125
bifurcating,sample_0909,14635,29266,707,13.957617558374235,6.6813206210449145,79.34779542417269,133594.48247886062,133329.640625,134267.015625,937.375
bifurcating,sample_0910,19111,38218,969,13.139504764355632,7.476109184768739,77.42193231969613,133517.6016430328,133291.859375,133910.5625,618.703125
bifurcating,sample_0911,15051,30098,730,13.822230952422382,6.738120404600726,54.618796049560444,133604.3226872384,133323.765625,133945.0625,621.296875
bifurcating,sample_0912,19445,38886,936,11.813906144843832,7.93579082814367,78.68818479886741,133543.85243153767,133351.90625,134070.4375,718.53125
bifurcating,sample_0913,12639,25274,605,15.467823672297975,6.518332377485148,68.5577486535233,133706.6114395423,133318.5625,134138.6875,820.125
bifurcating,sample_0914,17591,35178,820,13.552613307104057,9.14890420443835,91.22394544939927,133572.07681307202,133178.28125,133910.5,732.21875
bifurcating,sample_0915,17233,34462,880,12.683477522420656,6.61081570570146,74.99402153130359,133557.08651823536,133336.4375,134000.28125,663.84375
bifurcating,sample_0916,15253,30502,714,12.912387525163842,6.456099043882254,64.74887589396702,133593.5891125926,133332.640625,134051.546875,718.90625
bifurcating,sample_0917,18170,36336,848,12.147705461806574,6.672116194456445,74.54282145650461,133504.9458748968,133304.125,134064.1875,760.0625
bifurcating,sample_0918,18800,37596,997,14.395415880749772,8.523829258092677,84.00945008790742,133592.32559341754,133351.296875,133987.09375,635.796875
bifurcating,sample_0919,14979,29954,721,16.630889335583255,9.29458769864546,83.64230788755803,133643.45662364812,133292.21875,134155.78125,863.5625
bifurcating,sample_0920,18756,37508,936,11.517146590214606,6.714635490968376,84.69433132416276,133537.79391261464,133354.890625,134301.15625,946.265625
bifurcating,sample_0921,18470,36936,943,11.216935902491944,6.4305820731371055,78.18583560771377,133473.42747783568,133287.78125,134121.84375,834.0625
bifurcating,sample_0922,16821,33638,829,13.236600142559688,7.0851779054820225,93.26749069286926,133526.1983774003,133299.171875,134162.109375,862.9375
bifurcating,sample_0923,16613,33222,811,14.313565765760892,7.031548751822515,79.99887937999372,133583.8389890447,133304.34375,134144.03125,839.6875
bifurcating,sample_0924,17521,35038,863,12.91397848581132,6.390356306072045,81.99553095227427,133533.35613424605,133307.140625,134156.125,848.984375
bifurcating,sample_0925,16208,32412,788,13.40704968314953,6.63769742136412,59.16588684036233,133569.96023375803,133306.609375,133910.375,603.765625
bifurcating,sample_0926,16052,32100,807,11.47207861031722,5.1856100853816045,34.077368304570555,133530.03922992462,133318.71875,133850.4375,531.71875
bifurcating,sample_0927,18372,36740,887,11.658331021803697,6.665402958644342,60.640539673295855,133506.18745407413,133341.390625,133893.640625,552.25
bifurcating,sample_0928,14849,29694,710,15.364344976625336,8.750171386523961,79.71504042384854,133657.80480903597,133323.78125,134103.25,779.46875
bifurcating,sample_0929,16020,32036,760,12.20860946154163,5.687996078670564,64.21721970528223,133537.23306608928,133309.296875,133926.5,617.203125
bifurcating,sample_0930,20606,41208,1416,11.099026404622379,6.928954905052739,84.62615083584528,133450.85494667816,133289.375,134093.46875,804.09375
bifurcating,sample_0931,17111,34218,785,13.471540078659396,8.318447987212414,75.48321130401467,133567.85353537198,133324.546875,134006.71875,682.171875
bifurcating,sample_0932,20338,40672,1023,11.140133410758068,6.987262969795447,65.34049120107208,133683.73188812198,133509.625,134045.953125,536.328125
bifurcating,sample_0933,16940,33876,827,14.120467964824517,7.3543488805820045,93.40906123193055,133583.27930563755,133320.546875,134123.234375,802.6875
bifurcating,sample_0934,16632,33260,787,12.573310852423264,6.045810748001491,60.567888412300235,133542.5945701434,133288.328125,133914.34375,626.015625
bifurcating,sample_0935,15026,30048,723,12.58216292361948,5.613515691928111,35.15425651667453,133595.32213642186,133344.109375,133874.5,530.390625
bifurcating,sample_0936,19542,39080,951,9.825747877337355,5.426947729708162,56.65412771825027,133521.79905699904,133367.75,133918.625,550.875
bifurcating,sample_0937,16175,32346,771,11.067056152685401,5.472124567378392,59.85036814497749,133534.12196870171,133324.953125,133855.9375,530.984375
bifurcating,sample_0938,19375,38746,952,11.785959432638313,7.449608730877858,85.2747987676613,133533.6754548387,133355.09375,133969.25,614.15625
bifurcating,sample_0939,16893,33782,788,13.72631689981923,7.880809614828054,83.89077446513201,133560.0732191218,133315.046875,134117.421875,802.375
bifurcating,sample_0940,17596,35188,872,13.633643333366287,7.8612748844269795,87.67303295872996,133558.4933898329,133329.40625,134045.96875,716.5625
bifurcating,sample_0941,18188,36372,970,10.419744059545621,4.958770404709697,58.40310352337947,133453.93989426407,133256.09375,133979.28125,723.1875
bifurcating,sample_0942,16973,33942,790,13.729691799873263,8.184302937754017,75.70140447832982,133587.50468390973,133336.265625,134173.53125,837.265625
bifurcating,sample_0943,14519,29034,681,14.286657506566634,5.988089507281848,32.99756830845529,133641.02135456126,133327.1875,134057.953125,730.765625
bifurcating,sample_0944,15011,30018,719,14.598515935472433,6.835664864960067,74.47301524458923,133639.4561842149,133375.484375,134190.984375,815.5
bifurcating,sample_0945,15385,30766,762,13.620576128388805,6.331130995825443,70.28053076217587,133595.70772160383,133312.203125,133979.046875,666.84375
bifurcating,sample_0946,18524,37044,892,10.01314358184699,5.081221462038501,61.97342268667286,133508.5067311326,133292.015625,133875.46875,583.453125
bifurcating,sample_0947,17058,34112,836,12.345545882653687,6.504467925903209,75.0621124777513,133547.8729115371,133336.171875,133924.328125,588.15625
bifurcating,sample_0948,17434,34864,915,12.83572174026962,6.44533554561636,63.45956552214442,133616.8544654124,133380.125,133960.171875,580.046875
bifurcating,sample_0949,15508,31012,726,12.482843153239404,5.979588410185221,67.45016489140068,133566.5472780178,133270.328125,134071.03125,800.703125
bifurcating,sample_0950,13748,27492,664,17.317978352630913,9.410451644090225,89.22726427916162,133739.3689661678,133344.609375,134242.859375,898.25
bifurcating,sample_0951,18550,37096,875,12.342698395849464,6.634620567900447,84.50606720544081,133550.53794979784,133337.890625,134162.875,824.984375
bifurcating,sample_0952,18182,36360,815,11.684265159483648,8.112783260120587,57.73372288550134,133519.1980315353,133263.21875,133863.484375,600.265625
bifurcating,sample_0953,17137,34270,847,10.933181698930397,5.107794942905457,46.45301047459772,133499.12833069527,133294.75,133734.921875,440.171875
bifurcating,sample_0954,16646,33288,805,14.154335970565096,8.164566644087984,78.98178060371697,133588.54631086296,133324.515625,134034.171875,709.65625
bifurcating,sample_0955,22713,45422,1559,11.61125780830179,8.0586050928843,84.87081014818705,133461.266323251,133286.453125,134058.109375,771.65625
bifurcating,sample_0956,17589,35174,863,9.889698164369284,4.696732955059057,44.177535186706464,133486.75668031155,133312.984375,133805.359375,492.375
bifurcating,sample_0957,21239,42474,1436,10.852721474123507,7.328840326374153,79.96426018058195,133527.8039875053,133345.59375,133980.265625,634.671875
bifurcating,sample_0958,18833,37662,948,11.56640561936283,6.159296292182697,75.52093302321884,133494.01311112806,133306.734375,133968.359375,661.625
bifurcating,sample_0959,14480,28956,671,15.018812704713216,8.319499872282767,78.91641806612358,133636.46316794716,133312.78125,133958.59375,645.8125
bifurcating,sample_0960,11978,23952,588,16.261424558214653,6.805538951595286,54.94175528330711,133750.59109408918,133326.28125,134255.75,929.46875
bifurcating,sample_0961,15003,30002,652,12.578939234930083,5.4670560930033085,44.084505087216954,133584.1735486236,133323.6875,133870.125,546.4375
bifurcating,sample_0962,15420,30836,700,14.673098538702499,7.479466265783583,87.58092640090396,133603.3624635214,133298.390625,134175.09375,876.703125
bifurcating,sample_0963,14396,28788,685,15.341023632138214,7.451514035111907,85.75827311363602,133657.83598525633,133317.953125,134108.359375,790.40625
bifurcating,sample_0964,18063,36122,872,11.547049723313464,6.192707099021044,65.67619285253905,133521.6156127166,133323.234375,133998.203125,674.96875
bifurcating,sample_0965,15762,31520,718,12.4976460223369,7.0026570027360755,65.50543462490435,133601.50147804053,133352.34375,133991.203125,638.859375
bifurcating,sample_0966,16859,33714,799,12.215037695672823,6.413371037881024,64.07895859037508,133538.7412185257,133245.71875,133890.734375,645.015625
bifurcating,sample_0967,19262,38520,958,11.014584065505618,5.626144521404795,69.69643066766872,133504.35004802202,133327.21875,133802.046875,474.828125
bifurcating,sample_0968,18517,37030,955,12.425250577603817,6.564579986193377,76.9523245764397,133567.92757077955,133371.125,134119.734375,748.609375
bifurcating,sample_0969,15709,31414,732,14.240399510478914,8.386019505477547,64.13996480342625,133607.431759859,133314.921875,134030.75,715.828125
bifurcating,sample_0970,20697,41390,980,10.980760254424345,6.816888972745873,62.66840884717559,133464.6728518928,133301.046875,133813.546875,512.5
bifurcating,sample_0971,19084,38164,943,10.545473166978793,5.417368263755317,59.78958013928012,133265.714368057,133089.578125,133612.546875,522.96875
bifurcating,sample_0972,15997,31990,768,12.909401818987476,6.454861295103425,75.60430707193865,133544.8057565481,133337.390625,133971.125,633.734375
bifurcating,sample_0973,19046,38088,940,9.990710975508714,5.115893733858958,57.29245662161142,133482.80779756905,133335.609375,133869.140625,533.53125
bifurcating,sample_0974,17607,35210,784,11.513385348330274,6.803730582139573,69.65013627509981,133517.8775336159,133321.5625,134020.84375,699.28125
bifurcating,sample_0975,17194,34384,804,11.264616269588279,6.354039697583013,65.09312650144152,133491.75446740142,133300.578125,133867.609375,567.03125
bifurcating,sample_0976,15525,31046,734,10.99052332390238,4.733715776157187,49.75226955016919,133513.957705314,133266.8125,133985.0,718.1875
bifurcating,sample_0977,15884,31764,714,12.097616567544831,6.262185544353328,63.24732465867899,133534.908006878,133292.59375,133855.5625,562.96875
bifurcating,sample_0978,19724,39444,1005,13.27440744370184,9.308914919365192,71.95969089188256,133545.0453967882,133272.859375,133986.96875,714.109375
bifurcating,sample_0979,19385,38766,941,11.461045759172304,7.141824864690856,88.92757989038482,133477.8213002966,133288.46875,133904.765625,616.296875
bifurcating,sample_0980,21187,42370,1437,10.114131496542814,5.654054222220569,61.062594677890864,133480.69642941427,133323.359375,133839.140625,515.78125
bifurcating,sample_0981,12024,24044,592,17.65447992903738,7.899559453443089,95.98382959063547,133794.50307328053,133323.0,134466.796875,1143.796875
bifurcating,sample_0982,15208,30412,727,13.889412215735868,7.000837948063327,89.4136869319253,133604.04350198086,133328.96875,134320.59375,991.625
bifurcating,sample_0983,15940,31876,767,13.863769554799429,6.860642780675691,100.07911255006836,133590.4198400251,133319.4375,134210.78125,891.34375
bifurcating,sample_0984,17462,34920,817,13.515586234940969,7.882623747277431,89.19004956813025,133543.55497204643,133312.375,134124.34375,811.96875
bifurcating,sample_0985,14748,29492,714,12.53835405862088,6.223494890037272,69.98357596820793,133579.35381704298,133134.84375,134340.15625,1205.3125
bifurcating,sample_0986,16000,31996,747,14.020496746613968,8.092883565653475,71.98577412901668,133592.2785732422,133317.4375,134025.296875,707.859375
bifurcating,sample_0987,19288,38572,947,12.260173086261249,7.9083583144797345,74.44958789995381,133511.7154035216,133266.84375,133885.859375,619.015625
bifurcating,sample_0988,13372,26740,642,15.304361739333954,7.194721584521429,77.34621884747422,133691.33680802237,133323.0625,134225.46875,902.40625
bifurcating,sample_0989,14425,28846,692,14.430045259388589,7.1148669382896355,67.20850708332169,133620.53156737436,133316.6875,134015.375,698.6875
bifurcating,sample_0990,20220,40436,1072,10.964466087648761,6.88622473567016,82.10227911747012,133470.41775392558,133303.8125,133990.71875,686.90625
bifurcating,sample_0991,17041,34078,819,10.657419127995572,5.825060151098589,72.13812146969701,133476.98327746318,133293.71875,133945.546875,651.828125
bifurcating,sample_0992,16228,32452,751,13.137783118347732,6.999657271254406,91.95274045168297,133562.3326108809,133320.015625,134135.15625,815.140625
bifurcating,sample_0993,16899,33794,799,13.237486231073797,6.769188368884329,89.84077688005215,133564.88135854932,133307.375,134125.5,818.125
bifurcating,sample_0994,16363,32722,781,12.976560219944554,6.910188610160412,71.49609872434185,133578.17292443317,133344.953125,134059.890625,714.9375
bifurcating,sample_0995,19606,39208,981,9.353834847913527,4.694385527684423,35.81889442961993,133787.56151337601,133635.875,133966.390625,330.515625
bifurcating,sample_0996,14261,28518,689,16.042460121816,8.43799574410538,81.02025810202264,133667.1590504698,133322.234375,134194.6875,872.453125
bifurcating,sample_0997,22787,45570,1555,11.816946783562091,8.357086680957154,71.46657131960062,133552.30879174528,133312.984375,133948.15625,635.171875
bifurcating,sample_0998,17709,35414,865,13.198630933880603,8.624902312556575,81.54374080790502,133563.04906315292,133294.296875,133964.859375,670.5625
bifurcating,sample_0999,15871,31738,729,13.576154933607432,8.18972685048777,66.97568146074019,133544.18908406055,133273.5625,133981.4375,707.875
bifurcating,sample_1000,13834,27664,655,16.058986109732018,8.591451686159497,72.95902378191629,133670.4207477953,133318.28125,134087.6875,769.40625
bifurcating,sample_1001,18198,36392,879,13.631234815010341,7.3248914737728645,68.73376648762837,133488.30879251842,133045.125,133996.0,950.875
bifurcating,sample_1002,17550,35096,824,13.219320845324898,7.379406189145094,89.11339663435723,133526.84573450853,133288.8125,134060.140625,771.328125
bifurcating,sample_1003,20821,41638,1432,12.255509205251997,8.07533077384484,84.94659263638935,133480.98241634047,133289.484375,133959.375,669.890625
bifurcating,sample_1004,15789,31574,765,13.954431017492235,7.433382784798519,74.28026702724623,133602.36156105518,133328.3125,134042.171875,713.859375
bifurcating,sample_1005,20703,41402,1426,9.429176385597165,5.170115588622452,55.108505003884986,133611.9418034222,133465.8125,133961.9375,496.125
bifurcating,sample_1006,15983,31962,752,12.472685165175983,6.591423890852742,58.860302781474594,133581.1511958018,133348.265625,133933.28125,585.015625
bifurcating,sample_1007,17926,35848,851,12.375899186570411,7.242135475798605,55.0272500835716,133449.28850726597,133233.375,133809.46875,576.09375
bifurcating,sample_1008,18500,36996,897,13.407738603505788,8.84206461920774,91.75283622078,133532.4917643581,133290.078125,133993.9375,703.859375
bifurcating,sample_1009,15962,31920,791,14.832289382819472,8.057273373409537,84.86884014105541,133609.51385027723,133319.484375,134291.625,972.140625
bifurcating,sample_1010,15436,30868,679,13.05593884314734,6.80599397544729,74.80525556267364,133594.1372532149,133315.46875,134025.765625,710.296875
bifurcating,sample_1011,14992,29980,711,13.400094437206224,6.844919085399423,68.57558069255748,133635.8689498983,133356.34375,134024.53125,668.1875
bifurcating,sample_1012,14233,28462,669,15.167081286781512,6.846076405065871,83.40606982074857,133664.59708621688,133310.46875,134351.546875,1041.078125
bifurcating,sample_1013,9879,19754,343,19.076412849057476,7.540408849647279,88.15680917642631,133868.5407809495,133309.25,134545.4375,1236.1875
bifurcating,sample_1014,16340,32676,792,12.69517834673261,6.011106957365613,58.68764918118292,133514.67024269432,133265.3125,133893.796875,628.484375
bifurcating,sample_1015,12154,24304,592,15.555637626268062,7.004512159578509,68.3773363028806,133736.85775002057,133311.421875,134107.453125,796.03125
bifurcating,sample_1016,19649,39294,950,11.092422974917328,7.140485379696633,81.9120394452159,133510.0600149817,133331.671875,134012.09375,680.421875
bifurcating,sample_1017,14010,28016,660,14.722565719098565,7.020728696944918,71.31544770521137,133678.46687076194,133334.328125,134044.09375,709.765625
bifurcating,sample_1018,18765,37526,907,12.631548328912443,8.130737596299777,67.81304770834289,133547.7290742406,133328.9375,133952.5625,623.625
bifurcating,sample_1019,19493,38982,911,11.109637223596627,7.399156757530499,64.61639952738344,133455.88920381677,133286.28125,133827.15625,540.875
bifurcating,sample_1020,16945,33886,791,11.338929529401007,6.405069520242098,76.03967621215406,133520.98368711272,133309.953125,133991.53125,681.578125
bifurcating,sample_1021,17256,34508,852,11.862102279659235,6.387411719936669,75.82866270965492,133473.75171136126,133162.078125,134298.25,1136.171875
bifurcating,sample_1022,18675,37346,904,12.800932111519689,7.927231543520303,77.65976782661502,133509.88951807228,133293.578125,133958.828125,665.25
bifurcating,sample_1023,17787,35570,839,11.306297876658553,5.636402989227956,58.58239250921511,133486.13620375836,133282.46875,133774.265625,491.796875
bifurcating,sample_1024,18803,37602,880,12.489486245937101,8.20424223652107,69.52328998544768,133535.7599984045,133265.8125,133907.265625,641.453125
bifurcating,sample_1025,14458,28912,685,14.386045220900233,6.694145341092178,70.00548513126844,133602.3632655796,133318.625,134059.453125,740.828125
bifurcating,sample_1026,17096,34188,824,12.139194224820912,6.290885570692818,66.90836418078278,133576.83585798577,133383.484375,133964.5,581.015625
bifurcating,sample_1027,18461,36918,873,13.669306089715315,8.04999276459019,72.88977662467784,133567.7100289123,133320.109375,134069.25,749.140625
bifurcating,sample_1028,16083,32162,749,13.231294594602003,6.929433871278291,67.68222782877179,133620.631391648,133355.125,134119.71875,764.59375
bifurcating,sample_1029,15944,31884,759,15.645859880752736,9.704653827548338,87.50415598751489,133633.50205014425,133240.25,134091.578125,851.328125
bifurcating,sample_1030,17354,34704,816,11.990117668569106,5.797799501334747,65.87126371947878,133519.65518126223,133305.796875,133921.9375,616.140625
bifurcating,sample_1031,14347,28690,690,14.674321766439412,7.2567789018554105,76.82864247482478,133613.51161283717,133316.609375,134089.875,773.265625
bifurcating,sample_1032,17073,34142,819,12.445130599788053,6.696979947026266,83.42149670505522,133570.5996849924,133300.703125,134061.765625,761.0625
bifurcating,sample_1033,14254,28504,665,13.508540162399925,5.90722848480343,54.343813311727374,133632.13572396344,133327.859375,133971.40625,643.546875
bifurcating,sample_1034,17354,34704,816,10.691690287172412,5.892442720500392,87.27954816660785,133511.29804277833,133337.984375,134080.953125,742.96875
bifurcating,sample_1035,18558,37112,1114,10.656892583272528,5.341984877198071,76.50174133756185,133490.49508214113,133215.65625,134140.828125,925.171875
bifurcating,sample_1036,17187,34370,844,12.621027604242233,7.035659454883772,69.59953491849734,133547.08509065717,133326.78125,133887.25,560.46875
bifurcating,sample_1037,18000,35996,963,12.667140604628385,6.836117548458652,69.97169126277507,133542.62419270835,133363.515625,133913.765625,550.25
bifurcating,sample_1038,19743,39482,972,11.090687896041322,7.042015836142804,92.06192677913906,133493.9220467381,133333.171875,134088.921875,755.75
bifurcating,sample_1039,15241,30478,710,13.593836650278165,7.439273227705184,72.61207221596253,133611.55542820352,133325.578125,134072.90625,747.328125
bifurcating,sample_1040,17028,34052,826,10.84469731778139,5.220047768804227,51.320316406806285,133588.19307629345,133391.609375,133831.921875,440.3125
bifurcating,sample_1041,17701,35398,850,12.62250551264307,7.1925312291800045,79.27580784410078,133575.6642421332,133364.296875,134118.03125,753.734375
bifurcating,sample_1042,20320,40636,1004,11.248106220366322,7.314817520926041,70.29072224226412,133495.78148837353,133300.953125,133879.90625,578.953125
bifurcating,sample_1043,18431,36858,922,13.352867910905683,7.5026737489935815,68.04836582187536,133579.8347408917,133360.359375,133967.296875,606.9375
bifurcating,sample_1044,16533,33062,809,11.904907643862716,5.774771707737716,42.78189906409778,133537.45192285883,133326.46875,133824.4375,497.96875
bifurcating,sample_1045,15252,30500,771,11.920942820384788,5.695000937002669,79.95657240372023,133576.56487776194,133167.609375,134167.734375,1000.125
bifurcating,sample_1046,15659,31314,773,11.001194835955493,4.994446097190396,35.33420897824728,133530.82699346222,133307.203125,133821.71875,514.515625
bifurcating,sample_1047,17332,34660,844,12.685023491592863,6.675039708303795,67.6473347327429,133576.69915384115,133356.640625,133941.625,584.984375
bifurcating,sample_1048,17861,35718,852,11.368988435877714,6.6330477197173,87.58389354841754,133515.050092555,133265.171875,134284.09375,1018.921875
bifurcating,sample_1049,17637,35270,840,15.211443889398328,9.66802801175458,86.06097975225883,133609.1533158275,133291.21875,133988.546875,697.328125
bifurcating,sample_1050,17593,35182,868,14.488883010228475,8.124397869645358,73.63173508451426,133583.54606324248,133300.671875,134077.34375,776.671875
bifurcating,sample_1051,11883,23762,594,18.02985659555442,7.620246430547335,80.7178195391385,133797.30170069638,133319.09375,134360.828125,1041.734375
bifurcating,sample_1052,17851,35698,861,11.47748199839773,6.179821607181036,90.84426300941468,133496.40755682456,133315.046875,134126.328125,811.28125
bifurcating,sample_1053,15041,30078,721,14.8568780559376,7.537953323076761,76.63968600695429,133631.91532623328,133328.328125,134048.84375,720.515625
bifurcating,sample_1054,14016,28028,688,16.24528143404384,8.520839519542006,72.80266361177786,133669.25690059573,133311.953125,134127.46875,815.515625
bifurcating,sample_1055,16687,33370,798,12.952801494818038,6.77422107189167,88.74266849352932,133558.41929439834,133328.0,134278.640625,950.640625
bifurcating,sample_1056,21531,43058,1482,12.167600923707967,8.063374013354494,84.03412186602765,133377.46758888348,133184.390625,133804.71875,620.328125
bifurcating,sample_1057,22787,45570,1560,10.443763095713145,7.232878433724347,84.87942505453834,133578.7987126706,133367.15625,134031.1875,664.03125
bifurcating,sample_1058,19616,39228,928,11.138760548886964,7.033694125760741,75.71293290214057,133501.96236888893,133342.625,134049.671875,707.046875
bifurcating,sample_1059,15096,30188,714,13.83994146002765,6.304398069684939,60.82459589832933,133654.40619514274,133345.71875,134026.6875,680.96875
bifurcating,sample_1060,13807,27610,645,15.333000342653085,7.816796568469222,66.80394783011747,133658.7226655863,133323.203125,134128.171875,804.96875
bifurcating,sample_1061,13157,26310,614,15.946747099004064,7.613062634835365,88.98116559546366,133749.0517630824,133323.984375,134391.1875,1067.203125
bifurcating,sample_1062,18781,37558,911,11.791271824542138,6.82727267453308,83.05609828127055,133501.84266263113,133282.34375,134021.71875,739.375
bifurcating,sample_1063,20475,40946,1421,13.133959296645122,8.650295111531443,72.62027782252072,133535.9162171856,133284.265625,133928.359375,644.09375
bifurcating,sample_1064,18333,36662,882,13.94013463381143,8.233215809982376,67.4806507535769,133563.5652136857,133310.125,134002.75,692.625
bifurcating,sample_1065,20609,41214,975,10.423905476351354,7.403490989301738,63.40026181630075,133532.83660278883,133315.703125,133892.96875,577.265625
bifurcating,sample_1066,15565,31126,719,14.278016582915718,7.987997105006715,65.17187583497994,133602.8945852072,133300.890625,134009.296875,708.40625
bifurcating,sample_1067,18066,36128,888,13.658511870382833,7.649992661627362,88.0206383453784,133564.753528728,133333.046875,134227.375,894.328125
bifurcating,sample_1068,16574,33144,817,14.66870440081666,8.460899658959367,88.14877163648262,133577.09246787138,133309.96875,134097.828125,787.859375
bifurcating,sample_1069,17754,35504,848,12.391566012571879,6.361052238026889,59.39960984775618,133542.1963237158,133286.28125,133815.78125,529.5
bifurcating,sample_1070,18954,37904,926,13.202977841463381,8.379484808509224,82.1728420673689,133518.09833264086,133312.1875,133980.59375,668.40625
bifurcating,sample_1071,17018,34032,808,11.269330351109732,5.916648979802749,71.32800387730668,133505.5847567649,133312.203125,133884.296875,572.09375
bifurcating,sample_1072,21242,42480,1466,10.816579972640836,6.893866734849485,115.3556296626699,133405.95484844295,133083.34375,134337.3125,1253.96875
bifurcating,sample_1073,20023,40042,997,10.537971386989566,5.787491063715464,65.21067717030925,133522.77140351097,133354.4375,134123.078125,768.640625
bifurcating,sample_1074,13483,26962,626,15.404677519479312,6.825658849691033,74.37088499565301,133693.2574874379,133321.265625,134080.53125,759.265625
bifurcating,sample_1075,13230,26456,622,14.627775034170174,6.796330277955191,68.61161067778872,133690.06108276645,133308.3125,134082.546875,774.234375
bifurcating,sample_1076,15560,31116,737,14.430074534171778,6.762560893841085,69.10490906291813,133637.99453024584,133342.65625,134042.09375,699.4375
bifurcating,sample_1077,18136,36268,839,12.507510576362177,7.800701208490387,67.03088686440928,133543.784174949,133312.765625,134020.21875,707.453125
bifurcating,sample_1078,16621,33238,760,11.897876492270045,5.967511970121963,73.58938129512717,133558.14238670206,133161.25,134057.09375,895.84375
bifurcating,sample_1079,18973,37942,910,10.95228318899675,5.8261815080964965,68.57751712043269,133488.93736741025,133314.84375,133950.890625,636.046875
bifurcating,sample_1080,16470,32936,777,12.811208419388404,5.99591270236952,56.71013049143239,133603.6376935337,133357.140625,133968.1875,611.046875
bifurcating,sample_1081,17609,35214,839,14.019830529259144,8.116153324120027,83.7534389073856,133527.03417197883,133192.15625,134052.484375,860.328125
bifurcating,sample_1082,22457,44910,1489,11.337671332653407,8.170015648319348,77.3356883415512,133535.02955509417,133321.078125,133985.28125,664.203125
bifurcating,sample_1083,13795,27586,622,13.951812337881641,6.812497960149706,64.73363355964167,133632.6760533708,133148.328125,134158.546875,1010.21875
bifurcating,sample_1084,14945,29886,690,13.191025612074629,6.5348419311052375,61.7362945630948,133612.5149558799,133338.859375,133952.859375,614.0
bifurcating,sample_1085,12996,25988,628,15.766652126441587,7.279590390519617,100.49812741588215,133720.24713012658,133400.3125,134350.953125,950.640625
bifurcating,sample_1086,14890,29776,715,15.583828702291898,8.777849665609805,81.56716129527751,133684.2919839238,133321.5,134106.5,785.0
bifurcating,sample_1087,16309,32614,807,11.44111988363297,5.115633405765053,49.76402985820267,133532.9793231498,133331.84375,133886.296875,554.453125
bifurcating,sample_1088,19332,38660,937,9.672422381368733,5.545608756230726,56.34242962462404,133364.20545759622,133208.546875,133677.234375,468.6875
bifurcating,sample_1089,21583,43162,1441,10.688119574265565,6.6850383161648645,59.59576318745343,133501.39920380045,133336.546875,133905.484375,568.9375
bifurcating,sample_1090,15085,30166,668,12.98556723633553,5.5622525937914125,53.07674279986888,133606.33566042426,133328.328125,133969.171875,640.84375
bifurcating,sample_1091,15751,31498,782,14.665247129476295,7.528254607181132,89.40791176003316,133592.10103326774,133299.75,134185.515625,885.765625
bifurcating,sample_1092,19330,38656,924,11.692249628970952,7.995611974333802,72.2483708649456,133448.1441291063,133224.875,133880.125,655.25
bifurcating,sample_1093,21768,43532,1487,12.583896583976202,9.367554995257354,76.46671454902227,133509.1438206312,133190.53125,133889.109375,698.578125
bifurcating,sample_1094,15278,30552,683,13.775865568756359,6.610303985418342,69.50693658672293,133627.87660463576,133343.078125,134019.53125,676.453125
bifurcating,sample_1095,18472,36940,921,11.773732957405729,6.925536617660832,67.40061336760972,133505.32453679893,133316.0625,133940.171875,624.109375
bifurcating,sample_1096,21122,42240,1415,11.225110105414672,7.3886718215009575,78.05227959443243,133445.44948099137,133287.0,133983.671875,696.671875
bifurcating,sample_1097,19686,39368,978,11.156484136694392,6.575064861531421,59.618546641898696,133481.0270179315,133292.578125,133821.0625,528.484375
bifurcating,sample_1098,24610,49216,1630,7.923719286424504,5.250759384798565,59.656452048763256,133364.7542068773,133242.609375,133968.40625,725.796875
bifurcating,sample_1099,17721,35438,855,13.353182496480404,6.977790300024532,83.54368782733786,133532.99369833106,133305.828125,134009.078125,703.25
bifurcating,sample_1100,12044,24084,600,18.777394756636614,9.06660990746206,88.48551731827251,133822.6080802682,133323.765625,134420.28125,1096.515625
bifurcating,sample_1101,18191,36378,893,13.16847247856811,8.222069261810724,76.82388754435436,133516.32089185587,133292.09375,133954.796875,662.703125
bifurcating,sample_1102,17675,35346,854,15.263501029357595,9.048047506106116,72.63890899190986,133567.33439886846,133299.4375,133985.734375,686.296875
bifurcating,sample_1103,11851,23698,577,17.926486416535596,8.661872830054518,94.01229083215631,133783.02064039954,133322.3125,134345.015625,1022.703125
bifurcating,sample_1104,16446,32888,778,13.005124722811795,6.845520206828957,86.03579377931169,133528.5333848276,133292.8125,134018.5625,725.75
bifurcating,sample_1105,16698,33392,822,12.639599856901388,5.9584846017694115,66.1641420506448,133588.89106199096,133344.5,133961.125,616.625
bifurcating,sample_1106,18406,36808,903,10.77949784089256,5.193983418665474,55.0531832767155,133519.3746485521,133402.25,133894.1875,491.9375
bifurcating,sample_1107,17051,34098,812,12.666352226971377,6.876745176682489,94.37572878662502,133524.37007085362,133284.875,134101.90625,817.03125
bifurcating,sample_1108,18796,37588,859,11.00399755490145,5.619728209835124,58.6225465003643,133423.9585525178,133014.484375,133905.015625,890.53125
bifurcating,sample_1109,16334,32664,763,13.585207180274846,7.880806580989421,76.38086439800817,133583.10356465043,133337.921875,134035.859375,697.9375
bifurcating,sample_1110,12890,25776,617,16.559832658702028,8.155615912732149,73.11235419574254,133725.14188324282,133318.515625,134167.359375,848.84375
bifurcating,sample_1111,17691,35378,799,11.49820539064935,6.2391008872770755,66.36335184300849,133507.7886072014,133260.6875,133950.453125,689.765625
bifurcating,sample_1112,15302,30600,710,13.717918978243727,6.768872023488391,82.62405488078316,133588.9849345674,133312.53125,134150.265625,837.734375
bifurcating,sample_1113,14989,29974,711,11.680726797268598,5.282814546603061,32.97233526630832,133557.29168369304,133319.75,133797.609375,477.859375
bifurcating,sample_1114,14928,29852,717,14.505009073460476,7.429094410772898,74.41168942990089,133614.76934598573,133316.625,134065.375,748.75
bifurcating,sample_1115,16037,32070,742,12.64854766426086,7.038106172247742,91.30045171862533,133551.94741457255,133314.09375,134172.0,857.90625
bifurcating,sample_1116,17181,34358,888,12.454449232043286,6.218238828314394,66.0958931880716,133475.01608153628,133278.15625,134027.828125,749.671875
bifurcating,sample_1117,16028,32052,763,12.933819020585519,5.763562142296561,54.128801321497846,133582.79073730347,133318.859375,133866.96875,548.109375
bifurcating,sample_1118,13698,27392,637,15.786139324658055,7.4517950865065155,86.17131047133958,133677.02176298547,133316.34375,134106.8125,790.46875
bifurcating,sample_1119,14747,29490,670,13.574259578235905,6.807264982898444,67.81239735992223,133593.9412889062,133296.375,133955.125,658.75
bifurcating,sample_1120,13034,26064,619,16.360295552815952,7.968942793164294,74.87094158788868,133709.2021324037,133323.0625,134194.546875,871.484375
bifurcating,sample_1121,18042,36080,840,12.853424723878755,7.743778568283193,73.39928051447968,133526.5362487529,133290.4375,134025.046875,734.609375
bifurcating,sample_1122,17673,35342,899,11.587879760580556,5.676780511614739,51.54259277824023,133632.97828431788,133424.203125,133923.96875,499.765625
bifurcating,sample_1123,21492,42980,1498,9.368115734539543,4.968927720393579,64.23189220804448,133547.27820090033,133323.234375,133919.640625,596.40625
bifurcating,sample_1124,13846,27688,706,15.16558029793172,6.769406453488089,50.86917347449395,133698.57455334574,133340.921875,134287.640625,946.71875
bifurcating,sample_1125,13885,27766,650,13.406428829538264,6.007077324901962,51.313387111163344,133620.24470989377,133324.515625,133936.140625,611.625
bifurcating,sample_1126,15810,31616,751,11.105986639093905,5.00345866470172,52.35688155939105,133543.72118714423,133370.515625,133953.140625,582.625
bifurcating,sample_1127,17633,35262,840,14.115607005589625,9.22143805475415,78.78341417173775,133588.83261321104,133283.984375,134007.78125,723.796875
bifurcating,sample_1128,16820,33636,789,12.910243835496003,7.289932152719518,87.52302505407992,133564.74001560643,133409.71875,134100.703125,690.984375
bifurcating,sample_1129,18443,36882,950,12.314581975255718,6.853565493042148,90.61009415101756,133472.08915476062,133241.890625,134448.25,1206.359375
bifurcating,sample_1130,14134,28264,704,16.76072606384779,7.903880678339396,109.12042888338286,133684.51433378732,133320.109375,134225.6875,905.578125
bifurcating,sample_1131,16193,32382,730,13.604076877567325,8.36233220583666,76.49696589824208,133562.04621692243,133261.375,133958.75,697.375
bifurcating,sample_1132,19069,38134,960,11.049122959046292,6.892629025901939,67.0411237067651,133552.40897530023,133246.6875,133892.875,646.1875
bifurcating,sample_1133,19084,38164,937,11.320284247486674,6.827013550619273,89.77706188269141,133534.88749656125,133371.6875,134062.9375,691.25
bifurcating,sample_1134,12260,24516,600,18.056299901100832,8.334299386674173,101.69352382690003,133813.5578800469,133324.09375,134284.53125,960.4375
bifurcating,sample_1135,21854,43704,1477,10.226130631414636,6.22964801831113,65.45167834879379,133430.40341656562,133260.421875,133837.46875,577.046875
bifurcating,sample_1136,10793,21582,559,18.439671114092228,8.016091257345556,73.14516901031756,133857.16957316085,133332.40625,134407.40625,1075.0
bifurcating,sample_1137,18138,36272,897,13.061954561940833,8.155065507839083,78.00293484063015,133531.85240844497,133320.765625,133933.140625,612.375
bifurcating,sample_1138,21243,42482,1458,10.866988177030764,7.049777178847458,71.17420943326677,133368.73148213528,133200.0625,133826.234375,626.171875
bifurcating,sample_1139,14504,29004,683,14.862608504284168,7.862641819767746,89.07885424139712,133635.05446665574,133318.78125,134129.28125,810.5
bifurcating,sample_1140,16823,33642,772,12.348083185228182,6.174643294618735,75.68785528273646,133553.13606000712,133331.828125,134048.640625,716.8125
bifurcating,sample_1141,17290,34576,883,10.723505580749297,5.057714324553314,46.1041960465907,133469.4336186018,133279.65625,133774.296875,494.640625
bifurcating,sample_1142,18624,37244,961,11.783735745011128,6.3865092072711445,79.7710540098433,133482.6884128007,133294.859375,133843.28125,548.421875
bifurcating,sample_1143,18149,36294,896,11.71362576900785,6.321589426909615,89.10956300592545,133505.42688818942,133304.765625,134114.625,809.859375
bifurcating,sample_1144,15265,30526,715,12.43858556957528,5.439426079622362,43.73891273586457,133554.2951533328,133313.765625,133859.96875,546.203125
bifurcating,sample_1145,14243,28482,695,16.288607908471555,7.930329300312299,84.81327077766693,133695.91171211298,133313.015625,134203.15625,890.140625
bifurcating,sample_1146,16249,32494,803,13.493398568825613,6.968580611924694,86.90256511832256,133526.7766881808,133080.21875,134150.140625,1069.921875
bifurcating,sample_1147,14617,29230,717,13.787755096601028,6.2760935984384885,48.00392912169407,133610.7574848635,133319.09375,133964.015625,644.921875
bifurcating,sample_1148,17377,34750,829,11.600059180748715,5.6328791747732065,56.442993449805655,133523.70989580336,133323.0625,133813.140625,490.078125
bifurcating,sample_1149,16292,32580,762,13.422853419841177,7.271192035141463,83.45771435882155,133537.91209450958,133293.265625,134181.109375,887.84375
bifurcating,sample_1150,15284,30564,719,14.912418620168566,8.443716177381315,72.64328901402513,133618.23026531012,133322.03125,134031.953125,709.921875
bifurcating,sample_1151,15403,30802,741,10.298910022696619,4.4792733166382135,25.01578116453439,133556.56618840486,133363.84375,133744.609375,380.765625
bifurcating,sample_1152,16977,33950,764,12.11376339645694,7.245126557431422,78.61429203085223,133556.37231622194,133404.234375,134033.5,629.265625
bifurcating,sample_1153,15925,31846,759,13.899568757993057,6.787727310417753,90.54598879705269,133595.0003659733,133329.734375,134304.796875,975.0625
bifurcating,sample_1154,16728,33452,810,10.166184298874965,4.618029114850932,38.00424670281717,133487.90306858261,133299.703125,133712.328125,412.625
bifurcating,sample_1155,16784,33564,808,12.865824062461705,7.2719251425497875,83.66473180629924,133575.8625569739,133313.9375,134010.296875,696.359375
bifurcating,sample_1156,19725,39446,1078,13.040403424729249,8.470182543600682,78.42046669289958,133514.54872227504,133299.640625,133961.765625,662.125
bifurcating,sample_1157,16870,33736,796,12.629970399726197,7.244865645292218,78.19609941509512,133560.79258206135,133331.03125,133979.640625,648.609375
bifurcating,sample_1158,17480,34956,842,11.675467933275424,6.4995084791997835,68.98329607162766,133520.26993796483,133292.796875,133905.359375,612.5625
bifurcating,sample_1159,21328,42652,1481,12.58382172879043,8.919645804538682,84.85226241423769,133531.6406118131,133273.1875,133955.28125,682.09375
bifurcating,sample_1160,17129,34254,839,15.168786341549012,9.437662101901505,74.93698413269294,133606.48152894943,133293.5625,134066.015625,772.453125
bifurcating,sample_1161,19641,39278,914,11.009134659861243,7.048072137788564,62.31752151262246,133489.69142355278,133313.609375,133814.375,500.765625
bifurcating,sample_1162,16106,32208,730,12.355608594871999,6.397568913847185,86.34567044004183,133561.07520198217,133298.203125,134166.296875,868.09375
bifurcating,sample_1163,18010,36016,842,12.374304958338964,6.970732609890544,72.34112087854834,133533.61644659218,133328.90625,133955.90625,627.0
bifurcating,sample_1164,17455,34906,886,12.775375216087607,6.78428097025706,78.02988737668173,133589.13048553423,133255.28125,134534.609375,1279.328125
bifurcating,sample_1165,16415,32826,783,14.43059758645701,8.6070518522193,93.11458263145039,133581.2084707204,133313.203125,134096.875,783.671875
bifurcating,sample_1166,10805,21606,553,18.23539451263417,7.650916380356076,102.93593780552166,133808.45370343592,133317.75,134501.40625,1183.65625
bifurcating,sample_1167,15907,31810,789,11.267128473262726,5.138401341438262,42.0750955150791,133529.06359818004,133346.6875,133826.34375,479.65625
bifurcating,sample_1168,12632,25260,601,16.216676004716398,7.273985490760347,70.3471332309794,133727.85421696882,133320.125,134144.171875,824.046875
bifurcating,sample_1169,17111,34218,832,13.998346474486253,8.241659129952982,74.79756213072699,133534.5153574455,133265.609375,133925.546875,659.9375
bifurcating,sample_1170,15438,30872,735,14.016616661966026,7.102247910181056,76.34446372420224,133613.48088118603,133336.703125,134143.28125,806.578125
bifurcating,sample_1171,19092,38180,931,11.791526400588657,7.182709376917952,84.0355458730269,133522.99346093915,133334.5,134048.9375,714.4375
bifurcating,sample_1172,18889,37774,876,10.77933603830971,6.757549712813587,67.66078201801903,133533.10422401928,133358.390625,133971.21875,612.828125
bifurcating,sample_1173,13634,27264,640,14.13911161303158,6.230931866440605,48.52288044912313,133630.58557306184,133309.921875,134042.203125,732.28125
bifurcating,sample_1174,17525,35046,794,12.79621942009337,8.124666283776797,76.48208671133428,133535.07157542795,133301.203125,133909.375,608.171875
bifurcating,sample_1175,15973,31942,736,13.836996883414713,7.40133960589174,73.43750726482706,133630.2190092265,133356.625,134097.046875,740.421875
bifurcating,sample_1176,17531,35058,868,11.23456722694632,5.763249133182635,80.59330325966933,133468.6362871485,133013.890625,134047.546875,1033.65625
bifurcating,sample_1177,15734,31464,744,13.024345524927108,6.490605052904752,84.40713673160381,133559.47080069437,133301.625,134070.328125,768.703125
bifurcating,sample_1178,16717,33430,831,13.965454478960067,7.236706357311513,79.05756445512857,133575.40242343122,133327.703125,134253.96875,926.265625
bifurcating,sample_1179,15481,30958,706,13.392734667674254,6.258426148305572,67.19713042804763,133611.47069593373,133321.75,134002.328125,680.578125
bifurcating,sample_1180,18562,37120,869,10.777011633946689,6.00609822587685,69.69149778264595,133448.2691402462,133274.0625,133936.703125,662.640625
bifurcating,sample_1181,16641,33278,783,13.677846203442087,7.3055364907894385,91.73768919211624,133593.79062349768,133341.90625,134242.5625,900.65625
bifurcating,sample_1182,15906,31808,745,12.932219148469212,7.018299479164153,90.52064130789587,133572.06505701464,133328.046875,134015.0625,687.015625
bifurcating,sample_1183,18627,37250,978,12.345853144293967,6.601471539779799,56.087830885623944,133504.1227183658,133296.875,133838.1875,541.3125
bifurcating,sample_1184,17605,35206,849,13.005726711620511,7.627844835970923,66.00980729431566,133573.52246432123,133331.28125,133980.84375,649.5625
bifurcating,sample_1185,17938,35872,789,11.855615383684123,6.747817056298216,75.76289399068392,133534.49098892714,133319.5625,133987.9375,668.375
bifurcating,sample_1186,20112,40220,1141,10.22598236759149,5.0120500977496585,52.74302643580576,133497.43399851458,133327.0625,133852.25,525.1875
bifurcating,sample_1187,16043,32082,768,13.212278481928895,6.293842702553696,61.79148693806175,133596.41322539427,133349.296875,133992.578125,643.28125
bifurcating,sample_1188,18709,37414,898,12.334089697375711,7.356749558046539,86.13751450709027,133514.9659505452,133307.890625,134128.546875,820.65625
bifurcating,sample_1189,15122,30240,714,15.569132814108821,7.319448874820776,92.554349109845,133667.91796306704,133322.609375,134292.921875,970.3125
bifurcating,sample_1190,15224,30444,753,16.12880065038554,8.591850865403305,85.97020448540826,133659.34165626642,133319.484375,134128.28125,808.796875
bifurcating,sample_1191,17598,35192,871,10.28330748430988,5.401422151131489,59.94473667894802,133413.28885118337,133245.28125,133732.3125,487.03125
bifurcating,sample_1192,19250,38496,910,11.313478746032091,7.041963116650048,73.99611713181876,133481.5373336039,133312.4375,133892.125,579.6875
bifurcating,sample_1193,14720,29436,689,13.564441936445949,6.687959512697045,70.02370179224314,133627.66196182914,133347.046875,134205.578125,858.53125
bifurcating,sample_1194,14581,29158,692,15.31171312677598,8.044150935987263,71.34017460758747,133652.58539473457,133321.109375,134085.921875,764.8125
bifurcating,sample_1195,14230,28456,697,14.285385842012992,6.615538953248655,51.293020056482916,133629.90089928848,133312.328125,133975.765625,663.4375
bifurcating,sample_1196,11038,22072,579,18.758752530864623,8.04874815973648,64.2082303110003,133835.14617684364,133321.328125,134399.234375,1077.90625
bifurcating,sample_1197,17832,35660,841,10.555539525142509,5.548657270420403,56.12400005563745,133438.77394483934,133258.640625,133713.296875,454.65625
bifurcating,sample_1198,18391,36778,885,12.494146814763184,7.044883072057704,71.32634354005677,133491.8336788375,133287.21875,133919.03125,631.8125
bifurcating,sample_1199,16998,33992,807,14.227869128245326,8.512923205179339,69.81980424022956,133577.11439213436,133316.140625,134027.484375,711.34375
bifurcating,sample_1200,17992,35980,824,12.428726537817097,7.672078160624847,72.90656363417555,133545.54175727407,133345.4375,134003.234375,657.796875
bifurcating,sample_1201,14231,28458,658,15.53685405582517,7.727846844388553,86.33749720872656,133678.39051630243,133334.46875,134246.671875,912.203125
bifurcating,sample_1202,17057,34110,785,13.075005312369345,8.516852969411513,80.51877254348805,133541.5265149572,133267.90625,133884.984375,617.078125
bifurcating,sample_1203,18584,37164,916,13.625347750627217,8.838384070730898,78.74432560343934,133553.50677329962,133320.890625,134008.640625,687.75
bifurcating,sample_1204,15878,31752,756,13.516955496036292,7.591276451838651,71.04132369892291,133582.61646027523,133320.25,133985.65625,665.40625
bifurcating,sample_1205,15040,30076,677,13.441363139216847,5.671500025658525,49.29905333242469,133600.5308915808,133310.625,133946.859375,636.234375
bifurcating,sample_1206,18143,36282,901,11.738216857324009,6.875563634462243,64.68572906813515,133518.23560653557,133315.734375,133842.28125,526.546875
bifurcating,sample_1207,17543,35082,844,13.244316718348227,7.732850097945213,96.08578974355721,133538.39922173374,133332.0625,134131.171875,799.109375
bifurcating,sample_1208,18194,36384,854,11.14350609213879,6.076810108244046,79.67712075930176,133457.3257315255,133274.046875,133901.765625,627.71875
bifurcating,sample_1209,21074,42144,1436,10.97051853570394,7.304040525679876,101.27475633270643,133476.44829455134,133305.75,134061.984375,756.234375
bifurcating,sample_1210,20406,40808,1421,13.764045176126814,10.062724200740675,80.5707973285689,133527.9929478462,133189.625,133914.546875,724.921875
bifurcating,sample_1211,14107,28210,669,14.171166753970567,6.557084298184067,77.91779772104856,133636.93898197703,133321.828125,134137.109375,815.28125
bifurcating,sample_1212,19137,38270,904,11.18053957872152,7.193993609057489,86.00404936279654,133510.2544947288,133323.09375,133947.3125,624.21875
bifurcating,sample_1213,18349,36694,923,12.096581783991061,6.643205193814536,75.3202308465511,133517.51360343207,133303.09375,134101.25,798.15625
bifurcating,sample_1214,19049,38094,949,10.525804365580832,5.419456899873565,44.79429997203211,133496.27752277022,133318.921875,133725.953125,407.03125
bifurcating,sample_1215,15800,31596,717,13.527668929670442,7.332085431001439,74.84481410694067,133600.9876602057,133333.84375,134071.21875,737.375
bifurcating,sample_1216,15272,30540,692,11.874066212965264,5.212702681744362,47.76658843208118,133555.3773153074,133313.1875,133802.109375,488.921875
bifurcating,sample_1217,18210,36416,932,9.682874392895123,4.748677910032409,31.9235073777437,133468.4442244989,133303.765625,133629.34375,325.578125
bifurcating,sample_1218,13711,27418,650,15.671098012691733,8.313953428802405,79.90203962816281,133672.70922753628,133319.03125,134131.34375,812.3125
bifurcating,sample_1219,18436,36868,867,12.801554001376394,8.350341673963355,72.7516172972765,133552.13113693995,133340.28125,133941.359375,601.078125
bifurcating,sample_1220,12858,25712,653,19.851370580821477,10.448920874004969,89.62085644366427,133796.62652750235,133322.90625,134380.453125,1057.546875
bifurcating,sample_1221,15691,31378,751,13.895568099737543,7.101535488747906,78.29184949537293,133619.21150958352,133337.078125,134184.4375,847.359375
bifurcating,sample_1222,19800,39596,1047,10.822568476578494,5.786893408633436,77.22802346410043,133479.96886126895,133271.796875,134032.390625,760.59375
bifurcating,sample_1223,16885,33766,779,12.295281240613823,6.043603886598422,95.94154316394074,133502.5912801673,133061.828125,134619.640625,1557.8125
bifurcating,sample_1224,16588,33172,834,12.266507238153613,6.108532851251542,69.4371430458208,133573.46409772878,133348.796875,134000.265625,651.46875
bifurcating,sample_1225,16145,32286,772,12.83969312646971,6.734030727454499,70.82406046176787,133543.62251567823,133330.96875,134024.421875,693.453125
bifurcating,sample_1226,17612,35220,860,14.372978131580094,8.599728807313317,70.16885188643172,133594.14273914802,133337.9375,133961.28125,623.34375
bifurcating,sample_1227,16081,32158,753,12.662557155226358,6.665070253615345,61.34688305233693,133584.37065092346,133333.5625,133957.9375,624.375
bifurcating,sample_1228,15418,30832,720,14.608327363154682,7.392139082549761,94.9841748527274,133613.9675115936,133311.640625,134102.515625,790.875
bifurcating,sample_1229,18266,36528,814,10.865656471495384,5.747396339745724,63.416231145118346,133534.90443138892,133350.515625,133920.84375,570.328125
bifurcating,sample_1230,14799,29594,703,15.06714456110621,8.077360066078738,82.46923478006984,133626.8577247618,133317.734375,134104.609375,786.875
bifurcating,sample_1231,15121,30238,698,12.755602725343312,6.252328096013075,74.54966277138021,133564.51921169236,133309.515625,134110.734375,801.21875
bifurcating,sample_1232,13422,26840,610,12.609582559595701,5.625359348289512,36.49833980430232,133600.4190577969,133310.203125,133901.796875,591.59375
bifurcating,sample_1233,18370,36736,863,12.218661044793865,7.249891647688407,76.05508061131114,133504.39085380375,133296.421875,134158.515625,862.09375
bifurcating,sample_1234,17543,35082,819,12.71728042888772,7.3425956146020335,73.0262707991,133579.58567697942,133339.1875,133976.78125,637.59375
bifurcating,sample_1235,18221,36438,876,11.586648896237051,5.926196448410532,56.00222518953114,133615.79268169284,133414.984375,133882.21875,467.234375
bifurcating,sample_1236,20186,40368,997,9.092879320243592,4.456960668913032,45.18821819463503,133521.08855688968,133371.640625,133894.578125,522.9375
bifurcating,sample_1237,14598,29192,663,13.110471301060025,6.775323372225005,62.79337206185618,133598.05079784046,133306.96875,133927.765625,620.796875
bifurcating,sample_1238,15537,31070,741,11.593393891315872,5.140980735491875,48.60636684331776,133576.60556051682,133343.671875,133880.40625,536.734375
bifurcating,sample_1239,19689,39374,959,12.215560049428497,7.910122872937705,60.29112075133686,133515.205751784,133270.359375,133850.5625,580.203125
bifurcating,sample_1240,19164,38324,960,12.413786535031615,6.927794621762185,72.0969742208609,133515.3926005466,133315.546875,134028.0625,712.515625
bifurcating,sample_1241,15109,30214,712,13.470050496178068,6.061280030138792,80.84423197387142,133563.247527343,133146.328125,134433.765625,1287.4375
bifurcating,sample_1242,14371,28738,687,15.078055840288595,7.666478708544949,75.2132882607921,133643.7449746886,133324.875,134030.46875,705.59375
bifurcating,sample_1243,14021,28038,690,14.165192837356608,6.486803377894477,61.857540436935565,133622.97976361352,133301.6875,133972.75,671.0625
bifurcating,sample_1244,16963,33922,794,13.34599863808137,7.388742701666756,103.14832672572001,133589.48522703827,133352.21875,134249.359375,897.140625
bifurcating,sample_1245,14269,28534,681,14.823979617882873,6.979232183261316,93.9288008268321,133631.19574120472,133145.078125,134410.78125,1265.703125
bifurcating,sample_1246,22044,44084,1511,10.987261607288952,7.245794592428555,76.10365025798615,133510.817419139,133341.5,134074.234375,732.734375
bifurcating,sample_1247,18304,36604,911,9.635158653002396,5.044220996829998,78.16001271218832,133425.86043436543,133273.453125,133823.171875,549.71875
bifurcating,sample_1248,16900,33796,816,11.628453396286694,6.048684049236487,61.508700076117236,133520.83337278105,133312.375,133855.84375,543.46875
bifurcating,sample_1249,15747,31490,758,12.982188492744031,7.3947526649861315,56.14737825952905,133629.8965775227,133365.90625,133961.75,595.84375
bifurcating,sample_1250,16572,33140,799,15.38860716153274,9.003065466454947,82.43840090911854,133594.24525272296,133301.296875,134052.59375,751.296875
bifurcating,sample_1251,18254,36504,834,11.078201398419994,6.067395679862157,82.1613175494321,133501.1304200449,133316.40625,133954.84375,638.4375
bifurcating,sample_1252,19177,38350,993,13.3456679730249,7.867840419086223,78.51786565376953,133579.19111028186,133369.453125,134108.828125,739.375
bifurcating,sample_1253,17651,35298,870,15.472558591729147,9.415951841239664,80.18108986353977,133599.70082254548,133343.703125,134049.671875,705.96875
bifurcating,sample_1254,16703,33402,758,13.123202041251046,7.275148942299374,77.37838140538015,133554.74341996945,133304.15625,134042.484375,738.328125
bifurcating,sample_1255,18770,37536,886,11.261836914053616,6.740156683015381,66.1632236539085,133621.3010105887,133445.109375,133958.65625,513.546875
bifurcating,sample_1256,14730,29456,686,15.252407809921404,8.36966907575177,67.41697489562638,133652.50592434657,133312.171875,134086.734375,774.5625
bifurcating,sample_1257,22053,44102,1496,10.487762689927177,6.712738302384415,71.36561959471084,133565.74829884255,133400.90625,134059.359375,658.453125
bifurcating,sample_1258,15490,30976,729,12.269754241120399,5.276386831036514,45.2242501707105,133538.57544080858,133315.28125,133883.71875,568.4375
bifurcating,sample_1259,18250,36496,857,12.491812792107506,7.727869384041074,64.38059263927576,133534.7793510274,133322.203125,133928.859375,606.65625
bifurcating,sample_1260,15910,31816,748,14.522240382249588,8.314335404605552,76.17083380412596,133581.24029698304,133302.203125,134022.5625,720.359375
bifurcating,sample_1261,18186,36368,874,11.901418502471312,6.1671670361199515,61.05425613561893,133498.9848612944,133276.984375,133797.171875,520.1875
bifurcating,sample_1262,15359,30714,736,15.832587081402654,9.305790199744454,78.3885287179917,133643.8380784475,133315.140625,134119.203125,804.0625
bifurcating,sample_1263,12385,24766,623,17.305143767635762,6.883245984741362,78.13073374630923,133750.2505954784,133323.390625,134257.703125,934.3125
bifurcating,sample_1264,21216,42428,1435,9.240643478110977,5.002627915737871,42.36109508631165,133505.28811097756,133311.03125,133738.734375,427.703125
bifurcating,sample_1265,17489,34974,792,12.420680098680565,8.156308973266114,69.96660713027318,133546.1512629367,133295.6875,133891.125,595.4375
bifurcating,sample_1266,17066,34128,803,12.835437672560708,6.827839794267138,74.7207647336688,133525.18996561144,133280.9375,133982.5,701.5625
bifurcating,sample_1267,17391,34778,840,12.891318267794276,7.471917310768017,71.7649909930568,133595.04021566472,133357.078125,133968.515625,611.4375
bifurcating,sample_1268,15596,31188,717,14.04488702045579,7.430103212542305,80.23593624610955,133606.78831711656,133319.34375,134142.390625,823.046875
bifurcating,sample_1269,18024,36044,854,13.163431824326718,7.8883906914981985,71.26101395187447,133542.35343153574,133299.90625,133967.078125,667.171875
bifurcating,sample_1270,17708,35412,898,13.120104985479506,7.27873655763725,66.0780386143455,133564.59419647898,133343.09375,133954.390625,611.296875
bifurcating,sample_1271,14449,28894,685,13.319224251111162,5.502284108495553,33.65997349040823,133625.18617097204,133335.015625,133909.546875,574.53125
bifurcating,sample_1272,21687,43370,1436,10.485011066642958,7.292627063268288,61.81305412514206,133591.1020455803,133323.796875,133909.21875,585.421875
bifurcating,sample_1273,16346,32688,760,13.088422626610358,6.811155990290341,65.54920284815492,133571.32701521015,133188.859375,133992.953125,804.09375
bifurcating,sample_1274,15182,30360,722,13.65332343285806,6.399586666049211,92.64677039229906,133605.7053274437,133326.03125,134121.390625,795.359375
bifurcating,sample_1275,16513,33022,802,11.375732942521248,5.2967385900832,60.237180569332,133702.38979894627,133447.4375,134151.234375,703.796875
bifurcating,sample_1276,16984,33964,893,12.415182400968149,5.812880814243867,54.184646405949344,133498.62006888835,133303.921875,134001.234375,697.3125
bifurcating,sample_1277,19174,38344,925,12.700268887548697,8.362823208979643,81.79024028042551,133532.71798317382,133296.625,133968.953125,672.328125
bifurcating,sample_1278,21216,42428,1456,11.353657795689694,7.199540050056714,75.42225240160249,133526.183620263,133346.625,133985.296875,638.671875
bifurcating,sample_1279,16227,32450,740,12.808164496595712,6.90843769843756,65.48514713953682,133583.3502274373,133327.4375,133958.328125,630.890625
bifurcating,sample_1280,15578,31152,717,14.417033814920911,8.389929381038536,76.4072826604906,133619.60428769738,133311.328125,134025.9375,714.609375
bifurcating,sample_1281,15552,31100,777,15.466706301162299,7.955275049062065,87.64524893045926,133612.57535204475,133313.828125,134132.6875,818.859375
bifurcating,sample_1282,18458,36912,954,12.430675816383914,7.595208663047164,84.0255617918867,133597.13956600797,133401.71875,134003.734375,602.015625
bifurcating,sample_1283,14953,29902,722,14.797198694766122,7.2777731860346595,113.48070789155615,133634.65821030896,133325.53125,134407.984375,1082.453125
bifurcating,sample_1284,16223,32442,799,12.333720934742301,6.086507103339941,58.32995086659069,133533.93826665846,133300.375,133850.59375,550.21875
bifurcating,sample_1285,14461,28918,700,15.54322050400015,7.7173576386647715,84.71422743920343,133657.6201226575,133322.375,134141.40625,819.03125
bifurcating,sample_1286,17082,34160,766,12.905398764452999,7.916801380998537,59.345743250356314,133572.1478292208,133322.28125,133957.875,635.59375
bifurcating,sample_1287,18988,37972,959,12.37082229195558,6.626213215545151,64.18849254118504,133506.81275344954,133309.828125,133867.390625,557.5625
bifurcating,sample_1288,15061,30118,719,14.220332808000826,7.455404767918626,92.02229111967912,133613.95687433603,133330.453125,134180.046875,849.59375
bifurcating,sample_1289,20069,40134,979,10.876769951274966,7.406674665213202,61.00038264974328,133706.81663106036,133426.203125,134043.203125,617.0
bifurcating,sample_1290,18491,36978,867,12.555961002276337,7.997207770791634,75.0218476806035,133496.47359441756,133260.1875,133875.90625,615.71875
bifurcating,sample_1291,13254,26504,666,18.523570945494207,9.545628365168431,111.45690067519092,133726.69649492606,133216.234375,134411.171875,1194.9375
bifurcating,sample_1292,20250,40496,983,9.881813322782113,5.817287542170498,68.2415496946339,133533.3984675926,133380.6875,133902.21875,521.53125
bifurcating,sample_1293,15669,31334,709,12.758524472388459,6.501116310489773,104.96198538790726,133569.17675824877,133289.578125,134278.703125,989.125
bifurcating,sample_1294,13732,27460,675,17.00496931854639,8.736706917525103,90.95863118987467,133707.10952633448,133318.125,134247.15625,929.03125
bifurcating,sample_1295,18687,37370,884,11.768038843289544,7.132486007351044,93.23379963747128,133540.61973062824,133371.984375,134090.453125,718.46875
bifurcating,sample_1296,20507,41010,992,9.494049839711925,6.013378653979348,71.37608770136076,133458.41833962183,133317.625,133911.34375,593.71875
bifurcating,sample_1297,17138,34272,841,11.723422165640956,5.623779684170124,64.16922071988407,133559.91961576612,133380.03125,133984.296875,604.265625
bifurcating,sample_1298,17658,35312,862,14.492238608411311,9.516594739787255,80.91216500898337,133616.31543599218,133243.296875,134002.140625,758.84375
bifurcating,sample_1299,19783,39562,963,11.13783260252472,6.531792596111634,68.104968477515,133505.90419409974,133324.4375,133946.203125,621.765625
bifurcating,sample_1300,15640,31276,762,14.605120050984851,6.735023420160846,63.970487316151626,133602.9610763667,133299.21875,134007.78125,708.5625
bifurcating,sample_1301,18222,36440,892,12.645399897430524,7.602026970719596,83.87900628187099,133519.02496467181,133279.265625,133998.453125,719.1875
bifurcating,sample_1302,16800,33596,774,12.339515446502622,6.801889107915806,77.74915178635254,133528.3397126116,133304.640625,134037.65625,733.015625
bifurcating,sample_1303,15733,31462,752,14.385414115394404,7.773779836111988,68.5853116950687,133629.91204891787,133321.4375,133998.75,677.3125
bifurcating,sample_1304,13100,26196,643,17.120610828968942,7.648053985013801,87.45926680521254,133730.3971898855,133319.421875,134287.296875,967.875
bifurcating,sample_1305,17142,34280,762,12.08169347642532,7.224162069664027,69.59679315957577,133572.39700643887,133347.46875,133996.171875,648.703125
bifurcating,sample_1306,15675,31346,732,13.224545357571161,6.981337626909606,62.66169033927768,133569.6715899123,133303.40625,134013.4375,710.03125
bifurcating,sample_1307,19403,38802,998,12.320030836374432,6.400529897835015,89.99569309687489,133523.62277821085,133312.21875,133982.578125,670.359375
bifurcating,sample_1308,19842,39680,1103,12.590212601851054,8.025027650702185,97.20023851685278,133509.57123856593,133323.953125,134075.515625,751.5625
bifurcating,sample_1309,17639,35274,847,12.902643450463044,7.260949440789525,91.05348403216854,133554.83676795737,133337.078125,134249.625,912.546875
bifurcating,sample_1310,23151,46298,1593,10.917237392537313,7.303153719263945,68.12005990617823,133455.81577334672,133229.3125,134264.84375,1035.53125
bifurcating,sample_1311,16431,32858,810,12.321337472981186,6.166585049920473,71.29500406158041,133563.20003442426,133353.546875,133999.53125,645.984375
bifurcating,sample_1312,16910,33816,801,10.387177223600906,5.298836201172506,47.445699526103134,133518.17725458308,133329.640625,133749.609375,419.96875
bifurcating,sample_1313,17872,35740,887,10.452304370119833,5.540387436180449,45.741252544469745,133486.53767328084,133243.28125,133688.53125,445.25
bifurcating,sample_1314,16595,33186,806,11.84579614194675,5.972885145091301,72.53584525129675,133513.02478815155,133303.3125,133995.75,692.4375
bifurcating,sample_1315,17254,34504,853,11.945538462922366,6.539734926400415,66.70806393908272,133508.5102213617,133325.34375,133901.046875,575.703125
bifurcating,sample_1316,23468,46932,1570,9.821845601008924,6.84217952015209,79.51584880328885,133465.11314476095,133306.375,133897.125,590.75
bifurcating,sample_1317,16791,33578,798,12.522724995480885,6.73225892556054,89.68614524030176,133536.77050949913,133323.265625,134182.109375,858.84375
bifurcating,sample_1318,14835,29666,716,14.712795528421884,6.642866637953693,87.9825074403476,133632.98498904618,133313.375,134091.328125,777.953125
bifurcating,sample_1319,15648,31292,813,13.502830605456687,6.241230509117943,51.343139441668995,133560.14701858864,133323.859375,133972.453125,648.59375
bifurcating,sample_1320,15787,31570,732,12.886659619454848,6.635324363163379,70.1339178165679,133561.57924538385,133322.953125,133992.953125,670.0
bifurcating,sample_1321,18162,36320,859,11.155360348600485,6.222832326890375,78.25096425006052,133484.87131011864,133298.546875,134027.8125,729.265625
bifurcating,sample_1322,17396,34788,835,12.181910073750425,6.328651490263641,69.22585250448658,133556.29717320073,133345.59375,134039.125,693.53125
bifurcating,sample_1323,18623,37242,928,10.266493240288609,5.680920003200263,49.2319136295217,133463.978908809,133295.5,133743.109375,447.609375
bifurcating,sample_1324,17710,35416,858,12.778184475484789,6.82703767856858,85.52107858443489,133537.51990312675,133321.4375,133984.734375,663.296875
bifurcating,sample_1325,16696,33388,766,13.037649405756344,7.501345109218489,68.82081401419545,133582.1694015408,133318.046875,134070.453125,752.40625
bifurcating,sample_1326,16349,32694,802,12.885017413738426,6.707700969749444,63.66073589925718,133549.3589000092,133288.890625,133901.84375,612.953125
bifurcating,sample_1327,14782,29560,705,14.247507241507629,7.234151711722128,74.05259605619358,133635.91936878467,133336.140625,134062.140625,726.0
bifurcating,sample_1328,20291,40578,1111,10.151809857002368,5.531286232688744,73.46048893571593,133517.78717319254,133384.484375,133965.984375,581.5
bifurcating,sample_1329,18265,36526,846,12.171927454346328,7.724143303117927,74.29754996938819,133543.4015680605,133334.34375,133982.71875,648.375
bifurcating,sample_1330,17854,35704,835,11.78315534901215,6.070566657290928,77.85754756648016,133463.2782709757,133262.71875,134080.90625,818.1875
bifurcating,sample_1331,15799,31594,746,12.077546391868285,5.797147049161922,66.79202779999869,133600.24146603423,133403.25,133982.90625,579.65625
bifurcating,sample_1332,13846,27688,652,13.861113985176667,6.273409394276012,75.02049069032819,133622.73541433446,133320.921875,134185.71875,864.796875
bifurcating,sample_1333,15689,31374,737,14.754754181528622,8.552226173584287,78.20809828078174,133609.85517221462,133327.453125,134111.609375,784.15625
bifurcating,sample_1334,18531,37058,870,11.627286147945116,6.816625818568626,84.56464104642139,133469.7065938495,133288.65625,133968.359375,679.703125
bifurcating,sample_1335,16436,32868,770,13.17311811957719,7.1854644724036945,92.35936156131521,133568.26629711458,133317.3125,134162.21875,844.90625
bifurcating,sample_1336,18060,36116,859,11.374680765353489,6.040313426337852,66.85714749293354,133520.22968230897,133322.125,133827.53125,505.40625
bifurcating,sample_1337,18747,37490,906,12.207956296833874,6.4393858417337615,81.14176147191294,133535.40344871845,133331.875,134038.5625,706.6875
bifurcating,sample_1338,17111,34218,800,12.848894126809236,7.096684789679438,92.18060245944645,133547.49940918855,133313.296875,134079.34375,766.046875
bifurcating,sample_1339,13755,27506,668,16.031580385130933,7.84028750941634,91.07759707584104,133692.04902649036,133320.5,134189.703125,869.203125
bifurcating,sample_1340,19276,38548,980,12.842881749479325,7.583115294036659,69.72884672506221,133524.08024308077,133313.203125,133878.15625,564.953125
bifurcating,sample_1341,15517,31030,747,12.898490528059158,6.048901180066695,54.842369340930624,133581.0382574354,133327.65625,133969.328125,641.671875
bifurcating,sample_1342,15075,30146,734,12.307602867939883,5.872384581512297,49.34168696009136,133559.36255078772,133310.65625,133832.8125,522.15625
bifurcating,sample_1343,14633,29262,692,15.5471865286312,8.629419502194809,84.19682492231578,133648.4561319022,133308.640625,134136.203125,827.5625
bifurcating,sample_1344,19797,39590,965,11.366213075528506,7.122595529086486,53.70077364688429,133480.0872985806,133223.921875,133853.140625,629.21875
bifurcating,sample_1345,14049,28094,702,16.973023723256077,8.163024534129452,94.62126292219095,133715.38954173785,133373.296875,134287.25,913.953125
bifurcating,sample_1346,14294,28584,665,14.152592258178649,6.942391300030224,83.78494750429408,133606.1376451658,133299.546875,134078.453125,778.90625
bifurcating,sample_1347,18021,36038,859,11.14325125558228,6.005574753184439,97.5617702641078,133480.27435093085,133300.53125,134046.953125,746.421875
bifurcating,sample_1348,17217,34430,800,13.356912120102429,8.029688431562827,97.56586740417056,133572.03961836413,133325.734375,134061.65625,735.921875
bifurcating,sample_1349,17532,35060,854,11.249482396640676,5.592923014248501,65.83282561028031,133525.66880026524,133329.078125,134098.625,769.546875
bifurcating,sample_1350,12685,25366,629,18.321590121158234,8.785009891729862,83.938589822634,133776.96403478517,133310.109375,134286.984375,976.875
bifurcating,sample_1351,19514,39024,925,9.607782254622427,4.939148512039968,42.305886325446906,133561.28756197475,133401.546875,133771.515625,369.96875
bifurcating,sample_1352,14604,29204,690,14.841657393126528,8.222799268190789,71.16739650291913,133634.07738569056,133319.890625,134042.796875,722.90625
bifurcating,sample_1353,15957,31910,736,12.12202866628726,5.608676639170649,59.698404849258154,133528.4447969543,133289.984375,133820.5625,530.578125
bifurcating,sample_1354,15106,30208,728,13.433164584275104,6.527436036805275,62.21260111739591,133585.7800170462,133320.859375,133985.734375,664.875
bifurcating,sample_1355,16926,33848,801,12.901146185115387,6.533124226639634,77.27166316799317,133521.18763754726,133303.25,134117.75,814.5
bifurcating,sample_1356,15675,31346,754,13.47591659816702,6.372846849574226,76.49843756791157,133587.85399521532,133338.1875,134000.25,662.0625
bifurcating,sample_1357,15370,30736,737,14.885496738390373,8.659004817265961,77.11844076009747,133610.53459255042,133252.296875,134021.828125,769.53125
bifurcating,sample_1358,14414,28824,673,13.756402134124341,6.47085689224616,75.78543682146551,133609.76371604862,133302.296875,134143.5625,841.265625
bifurcating,sample_1359,17978,35952,868,11.890252176533979,7.090648548626891,75.22991769478782,133546.01072839025,133349.265625,133949.9375,600.671875
bifurcating,sample_1360,17770,35536,852,10.449071192419447,5.39275826620929,62.295390842766174,133480.86934791785,133296.921875,133805.5625,508.640625
bifurcating,sample_1361,14989,29974,693,14.055046737982845,7.341216026764814,64.68232396866843,133647.67597800886,133363.953125,134048.59375,684.640625
bifurcating,sample_1362,20956,41908,1451,11.196021661121792,6.89543726978901,66.11430676487682,133486.74977184337,133308.265625,133857.125,548.859375
bifurcating,sample_1363,13754,27504,658,17.498269899150394,9.308120983519736,76.04467100054035,133743.25843391014,133319.640625,134234.703125,915.0625
bifurcating,sample_1364,18619,37234,881,11.342940187782213,6.7835183057261315,70.49854454990977,133535.01107655486,133354.65625,133927.015625,572.359375
bifurcating,sample_1365,15423,30842,726,12.862065250350069,6.109954187197071,60.97891551847971,133583.0585671562,133324.125,133967.90625,643.78125
bifurcating,sample_1366,15526,31048,721,13.146115489359923,5.532903519826274,39.48324232818092,133556.7631815181,133287.59375,133928.015625,640.421875
bifurcating,sample_1367,17146,34288,795,11.280231383210445,6.06767696711578,68.65776917714084,133513.80928496443,133295.359375,133959.109375,663.75
bifurcating,sample_1368,15772,31540,742,13.62065854535514,6.881737711934432,106.74475349363966,133608.1163285807,133287.859375,134419.421875,1131.5625
bifurcating,sample_1369,14987,29970,694,12.577653557686324,5.779123574770631,48.025494249609736,133582.98039759457,133337.9375,133904.390625,566.453125
bifurcating,sample_1370,19918,39832,982,10.486271603486193,6.703808753460977,77.69814700457668,133468.13980131038,133320.078125,134008.328125,688.25
bifurcating,sample_1371,19257,38510,952,12.115767145072082,6.94092970931251,91.39697848586462,133547.0247020564,133349.3125,134137.359375,788.046875
bifurcating,sample_1372,17455,34906,847,13.659659697230497,7.486982063221488,84.71077180262208,133554.5111903824,133224.1875,134048.5,824.3125
bifurcating,sample_1373,13314,26624,630,15.20698726223331,7.318135027557924,75.42545679543446,133689.1584246376,133326.03125,134119.453125,793.421875
bifurcating,sample_1374,15561,31118,773,14.400766945838203,7.606365656869339,87.68223821978503,133603.10517680418,133329.6875,134194.625,864.9375
bifurcating,sample_1375,14508,29012,667,13.975065682153371,6.0845511943648365,35.72951077818008,133630.1220759667,133329.734375,134001.109375,671.375
bifurcating,sample_1376,18225,36446,941,10.661554890086965,5.563262160246509,82.19167439965135,133488.92412465706,133282.0,133936.765625,654.765625
bifurcating,sample_1377,17171,34338,787,13.010667480480985,8.246991788041688,66.74004328314055,133536.41529049707,133282.5625,133941.59375,659.03125
bifurcating,sample_1378,20289,40574,1400,9.711411567893336,5.050334592990272,57.17575485574909,133513.61746974962,133343.859375,133833.109375,489.25
bifurcating,sample_1379,18086,36168,908,10.39064723553276,5.270889676384564,45.92377871198719,133498.43763131704,133342.171875,133739.40625,397.234375
bifurcating,sample_1380,16963,33922,774,12.413390105938975,7.043136102562797,58.82389416292241,133589.54908477273,133330.546875,133921.671875,591.125
bifurcating,sample_1381,16066,32128,739,13.078995830746056,7.442504591645579,74.73946288785272,133562.92335424965,133320.0625,133955.859375,635.796875
bifurcating,sample_1382,17528,35052,832,13.379522382181985,7.932235088675376,69.3115622756228,133592.78550390803,133339.9375,133916.390625,576.453125
bifurcating,sample_1383,12359,24714,591,16.25270386037865,7.765694006271046,72.11399963099105,133721.1423279594,133321.984375,134130.953125,808.96875
bifurcating,sample_1384,16447,32890,837,13.590574766829395,6.895172568976261,67.4396740044126,133582.25851124065,133347.3125,133934.703125,587.390625
bifurcating,sample_1385,15652,31300,740,15.14331989533381,8.806346417689005,78.8252489711134,133623.3202775604,133309.9375,134156.546875,846.609375
bifurcating,sample_1386,20213,40422,965,9.046967896621156,4.9630308188890835,51.11460598753868,133453.3630738881,133314.890625,133769.96875,455.078125
bifurcating,sample_1387,16804,33604,782,13.100315482859411,7.401781308249645,65.73305451246794,133585.10382479618,133341.0,134036.515625,695.515625
bifurcating,sample_1388,19019,38034,919,9.87018315496134,5.1370608285765185,55.142701828559794,133514.77023716416,133363.453125,134047.75,684.296875
bifurcating,sample_1389,18508,37012,914,12.493360846064743,7.203239837031695,71.68450511416393,133506.70830181544,133304.828125,133938.53125,633.703125
bifurcating,sample_1390,15938,31872,731,13.066511019181078,6.850819637467674,65.2186891174559,133612.17325240778,133352.703125,134021.890625,669.1875
bifurcating,sample_1391,17192,34380,886,13.79621383097334,7.19021283029134,83.42981696195486,133569.67851144428,133331.703125,134146.640625,814.9375
bifurcating,sample_1392,16455,32906,812,11.133238697799275,5.12822454355844,35.944256657745534,133557.78327066242,133354.921875,133783.421875,428.5
bifurcating,sample_1393,16028,32052,805,15.611728688871596,8.810205956422065,88.55919574533371,133610.9689225496,133316.6875,134106.859375,790.171875
bifurcating,sample_1394,14057,28110,686,14.508880114203567,6.419673380110758,56.00504824190347,133627.38637333713,133321.640625,134093.15625,771.515625
bifurcating,sample_1395,15460,30916,733,14.397438540027105,7.631764161461963,76.02870643566044,133616.85789335382,133335.328125,134128.875,793.546875
bifurcating,sample_1396,17828,35652,830,12.466779088390638,6.952473215948909,70.65367942124143,133545.11960907702,133331.5,133999.40625,667.90625
bifurcating,sample_1397,15614,31224,743,13.152799627779393,6.076738173208205,61.7435707247506,133574.50864708755,133233.859375,134244.984375,1011.125
bifurcating,sample_1398,16393,32782,736,12.571733912139132,6.774686204802865,74.07856852593838,133556.0354305191,133280.625,134062.796875,782.171875
bifurcating,sample_1399,14414,28824,683,15.93318954799633,7.759572690559571,83.24310195477521,133692.98305900514,133326.03125,134103.9375,777.90625
bifurcating,sample_1400,16450,32896,790,15.599732534206002,9.199759631191263,87.75230534394157,133590.45439779636,133298.9375,134055.859375,756.921875
bifurcating,sample_1401,18784,37564,959,11.324686017907284,5.844299296649399,71.35734128074343,133491.97960032473,133312.90625,133939.328125,626.421875
bifurcating,sample_1402,13819,27634,630,13.948040967794979,5.999991851521606,63.699109811307544,133650.13820193213,133318.421875,134005.484375,687.0625
bifurcating,sample_1403,19364,38724,949,11.69461871746777,7.319912761191237,74.35519772490893,133494.62698580485,133278.109375,133908.578125,630.46875
bifurcating,sample_1404,18252,36500,878,11.746896993046759,6.59944413084436,75.74847866505276,133499.1538213278,133313.546875,133922.484375,608.9375
bifurcating,sample_1405,15704,31404,786,12.549707849277395,5.324866472122624,46.86278352289001,133537.2666896173,133305.90625,134026.328125,720.421875
bifurcating,sample_1406,16715,33426,780,13.84958543626011,8.287330951700996,85.57279181337022,133561.87988801228,133312.28125,134067.859375,755.578125
bifurcating,sample_1407,18180,36356,862,12.84938912728499,7.997460647050614,81.05440215782035,133540.87006669416,133332.453125,133997.125,664.671875
bifurcating,sample_1408,16973,33942,869,12.29184673107976,6.143813331290239,51.22900193094274,133528.60500869027,133303.75,133824.78125,521.03125
bifurcating,sample_1409,17487,34970,831,10.32427667770424,4.797185902704385,43.47265822722168,133517.81587482843,133343.734375,133818.578125,474.84375
bifurcating,sample_1410,14673,29342,705,14.179208420325198,6.6891001054446075,63.18955936039409,133620.1246730815,133305.84375,133971.921875,666.078125
bifurcating,sample_1411,19690,39376,907,9.45992085673624,6.278189086543512,61.49429528122674,133481.2904599416,133223.375,133907.140625,683.765625
bifurcating,sample_1412,16576,33148,779,12.352882802570909,6.208197733487036,68.97891330148154,133519.94775390625,133298.765625,133943.09375,644.328125
bifurcating,sample_1413,18238,36472,866,13.005968234863737,8.653842367219582,73.94541705864832,133546.61128807298,133264.265625,133951.953125,687.6875
bifurcating,sample_1414,16343,32682,762,13.042244001611861,7.088269517052112,68.20442064114997,133569.34558373617,133208.015625,134020.265625,812.25
bifurcating,sample_1415,13016,26028,622,15.563222905132482,7.144994622039896,78.7479430297073,133695.9271581611,133319.203125,134144.9375,825.734375
bifurcating,sample_1416,17153,34302,851,13.521617597881205,7.409566037503314,89.53471257525176,133582.49179626012,133324.03125,134179.6875,855.65625
bifurcating,sample_1417,18622,37240,875,11.014369420439843,5.85519554841301,59.0581479168125,133519.983170947,133282.140625,134163.40625,881.265625
bifurcating,sample_1418,20100,40196,993,11.684385418366913,7.795712411128218,66.87998083042021,133340.5719022077,133116.40625,133692.875,576.46875
bifurcating,sample_1419,14942,29880,678,13.729034995174487,6.5809174840351625,77.34495320633434,133604.44864622373,133217.84375,134135.015625,917.171875
bifurcating,sample_1420,14297,28590,698,15.283036554753846,7.518785477918107,77.94603371716592,133652.0352182713,133319.546875,134108.578125,789.03125
bifurcating,sample_1421,18333,36662,870,13.137238229161648,7.094114160587843,65.07545568583414,133528.60410359735,133305.875,133948.46875,642.59375
bifurcating,sample_1422,17193,34382,809,12.722821070653735,7.0941293054471775,73.46757287080365,133604.509946817,133362.296875,134074.46875,712.171875
bifurcating,sample_1423,15162,30320,749,13.286402554357538,5.932684220125307,39.722325437248536,133585.90271319746,133324.109375,133904.546875,580.4375
bifurcating,sample_1424,18102,36200,878,11.194917880912655,6.600586920862262,67.93344210796599,133590.37263234035,133395.703125,134002.046875,606.34375
bifurcating,sample_1425,16634,33264,759,12.114476977043985,6.096712487743777,92.58829049774401,133507.87045546772,133285.453125,134183.765625,898.3125
bifurcating,sample_1426,11654,23304,583,17.915654769922593,8.14154453328997,82.84302509672003,133800.61464545436,133327.5625,134343.5625,1016.0
bifurcating,sample_1427,14240,28476,675,15.352347765560754,8.000338695374737,96.52507199969904,133670.11143455934,133332.625,134317.8125,985.1875
bifurcating,sample_1428,18342,36680,841,11.508377683160429,6.133321661813083,89.56493925123146,133529.84213229883,133347.859375,134196.390625,848.53125
bifurcating,sample_1429,16012,32020,745,13.075212127329454,6.964078070429618,90.2506394927528,133581.68882420217,133351.609375,134381.84375,1030.234375
bifurcating,sample_1430,18207,36410,930,11.162854192303142,5.457267440588395,44.879739992976745,133494.18314556216,133226.5625,134235.796875,1009.234375
bifurcating,sample_1431,21300,42596,1458,11.00918642502059,6.861295588878287,55.788793845704525,133474.2334580399,133264.03125,133817.453125,553.421875
bifurcating,sample_1432,18008,36012,887,12.03362338209786,6.445707602210086,60.05839316214459,133452.896479169,133250.296875,133763.15625,512.859375
bifurcating,sample_1433,15377,30750,715,12.817543692711311,6.038517249555267,59.95181730107758,133601.05282138096,133253.046875,134141.84375,888.796875
bifurcating,sample_1434,17095,34186,779,11.078703752620102,6.175001882857194,57.51120611599988,133525.67022704007,133325.8125,133923.53125,597.71875
bifurcating,sample_1435,18113,36222,882,11.455791441648797,5.909339943635957,72.20861261342787,133559.88883415918,133364.09375,134041.671875,677.578125
bifurcating,sample_1436,15454,30904,720,11.864138237485818,5.696733518462184,55.92861916633087,133544.86162057557,133313.40625,133803.65625,490.25
bifurcating,sample_1437,12765,25526,622,16.6408383784338,7.564530831900083,54.67102555838281,133731.57000709948,133321.421875,134254.671875,933.25
bifurcating,sample_1438,16248,32492,773,12.895393636112495,6.959631681517173,68.89275191765735,133547.55916112752,133316.96875,133961.96875,645.0
bifurcating,sample_1439,17302,34600,797,12.622203406764681,7.441226489659222,77.79246328170322,133543.32290884003,133320.796875,134070.984375,750.1875
bifurcating,sample_1440,16685,33366,831,12.440455541683313,6.125257295926286,54.43905135581991,133527.55506817502,133188.1875,133999.421875,811.234375
bifurcating,sample_1441,16478,32952,775,12.551210104890895,6.4142660586419415,66.2952059618589,133539.24230982218,133293.296875,133874.890625,581.59375
bifurcating,sample_1442,14210,28416,666,14.336186115543866,7.006144977631928,92.7575285811223,133628.80021991555,133318.390625,134182.703125,864.3125
bifurcating,sample_1443,18970,37936,912,12.23903582709174,7.635591816456709,81.81434747695572,133567.35907106617,133362.296875,134077.453125,715.15625
bifurcating,sample_1444,15359,30714,705,13.797331091569545,7.452148521752521,88.09849777464642,133588.6458112914,133316.546875,134036.984375,720.4375
bifurcating,sample_1445,18645,37286,858,11.430330230285472,6.504200671366879,67.58065977236595,133519.85177242558,133334.40625,133913.609375,579.203125
bifurcating,sample_1446,14260,28516,676,15.441033353316573,8.244233577175327,68.92024704418057,133656.7455973878,133308.640625,134091.296875,782.65625
bifurcating,sample_1447,14601,29198,688,13.414642301502168,6.979165016558481,69.73071627688441,133616.25660271556,133320.84375,133959.03125,638.1875
bifurcating,sample_1448,15619,31234,716,13.912001997288193,7.529451258906823,90.1752685489435,133599.25402354504,133305.25,134077.171875,771.921875
bifurcating,sample_1449,18606,37208,896,11.73798675222412,6.835573182516227,74.43640204182277,133528.78422870982,133330.65625,133914.5,583.84375
bifurcating,sample_1450,15636,31268,740,14.969190890126706,8.291265726860969,77.67321795619024,133622.94764285942,133327.9375,134037.265625,709.328125
bifurcating,sample_1451,16250,32496,754,12.088921349360364,6.381702343814285,73.9079417441708,133589.4753903846,133369.3125,134139.0,769.6875
bifurcating,sample_1452,16445,32886,737,11.692317493647124,6.502166544731925,57.17000646571563,133551.9821117741,133319.734375,133902.640625,582.90625
bifurcating,sample_1453,15870,31736,798,13.876941987392145,6.688260717585632,77.09978716151063,133587.9956314981,133321.953125,134104.546875,782.59375
bifurcating,sample_1454,16699,33394,769,11.701992491862146,5.993950227147578,76.57369587173694,133559.3989011318,133349.984375,134118.40625,768.421875
bifurcating,sample_1455,15041,30078,705,14.897441115158491,7.489349595740412,67.46564105226601,133651.40083771027,133310.28125,134054.625,744.34375
bifurcating,sample_1456,23460,46916,1579,9.497255155895362,6.408885168936757,72.91778848286837,133496.1122189365,133357.078125,133975.46875,618.390625
bifurcating,sample_1457,18348,36692,855,12.231676506149798,6.849916585057738,69.59274007641818,133556.06192432417,133343.703125,133963.984375,620.28125
bifurcating,sample_1458,20478,40952,1026,10.453587677242414,6.149403386233536,56.952145941360676,133613.70122967332,133445.625,133950.0,504.375
bifurcating,sample_1459,19377,38750,903,11.507383053849178,6.833776524271893,74.34850873483408,133531.30561119498,133360.34375,133934.25,573.90625
bifurcating,sample_1460,14183,28362,643,14.939168067989746,6.835935575092861,77.63492403347266,133661.9335670345,133313.1875,134068.703125,755.515625
bifurcating,sample_1461,15643,31282,751,14.573841230317994,8.004847418082115,81.95765037739982,133612.2995828805,133324.109375,134073.78125,749.671875
bifurcating,sample_1462,18011,36018,893,10.135345343567625,5.108505108704089,47.029030187075556,133537.34432777192,133365.328125,133893.0,527.671875
bifurcating,sample_1463,12380,24756,596,16.26791151110129,7.245211003921661,85.36792051528245,133728.02356623588,133315.78125,134276.265625,960.484375
bifurcating,sample_1464,16636,33268,835,11.875862539318312,5.874548590917012,56.733358449413196,133496.70326024885,133287.828125,133763.296875,475.46875
bifurcating,sample_1465,14254,28504,718,14.972478049899808,7.322086940668939,63.403835831607154,133665.29401067246,133324.40625,134077.59375,753.1875
bifurcating,sample_1466,20092,40180,1071,10.134051032093641,5.947842347524232,75.7395812598805,133481.31325978623,133332.90625,133963.375,630.46875
bifurcating,sample_1467,14812,29620,707,15.94828070076523,8.424171367899316,99.8752618374941,133649.99297022686,133315.59375,134091.296875,775.703125
bifurcating,sample_1468,17529,35054,871,13.48320824725737,6.443841949712996,49.618409156962095,133548.957696888,133342.46875,133916.375,573.90625
bifurcating,sample_1469,13974,27944,670,15.467024089512815,7.91894701136228,79.45865435620966,133658.82613693288,133331.125,134171.046875,839.921875
bifurcating,sample_1470,19165,38326,917,12.403520218015025,7.717895105611743,78.34509928704281,133521.653486988,133332.6875,133983.546875,650.859375
bifurcating,sample_1471,15325,30646,719,13.121556463784918,6.077946910136949,62.46943374765478,133599.24001223492,133332.0625,134119.8125,787.75
bifurcating,sample_1472,16495,32986,823,11.553822813034916,5.736338482335672,52.44455909214957,133491.51190985905,133263.96875,133789.5625,525.59375
bifurcating,sample_1473,14851,29698,692,14.554992183319959,8.06767064791414,89.88268923187188,133612.65138605985,133315.09375,134155.4375,840.34375
bifurcating,sample_1474,17104,34204,827,14.883781056431904,8.992088633398081,81.55683748339364,133595.21271614096,133320.1875,134118.59375,798.40625
bifurcating,sample_1475,18121,36238,838,9.535619253445846,4.638730992147728,48.09145301494357,133568.39654785884,133415.296875,133821.515625,406.21875
bifurcating,sample_1476,13865,27726,661,16.80440194296306,8.291687338386788,72.95165326189156,133712.77014514967,133338.6875,134155.140625,816.453125
bifurcating,sample_1477,18881,37758,950,9.717999721140407,4.756904511326979,52.0997627112811,133608.3755594248,133455.171875,133908.59375,453.421875
bifurcating,sample_1478,19303,38602,938,12.651034286475204,8.100648387732543,77.18209863163948,133515.7111014156,133300.03125,133900.078125,600.046875
bifurcating,sample_1479,16761,33518,806,11.889577158723883,5.971617627201897,72.01956085416836,133532.5999837793,133278.046875,133932.78125,654.734375
bifurcating,sample_1480,13065,26126,628,17.283302869249308,8.100485428570778,101.49308641155774,133738.74687021622,133318.953125,134443.71875,1124.765625
bifurcating,sample_1481,18111,36218,936,12.540837152138117,6.7886217156558875,100.26034010287123,133501.26472775525,133280.4375,134276.703125,996.265625
bifurcating,sample_1482,19262,38520,948,11.066683593891705,6.209524783129021,81.9744893918849,133508.9607038794,133337.65625,133981.84375,644.1875
bifurcating,sample_1483,22929,45854,1516,10.774721821027255,7.129095088522248,68.37620657326936,133484.58634739305,133320.671875,133822.859375,502.1875
bifurcating,sample_1484,15970,31936,755,14.109551163378494,7.7220709403831,86.83689535117358,133563.98560582343,133295.671875,134017.0,721.328125
bifurcating,sample_1485,13600,27196,638,14.914708634066145,7.213337988068739,68.77998702355353,133664.71447725184,133326.21875,134088.21875,762.0
bifurcating,sample_1486,18952,37900,912,10.571523864391898,6.094159103719559,58.4867007025509,133442.25340086137,133271.65625,133815.078125,543.421875
bifurcating,sample_1487,17062,34120,879,11.059640851584906,5.121099594486554,40.50227644224201,133403.00704049936,133210.8125,133693.359375,482.546875
bifurcating,sample_1488,14824,29644,751,14.316745216527632,6.952903871716639,63.220335158578905,133617.54210233406,133321.234375,133937.609375,616.375
bifurcating,sample_1489,17014,34024,832,11.70608805863307,6.043091939335678,70.14316206738877,133508.80836278212,133292.65625,133848.296875,555.640625
bifurcating,sample_1490,18128,36252,857,12.856801808089058,8.427235092987845,78.65445898313295,133525.80542875663,133311.375,134002.734375,691.359375
bifurcating,sample_1491,18180,36356,845,10.249431708930484,5.726817290536508,80.77723297536998,133526.50461788365,133365.890625,134071.28125,705.390625
bifurcating,sample_1492,17173,34342,804,12.83793616368071,7.815401262727063,75.72746725699236,133574.0638456807,133356.125,134008.53125,652.40625
bifurcating,sample_1493,14732,29460,685,14.145264823808944,7.014952903962781,84.19940085444632,133623.5616302946,133304.5,134137.453125,832.953125
bifurcating,sample_1494,14463,28922,696,16.70841680264591,8.486495525920832,79.68342507895986,133714.42241409112,133317.796875,134175.6875,857.890625
bifurcating,sample_1495,15231,30458,708,13.647170787894774,6.398415081436984,97.34889696697128,133620.33376624977,133335.015625,134182.46875,847.453125
bifurcating,sample_1496,19161,38318,910,11.636150854397137,6.688921203631049,57.08543714898147,133515.7366297427,133324.53125,133861.875,537.34375
bifurcating,sample_1497,17423,34842,788,11.788529385431254,6.554479613082813,81.74819341501276,133479.39455568788,133295.78125,134000.25,704.46875
bifurcating,sample_1498,15233,30462,699,12.998562086228857,6.690738335015109,67.30769485313097,133582.36297224776,133337.609375,134040.296875,702.6875
bifurcating,sample_1499,14966,29928,700,15.787226824792706,7.752818212373901,93.52090420062298,133675.7023221385,133315.75,134429.828125,1114.078125
bifurcating,sample_1500,19592,39180,980,12.581396713956579,8.219730866075995,82.98964239492048,133519.21331969043,133291.921875,134018.46875,726.546875
bifurcating,sample_1501,16371,32738,755,13.648893726103397,8.091737579841684,68.60843357764487,133583.3440516004,133327.125,133969.375,642.25
bifurcating,sample_1502,14546,29088,659,14.612538707775693,7.455595266082412,70.35016620186147,133674.11512615153,133323.9375,134100.5625,776.625
bifurcating,sample_1503,16810,33616,833,10.335278332702202,4.654446283592936,40.008637787208826,133540.924851279,133337.5625,133749.09375,411.53125
bifurcating,sample_1504,17261,34518,802,11.652334339673704,5.658252008412149,71.81631839312102,133470.9356723611,133273.140625,134018.875,745.734375
bifurcating,sample_1505,16812,33620,771,13.045601026580838,7.164560584550022,63.707960753694614,133547.40166714994,133271.53125,133934.453125,662.921875
bifurcating,sample_1506,17281,34558,897,13.899430676106677,7.711192033084849,213.05263539329846,133556.9544360497,130989.71875,136198.796875,5209.078125
bifurcating,sample_1507,17569,35134,878,12.728132016913582,6.615526316976701,97.13825607467405,133534.45377689396,133336.328125,134077.390625,741.0625
bifurcating,sample_1508,16395,32786,786,13.192308757308998,7.0082355147877875,105.3098381521246,133560.1982359332,133323.640625,134200.9375,877.296875
bifurcating,sample_1509,16661,33318,766,13.451540233000387,7.45416556724856,69.67906583234031,133544.92134700797,133269.109375,133962.8125,693.703125
bifurcating,sample_1510,18992,37980,947,11.327153995468803,6.367761737779219,78.88515246041209,133472.54164993812,133080.984375,133876.34375,795.359375
bifurcating,sample_1511,14513,29022,707,14.160371047251772,6.107203631489746,54.43306192412536,133591.95549141287,133279.203125,133974.140625,694.9375
bifurcating,sample_1512,17571,35138,859,14.685682248463477,9.345256888679215,73.71814733613623,133566.62020072137,133314.296875,134060.078125,745.78125
bifurcating,sample_1513,15407,30810,739,14.818677899392974,7.42473697745203,84.22228939460868,133628.6095453771,133317.734375,134287.171875,969.4375
bifurcating,sample_1514,17947,35890,861,12.07644292984322,6.553141270470336,70.83918930793797,133482.4874918162,133283.421875,133928.125,644.703125
bifurcating,sample_1515,14131,28258,663,15.12807001559243,6.916754585285932,82.99234797148847,133657.14267611987,133227.203125,134221.671875,994.46875
bifurcating,sample_1516,15565,31126,727,11.86350311013499,5.472775046772567,71.70078607401706,133624.16765981368,133390.859375,134010.875,620.015625
bifurcating,sample_1517,20471,40938,1421,11.391684388263696,6.6772666619045635,64.5653782561314,133486.04930908358,133285.890625,133835.65625,549.765625
bifurcating,sample_1518,16146,32288,760,14.52766177289098,8.107731686906387,85.28365817591525,133594.98827786293,133308.46875,134153.5,845.03125
bifurcating,sample_1519,18329,36654,874,13.294107139506114,7.596424567815978,95.97274547631703,133524.57464690518,133304.296875,134167.375,863.078125
bifurcating,sample_1520,17277,34550,836,11.409040322009185,5.918404900719953,64.96640482057089,133517.64174281558,133309.671875,133860.15625,550.484375
bifurcating,sample_1521,16017,32030,791,13.284374892287355,6.425709074584654,63.86302570729096,133578.99207872886,133333.09375,133929.84375,596.75
bifurcating,sample_1522,16622,33240,791,10.222972161350407,4.681414142366447,52.18139366516637,133484.81293146883,133316.015625,133754.40625,438.390625
bifurcating,sample_1523,18028,36052,896,11.38439544331344,6.314208032543779,71.69602483659759,133537.5567649975,133342.296875,133907.265625,564.96875
bifurcating,sample_1524,15078,30152,697,13.913874764684088,7.724231929375552,73.7861854173367,133662.35828276296,133350.328125,134101.109375,750.78125
bifurcating,sample_1525,15426,30848,741,12.99859134547155,5.793816455867869,44.61554691744968,133612.3587074987,133339.171875,133914.3125,575.140625
bifurcating,sample_1526,14458,28912,658,14.088452164925352,6.517515440517915,74.5715966578679,133646.06749399123,133303.5,134104.0625,800.5625
bifurcating,sample_1527,18340,36676,895,11.524905909364568,7.143500849373413,102.83188580602241,133516.09002947793,133210.21875,134462.515625,1252.296875
bifurcating,sample_1528,21207,42410,1282,10.748544783912886,6.9269775870455526,72.14897658156019,133568.71497397675,133400.84375,133998.484375,597.640625
bifurcating,sample_1529,13147,26290,634,17.180171339068874,8.58936004109848,84.88839109663947,133743.19582651937,133322.453125,134219.984375,897.53125
bifurcating,sample_1530,13993,27982,648,15.939142562398352,7.122960044192622,76.55739531484066,133676.37672742622,133162.96875,134294.484375,1131.515625
bifurcating,sample_1531,16822,33640,861,11.682447502467513,5.434352644680073,53.82227151407051,133483.23919662496,133276.78125,133767.25,490.46875
bifurcating,sample_1532,17861,35718,911,11.7024373973764,5.53603062477938,56.71233460611508,133549.62785625804,133342.984375,133884.109375,541.125
bifurcating,sample_1533,18590,37176,936,10.803130934575352,5.556008716673628,70.38161259361878,133561.53878765466,133380.109375,134047.171875,667.0625
bifurcating,sample_1534,11391,22778,578,18.877676229172206,8.013091974511129,76.58625527484317,133847.77367960452,133331.953125,134408.671875,1076.71875
bifurcating,sample_1535,17637,35270,894,13.320821781434377,6.665482359147744,91.37214477067354,133470.30144635568,132984.8125,134385.03125,1400.21875
bifurcating,sample_1536,12419,24834,610,16.532607288403064,7.439014257293535,68.46348638609659,133739.96316883405,133315.890625,134210.8125,894.921875
bifurcating,sample_1537,17366,34728,850,14.095591490981743,8.487300214737877,70.06260959654877,133575.0709666158,133299.8125,133957.390625,657.578125
bifurcating,sample_1538,17851,35698,821,12.366742326536858,6.416842941216878,80.71686032333781,133561.3226342362,133346.484375,134120.4375,773.953125
bifurcating,sample_1539,18099,36194,871,12.537591087296908,6.704110696468236,72.34977158373506,133502.66847356898,133270.078125,133892.78125,622.703125
bifurcating,sample_1540,16687,33370,771,11.72643341743761,6.030715712538367,64.11197921241138,133535.08437518726,133327.546875,133934.8125,607.265625
bifurcating,sample_1541,17710,35416,801,11.611798758650348,7.273452998523182,68.74103222840368,133578.5739650974,133372.03125,133957.78125,585.75
bifurcating,sample_1542,19630,39256,961,12.412426254495454,8.489239999950767,73.32236715045674,133499.05113983699,133266.140625,133939.328125,673.1875
bifurcating,sample_1543,22165,44326,1478,11.968230981781987,8.328172431542345,69.14924020989282,133578.8250613298,133296.5,133893.796875,597.296875
bifurcating,sample_1544,13759,27514,669,17.55373917948443,9.767843665879365,84.13273001666946,133721.6813290392,133311.53125,134214.140625,902.609375
bifurcating,sample_1545,17500,34996,842,11.963721617289751,6.556164719867184,82.1842399703141,133528.34547142856,133335.546875,133974.296875,638.75
bifurcating,sample_1546,13473,26942,658,17.437088892500324,9.187576342623291,73.09655287107495,133724.32105298562,133323.140625,134180.625,857.484375
bifurcating,sample_1547,22391,44778,1474,9.034580278106143,5.554477354422035,79.59421765147466,133571.4947035081,133314.140625,134186.4375,872.296875
bifurcating,sample_1548,17009,34014,833,13.457184205205156,7.954054462563947,71.61997323040235,133557.06304291112,133296.375,134048.203125,751.828125
bifurcating,sample_1549,21154,42304,1443,11.524235020018013,7.39388020216531,73.87543152740037,133455.50469843173,133275.3125,133879.515625,604.203125
bifurcating,sample_1550,17947,35890,928,13.600060357062471,7.83634145625484,80.90625491863862,133562.3309179459,133319.109375,134035.984375,716.875
bifurcating,sample_1551,17811,35618,861,13.87544957272455,8.450335870372578,73.73104711890448,133575.95386716776,133334.265625,133990.578125,656.3125
bifurcating,sample_1552,17961,35918,813,11.855403000708513,6.799246376397244,82.06778886613805,133536.6671668824,133337.203125,134132.734375,795.53125
bifurcating,sample_1553,18675,37346,909,13.257560539811683,7.705090262913453,79.96230174579254,133562.5458676372,133343.296875,134034.640625,691.34375
bifurcating,sample_1554,18118,36232,863,11.966704036253278,6.91739375001131,99.05348855318688,133516.04448614636,133304.25,134309.140625,1004.890625
bifurcating,sample_1555,18565,37126,895,10.460585222130474,5.8966931627192825,67.66213709392933,133510.2569460342,133340.0625,133950.328125,610.265625
bifurcating,sample_1556,14725,29446,695,13.447265673581732,6.4534398996410856,77.41633662608993,133605.3886714771,133326.28125,134169.1875,842.90625
bifurcating,sample_1557,9020,18036,303,23.744683220263223,10.05432858274977,114.36229580810557,134104.3643743071,133304.84375,134878.09375,1573.25
bifurcating,sample_1558,17114,34224,768,12.752066999779215,7.760715375049435,69.25022867046458,133549.39583728966,133324.34375,133976.234375,651.890625
bifurcating,sample_1559,19235,38466,956,10.158036986714967,5.947393788133166,69.74506216802625,133470.71493533923,133293.84375,133934.828125,640.984375
bifurcating,sample_1560,15325,30646,747,16.009338254535976,9.151227784008803,88.90869127383756,133681.90787214518,133334.09375,134216.171875,882.078125
bifurcating,sample_1561,19635,39266,960,11.926608763176274,7.362925277623571,68.23928140161327,133569.6889682009,133378.9375,133970.484375,591.546875
bifurcating,sample_1562,15965,31926,763,11.59608058822143,5.491944432148554,54.93359778152588,133573.5899917789,133352.890625,133867.3125,514.421875
bifurcating,sample_1563,16353,32702,776,14.708329854934508,8.742938486063627,81.23784103097852,133609.98431384913,133327.78125,134138.46875,810.6875
bifurcating,sample_1564,18864,37724,907,12.78973812435911,7.996531476841531,75.98593331251027,133519.8078872124,133303.171875,134032.828125,729.65625
bifurcating,sample_1565,16068,32132,761,14.708542905248782,8.773129311962508,75.89333186187098,133608.4898808968,133320.765625,134129.609375,808.84375
bifurcating,sample_1566,17920,35836,845,12.811958922550682,7.830087835496639,60.63677527204613,133543.69949428012,133331.96875,133941.34375,609.375
bifurcating,sample_1567,15781,31558,709,13.056323407393915,6.197846182084993,64.9582822053712,133585.8564175274,133321.859375,134004.109375,682.25
bifurcating,sample_1568,17632,35260,873,15.090556579854523,9.15760528574612,85.0562195107988,133630.9115705819,133361.484375,134036.5625,675.078125
bifurcating,sample_1569,17258,34512,839,11.899979409748935,5.477047349397271,62.38799386515992,133540.69699831237,133339.765625,133859.75,519.984375
bifurcating,sample_1570,19575,39146,964,11.533456399737513,7.111579153688299,69.16961239739429,133497.86821998723,133310.53125,133908.6875,598.15625
bifurcating,sample_1571,16355,32706,802,12.356840767563908,6.243682254749442,54.88004389342613,133522.9207830174,133276.84375,133871.390625,594.546875
bifurcating,sample_1572,15293,30582,679,13.323149705937606,6.124123545687006,75.28146456683885,133616.1598505035,133313.375,134032.578125,719.203125
bifurcating,sample_1573,18796,37588,904,12.740311990285578,7.520902240569544,95.17307792042881,133543.87927617578,133307.75,134221.140625,913.390625
bifurcating,sample_1574,19551,39098,1200,13.042098756520145,7.8391830328357806,81.3469035655236,133578.9733741241,133352.9375,134059.609375,706.671875
bifurcating,sample_1575,16759,33514,757,13.11289890317504,7.830313710503597,67.36786696868364,133597.47505911003,133342.296875,133973.0,630.703125
bifurcating,sample_1576,17798,35592,900,11.692357520999456,6.061359024704658,76.26301714292666,133512.62139443337,133172.8125,133903.296875,730.484375
bifurcating,sample_1577,17050,34096,814,14.05304419886341,8.210651045581264,72.4014233972597,133603.47840634163,133341.15625,134270.46875,929.3125
bifurcating,sample_1578,16856,33708,790,12.545595152667815,6.483588767817691,66.89561338467807,133585.0706119112,133345.609375,134047.484375,701.875
bifurcating,sample_1579,13637,27270,624,15.384346004279813,7.594710341062462,76.30134059963771,133714.932003694,133321.65625,134124.421875,802.765625
bifurcating,sample_1580,16929,33854,801,13.215690155255372,7.362219838062321,101.56803637031466,133553.55484855868,133313.609375,134130.8125,817.203125
bifurcating,sample_1581,18295,36586,880,13.440267968248229,8.761763284061518,90.92509807636297,133553.19577070238,133318.484375,134091.359375,772.875
bifurcating,sample_1582,16575,33146,832,12.329345696540932,6.1872932711473,82.0369409314888,133504.14639705882,133280.90625,133899.0,618.09375
bifurcating,sample_1583,15611,31218,761,14.90035384649565,8.298304788434143,83.50164493057592,133626.29542470054,133339.046875,134076.078125,737.03125
bifurcating,sample_1584,16608,33212,814,12.191049935845136,5.878945587915337,72.0310390190478,133523.2070472438,133319.125,134209.546875,890.421875
bifurcating,sample_1585,18881,37758,924,13.79722869174047,9.426749006298186,72.75339228024178,133566.78445758965,133227.734375,133990.296875,762.5625
bifurcating,sample_1586,23641,47278,1623,8.793510857707847,5.5423798210807504,54.77233379937748,133468.04217315785,133336.3125,133866.015625,529.703125
bifurcating,sample_1587,19104,38204,936,11.923318099030798,6.644047812776702,66.07280726182208,133519.8025887903,133328.03125,133949.53125,621.5
bifurcating,sample_1588,16483,32962,806,11.552252930703625,5.249791104767139,54.228021591964136,133534.02296589667,133350.0,133917.828125,567.828125
bifurcating,sample_1589,15644,31284,745,14.71537483873545,7.026017953103987,101.13317136119454,133647.35063862344,133331.9375,134136.734375,804.796875
bifurcating,sample_1590,14965,29926,704,12.981721295495664,6.698157549376928,66.20553163465408,133592.96385315736,133308.953125,133959.59375,650.640625
bifurcating,sample_1591,19256,38508,920,9.657840490798035,5.261726384200189,55.645360901140975,133510.3068726955,133361.71875,133878.75,517.03125
bifurcating,sample_1592,16649,33294,759,13.589947361333046,8.668923158845997,88.71291806978773,133578.67875228994,133211.078125,133917.796875,706.71875
bifurcating,sample_1593,16941,33878,765,11.16848765823257,5.567798702699703,60.49182901815499,133527.2329241928,133329.84375,134067.46875,737.625
bifurcating,sample_1594,16004,32004,734,12.471458188992981,6.8003981915792995,76.82552471451358,133538.79278520212,133305.3125,134040.046875,734.734375
bifurcating,sample_1595,19409,38814,1087,10.730928274725198,5.833561218265863,67.65552185826024,133485.0080028917,133324.234375,133934.0625,609.828125
bifurcating,sample_1596,17261,34518,841,13.189229944337454,6.929498327046214,76.53989581682667,133544.91796716588,133309.203125,134197.234375,888.03125
bifurcating,sample_1597,16356,32708,751,12.815840559956227,7.432302776506306,79.5371051048117,133569.33646482942,133334.03125,134048.375,714.34375
bifurcating,sample_1598,14071,28138,659,15.411733431916653,8.042900159211873,74.20614724756045,133658.76214932307,133320.125,134093.625,773.5
bifurcating,sample_1599,14155,28306,659,14.40675883988165,6.822525994478288,88.00185331095176,133663.076709864,133331.46875,134165.75,834.28125
bifurcating,sample_1600,12408,24812,615,19.379643361469316,9.508494856737384,89.48461303209257,133819.0872295092,133317.515625,134367.296875,1049.78125
bifurcating,sample_1601,18985,37966,912,12.13387408775856,7.965090236563429,77.75488696804742,133527.91769653675,133305.859375,133973.703125,667.84375
bifurcating,sample_1602,15605,31206,776,13.428145585940033,6.495384100444971,76.16645279139145,133562.74915291573,133317.125,134114.828125,797.703125
bifurcating,sample_1603,15632,31260,725,14.352706149101598,8.690430334485999,71.1948049576944,133607.57265545035,133317.90625,134077.109375,759.203125
bifurcating,sample_1604,14374,28744,684,14.314344877177156,6.823457975673401,76.95205943151527,133625.5309521532,133278.15625,134122.03125,843.875
bifurcating,sample_1605,17108,34212,819,10.684350827054892,4.827031299136718,42.944757823609905,133546.90946304362,133355.578125,133792.109375,436.53125
bifurcating,sample_1606,19280,38556,981,14.467590524419938,8.892935304241888,80.96666751208947,133585.1444542596,133362.015625,134031.328125,669.3125
bifurcating,sample_1607,16651,33298,852,11.530735914774148,5.332338737547655,55.61714599678763,133520.20239587713,133306.40625,133973.609375,667.203125
bifurcating,sample_1608,15926,31848,745,14.625346228505435,8.494388126010719,88.83914055700083,133598.41249077767,133329.0625,134102.21875,773.15625
bifurcating,sample_1609,17934,35864,870,11.554239196307842,6.606674550385431,80.79346134201512,133501.34864903954,133304.625,134042.96875,738.34375
bifurcating,sample_1610,16328,32652,789,11.151410788050912,4.949299548912852,48.53911452172623,133550.8430035828,133351.46875,133833.1875,481.71875
bifurcating,sample_1611,17590,35176,804,11.558738520359338,6.749719522421954,67.32068712681557,133619.27088544628,133420.3125,134092.34375,672.03125
bifurcating,sample_1612,24800,49596,1659,10.171927183876866,8.022788296876861,74.17825844769646,133496.05745526715,133287.125,133879.234375,592.109375
bifurcating,sample_1613,19922,39840,999,10.833046995046319,5.869620016542307,69.09230832405213,133501.60350758582,133262.203125,134211.734375,949.53125
bifurcating,sample_1614,23579,47154,1606,12.146466454602768,9.528970177164936,79.55185338402258,133558.4555119227,133096.796875,133905.8125,809.015625
bifurcating,sample_1615,15387,30770,730,13.913336235473734,6.4067781014803264,79.59251625298612,133592.896266938,133281.671875,134141.3125,859.640625
bifurcating,sample_1616,18835,37666,921,13.168347350341143,7.8586331871138535,65.31309615844751,133508.8795601606,133285.578125,133876.640625,591.0625
bifurcating,sample_1617,13985,27966,650,15.61424258623353,7.004928486398266,64.08473246839522,133701.17833281195,133309.15625,134192.859375,883.703125
bifurcating,sample_1618,17171,34338,851,14.40007113853825,8.237386003570832,86.75452648062,133579.99433274125,133311.75,134185.8125,874.0625
bifurcating,sample_1619,18493,36982,896,11.250372002008175,6.016442535721083,78.43786693287652,133471.21144149138,133290.375,133968.953125,678.578125
bifurcating,sample_1620,14886,29768,704,15.627247717985037,6.755688906326598,93.06753856701967,133655.47199549913,133311.359375,134171.890625,860.53125
bifurcating,sample_1621,16173,32342,804,16.00385183102273,9.705679242893613,86.08899882938117,133637.70469204074,133290.015625,134065.03125,775.015625
bifurcating,sample_1622,18096,36188,845,12.296671094535332,6.702876451280574,73.245763763504,133714.14908336097,133504.90625,134056.859375,551.953125
bifurcating,sample_1623,15967,31930,756,13.850533202862028,6.918175820303778,80.7691228088306,133594.6542390164,133326.78125,134074.171875,747.390625
bifurcating,sample_1624,15009,30014,713,14.62383183620982,7.810294930280568,107.56765529236979,133602.37669793956,133313.421875,134143.5625,830.140625
bifurcating,sample_1625,16393,32782,792,12.779083334464516,6.509486483019679,95.02474009732786,133533.14365983193,133313.484375,134180.75,867.265625
bifurcating,sample_1626,20456,40908,987,10.018828900405177,6.478799735668055,80.01562055892953,133514.714432807,133357.796875,133964.390625,606.59375
bifurcating,sample_1627,13769,27534,671,16.816279592991705,9.764266953422728,93.44750770485851,133706.7416274784,133251.390625,134136.71875,885.328125
bifurcating,sample_1628,17886,35768,846,12.239987109873244,6.766451610976273,78.5397706511955,133678.59160097284,133465.265625,134181.1875,715.921875
bifurcating,sample_1629,19409,38814,952,9.474745393407288,5.0935412749425755,59.712678663174465,133486.88510001803,133330.640625,134053.375,722.734375
bifurcating,sample_1630,14296,28588,690,13.226215138697968,6.198515687140304,45.26485044369237,133617.42214496186,133332.140625,133897.296875,565.15625
bifurcating,sample_1631,17246,34488,793,13.068478528090703,7.681071979220787,94.83390228090835,133570.55450629856,133333.71875,134098.515625,764.796875
bifurcating,sample_1632,19208,38412,957,12.48647838341147,7.551413651293561,83.368248549153,133509.180393586,133315.921875,134011.921875,696.0
bifurcating,sample_1633,14387,28770,699,15.738595511154104,7.258083262590006,79.30496027715446,133652.4879307274,133314.03125,134253.40625,939.375
bifurcating,sample_1634,12087,24170,589,17.071819170863744,8.077776784571011,82.28985980487565,133757.91705448003,133326.96875,134254.53125,927.5625
bifurcating,sample_1635,11390,22776,581,16.581440813771724,6.726607297424711,40.40893501477107,133745.48974292143,133316.484375,134276.90625,960.421875
bifurcating,sample_1636,19143,38282,914,10.197087445006686,6.047265293643435,68.44317382358764,133442.84170617198,133277.515625,133840.609375,563.09375
bifurcating,sample_1637,14588,29172,692,15.401851576654673,7.904736571366488,80.54239295511178,133654.9982691253,133330.3125,134111.84375,781.53125
bifurcating,sample_1638,16867,33730,824,11.807965656014135,6.118827764595498,57.44167318066041,133549.28053947797,133353.203125,133854.453125,501.25
bifurcating,sample_1639,17197,34390,848,13.09970688819889,6.52796420558825,70.6304571183594,133574.9938933753,133331.640625,134021.515625,689.875
bifurcating,sample_1640,18762,37520,894,11.648642402359412,7.3259309521917695,69.27802934214793,133542.75833050182,133369.09375,133972.265625,603.171875
bifurcating,sample_1641,16317,32630,821,10.659178041844836,4.734994728570221,23.6246418737295,133497.49986881015,133314.6875,133757.1875,442.5
bifurcating,sample_1642,19092,38180,887,11.110321671307508,7.240602034377125,82.82793823773964,133532.15571639955,133365.5625,133971.171875,605.609375
bifurcating,sample_1643,15209,30414,734,15.249707828220787,8.91952278884232,79.06987829902192,133663.2389405533,133319.90625,134114.390625,794.484375
bifurcating,sample_1644,11435,22866,565,17.402222059313484,7.278463078879746,61.37576257486644,133789.3092096633,133319.9375,134318.265625,998.328125
bifurcating,sample_1645,14764,29524,680,12.333897005215029,5.452137337238118,54.31184699778303,133577.3843883348,133314.15625,133872.015625,557.859375
bifurcating,sample_1646,19255,38506,978,12.766855249846447,7.812481160570598,60.69272055283708,133529.40580368735,133264.640625,133893.53125,628.890625
bifurcating,sample_1647,18091,36178,909,11.961792449203799,6.165718179860977,73.67479839482272,133538.42778004258,133332.390625,134099.953125,767.5625
bifurcating,sample_1648,17111,34218,829,10.73676033198724,5.135452937862054,52.344694261618635,133524.71122925312,133333.484375,133780.765625,447.28125
bifurcating,sample_1649,15094,30184,707,11.773319734121534,5.000799691793596,36.23351432444526,133564.62900718002,133334.015625,133889.546875,555.53125
bifurcating,sample_1650,16455,32906,804,13.251767105437095,7.207269768994025,71.92234708214959,133588.91953528562,133351.5625,134006.3125,654.75
bifurcating,sample_1651,16153,32302,743,13.331008822584305,8.184433750680116,67.96072076198755,133595.53098592366,133327.046875,134011.1875,684.140625
bifurcating,sample_1652,18377,36750,925,11.121354258616979,5.608966440106443,50.0580228192785,133332.39836480384,133059.84375,133991.84375,932.0
bifurcating,sample_1653,15263,30522,702,13.103038577024478,6.00724053192289,59.33285250418299,133581.11305526437,133307.28125,133893.625,586.34375
bifurcating,sample_1654,14091,28178,678,16.42591610835555,8.187380651299156,75.77036177627964,133686.81724039282,133302.1875,134141.84375,839.65625
bifurcating,sample_1655,15180,30356,737,14.843474617462403,7.4518083414162595,83.68825221006882,133575.40803586133,133286.875,134158.5,871.625
bifurcating,sample_1656,17573,35142,909,12.064653662593738,6.017408048764327,72.44696295390627,133533.70564573494,133301.96875,133914.71875,612.75
bifurcating,sample_1657,14307,28610,680,15.464084009314993,8.22604339510993,80.13898372224756,133659.59838824527,133299.171875,134109.609375,810.4375
bifurcating,sample_1658,18234,36464,847,11.632215608203998,6.1542215105921025,74.16658335188342,133528.53626638424,133334.4375,134109.4375,775.0
bifurcating,sample_1659,16626,33248,769,13.831221366175651,7.911183726434453,86.3173268473451,133565.42120210815,133303.8125,134083.453125,779.640625
bifurcating,sample_1660,18599,37194,933,10.836435961364447,6.074747488413482,69.85530637293984,133474.80070333084,133308.75,134052.359375,743.609375
bifurcating,sample_1661,19459,38914,944,10.781960742867184,5.437234873684882,56.48552405403226,133698.8427454841,133522.421875,133937.515625,415.09375
bifurcating,sample_1662,15369,30734,687,13.58960287264425,6.44465385546224,69.70474022516474,133617.82216739052,133323.171875,134167.6875,844.515625
bifurcating,sample_1663,15397,30790,724,11.474126440616713,5.029304601191356,40.944712647370906,133562.87156385984,133339.953125,133840.25,500.296875
bifurcating,sample_1664,16063,32122,738,13.831795888370241,7.8898533823437695,71.24887942543403,133583.44056507968,133314.0,134001.71875,687.71875
bifurcating,sample_1665,17663,35322,820,13.680449416137726,8.739414931662052,83.05695766197879,133543.87064591236,133239.015625,133888.625,649.609375
bifurcating,sample_1666,15498,30992,718,14.386337646741648,8.016321414817872,76.35781000702751,133608.1826788134,133313.640625,133991.34375,677.703125
bifurcating,sample_1667,17959,35914,841,12.63615748230583,7.655939159905363,64.45646056613609,133568.80755992816,133315.078125,133934.96875,619.890625
bifurcating,sample_1668,15248,30492,697,12.309265657275569,5.242348010458751,55.41285629299457,133583.6123180089,133362.328125,134063.609375,701.28125
bifurcating,sample_1669,14887,29770,711,14.501166480446773,7.836992880690692,81.35094082756025,133634.8361028078,133324.1875,134099.25,775.0625
bifurcating,sample_1670,14037,28070,663,14.986294239725554,6.9469521893617765,104.74364227938989,133658.865929107,133321.25,134164.40625,843.15625
bifurcating,sample_1671,17334,34664,826,11.56990439393455,5.704308510651992,64.1874739813368,133518.94877931377,133293.484375,133905.25,611.765625
bifurcating,sample_1672,17567,35130,872,12.695835097522039,6.292983672448823,53.98957803813011,133542.45152754453,133323.734375,133872.234375,548.5
bifurcating,sample_1673,19668,39332,964,11.80490328543122,7.478541019037923,77.61704713837547,133507.34293887916,133342.234375,134110.234375,768.0
bifurcating,sample_1674,19598,39192,931,11.143713854384343,6.782928318385755,60.609064865659384,133571.92301908997,133392.734375,133949.09375,556.359375
bifurcating,sample_1675,19882,39760,1005,13.46801132917686,8.371057005086383,74.35031490469453,133535.31343284756,133334.9375,133918.09375,583.15625
bifurcating,sample_1676,16253,32502,787,14.311162886194374,7.6142034726350305,76.71343080240655,133605.17775468374,133319.78125,134015.890625,696.109375
bifurcating,sample_1677,15277,30550,763,12.18648440994705,5.874298234444409,38.70696659129559,133535.8994812463,133307.734375,133815.0,507.265625
bifurcating,sample_1678,15848,31692,789,13.17034959585685,6.482843527449314,76.2562954873629,133586.3336452155,133318.4375,134051.421875,732.984375
bifurcating,sample_1679,17964,35924,845,12.629404691260355,7.719937795632021,72.39333907154241,133489.72112280116,133244.296875,133909.484375,665.1875
bifurcating,sample_1680,18820,37636,967,9.96779973512839,4.97482407672078,62.17915617075086,133475.66401766738,133255.5,133840.46875,584.96875
bifurcating,sample_1681,17121,34238,853,12.776010354528367,7.006273668012742,73.02567465372779,133542.4061623883,133308.640625,133913.34375,604.703125
bifurcating,sample_1682,19269,38534,897,11.49487307927416,7.794602067601859,61.70651583066189,133485.50583596062,133267.640625,133811.34375,543.703125
bifurcating,sample_1683,14715,29426,688,15.71196007182267,8.269180080178202,82.16412643968609,133663.43391416073,133317.1875,134182.234375,865.046875
bifurcating,sample_1684,12254,24504,595,17.072024630537943,7.50449677337276,83.58064473820151,133739.0837609148,133315.671875,134283.390625,967.71875
bifurcating,sample_1685,12790,25576,614,16.77242012387865,7.6281107048988535,102.71116623370115,133728.50212812744,133319.109375,134451.34375,1132.234375
bifurcating,sample_1686,15561,31118,731,12.867858169367466,6.507880877445213,77.49996043838873,133536.88798016676,133289.15625,133904.65625,615.5
bifurcating,sample_1687,16173,32342,769,13.096342841651825,5.799382973501815,59.917668270155126,133580.87406866383,133328.546875,134015.796875,687.25
bifurcating,sample_1688,14943,29882,726,15.443127885748943,8.426404436969023,73.91659281720084,133671.64109658368,133317.1875,134092.109375,774.921875
bifurcating,sample_1689,12129,24254,595,17.833116402904395,8.081522229087252,90.38652041158062,133777.86480233326,133325.90625,134301.359375,975.453125
bifurcating,sample_1690,19631,39258,929,11.117939946690928,7.098247580848055,67.86186820854934,133504.57134681754,133343.421875,133935.421875,592.0
bifurcating,sample_1691,14918,29832,733,14.217497283120727,6.627567398993579,57.344941813438005,133596.00519297158,133310.546875,133975.640625,665.09375
bifurcating,sample_1692,18061,36118,854,11.12922953422473,5.833568636105723,71.25566023303654,133505.38471360944,133292.421875,134083.953125,791.53125
bifurcating,sample_1693,16324,32644,817,13.67147638261719,7.118799904644493,93.52454687578839,133557.73193227762,133170.25,134198.8125,1028.5625
bifurcating,sample_1694,18875,37746,962,10.236628882088628,4.958494530423584,40.785080265704984,133479.63087417217,133307.78125,133717.390625,409.609375
bifurcating,sample_1695,18026,36048,863,11.813423015077749,6.040646033158614,75.08094998363764,133552.3066421419,133318.625,134021.265625,702.640625
bifurcating,sample_1696,21553,43102,1283,8.87255198513576,5.17471374221707,49.506190899240295,133422.170118429,133284.109375,133755.9375,471.828125
bifurcating,sample_1697,16012,32020,741,13.316135034097826,6.890181466101908,76.17353197330797,133581.62403002437,133306.921875,134069.921875,763.0
bifurcating,sample_1698,18020,36036,822,9.621244215451602,5.108889094089726,57.7684380873516,133523.88771764011,133317.9375,133806.890625,488.953125
bifurcating,sample_1699,16021,32038,775,12.23460755502134,5.800797938164376,52.08682161926402,133559.32728333125,133340.765625,133869.75,528.984375
bifurcating,sample_1700,14344,28684,669,13.235447846947558,6.058916897225595,50.31199987705881,133597.18253603423,133309.34375,133886.015625,576.671875
bifurcating,sample_1701,20969,41934,1420,10.438788918990372,6.457958825222004,67.59133795047711,133497.74819599767,133235.6875,133889.015625,653.328125
bifurcating,sample_1702,13851,27698,653,16.58343546045779,8.359979144513186,71.91548752813422,133706.8450574417,133321.578125,134143.875,822.296875
bifurcating,sample_1703,13517,27030,676,14.7324807700902,6.618590416284688,36.8653091555563,133649.75447700117,133309.203125,134063.21875,754.015625
bifurcating,sample_1704,19793,39582,1142,10.199977214097862,5.411351661131308,53.01181974569252,133538.60277781286,133352.546875,133826.671875,474.125
bifurcating,sample_1705,22178,44352,1509,11.215134622029598,7.854687110777686,73.69614189483826,133476.66870392393,133277.421875,133903.3125,625.890625
bifurcating,sample_1706,17128,34252,855,13.572939813703549,7.452421208919333,79.01177856011307,133564.37774769383,133333.890625,134076.453125,742.5625
bifurcating,sample_1707,15300,30596,718,13.709572147554272,7.301910688810183,75.43646674805622,133601.12198325162,133336.078125,134090.765625,754.6875
bifurcating,sample_1708,21447,42890,1111,10.374073606244048,7.497103727249134,74.31541086769175,133352.63740485266,133150.015625,133707.015625,557.0
bifurcating,sample_1709,15465,30926,730,13.104613444575376,6.926188831404189,78.0554080944358,133578.2080292192,133321.265625,134032.109375,710.84375
bifurcating,sample_1710,13615,27226,641,15.722862727730814,7.1995672424359665,109.85557594163222,133684.11315070695,133329.21875,134395.203125,1065.984375
bifurcating,sample_1711,16544,33084,773,13.162090249153666,7.351485837884824,79.14840279485097,133571.22591555095,133284.71875,134164.078125,879.359375
bifurcating,sample_1712,16938,33872,807,12.214325753876956,6.790225455662187,71.49143371421776,133529.0109424814,133315.34375,134115.515625,800.171875
bifurcating,sample_1713,19001,37998,964,13.97384737700007,9.226475575665381,80.29763628022397,133543.64903327456,133283.734375,133972.765625,689.03125
bifurcating,sample_1714,15324,30644,752,13.642377182065596,5.878641196513241,57.93461771189258,133598.77964202396,133320.546875,133913.71875,593.171875
bifurcating,sample_1715,15746,31488,755,12.973785383575533,5.500115968567072,57.047963828901814,133576.4357416169,133328.9375,133959.515625,630.578125
bifurcating,sample_1716,20729,41454,1409,12.225069429838431,7.844273927762265,72.02224589303974,133580.41310558276,133393.171875,134112.4375,719.265625
bifurcating,sample_1717,18406,36808,857,11.042837607656532,6.247859355295983,69.01178812919535,133531.0902329743,133345.859375,134034.5625,688.703125
bifurcating,sample_1718,17494,34984,839,12.858918792324152,6.789875386331921,75.525694581577,133547.98498949638,133317.53125,134001.34375,683.8125
bifurcating,sample_1719,17098,34192,850,11.046037675819235,5.529670114603802,49.94075554502363,133549.88584008365,133343.9375,133817.3125,473.375
bifurcating,sample_1720,20033,40062,967,11.665266618417771,8.003007732087143,66.628418861965,133513.9979494771,133288.0625,133904.46875,616.40625
bifurcating,sample_1721,20498,40992,982,11.213282370151017,7.397519840316766,70.87734031924113,133463.30684243585,133266.125,133765.359375,499.234375
bifurcating,sample_1722,13319,26634,627,16.359727503142757,7.659942571640525,81.68634637151314,133736.72224242624,133330.328125,134234.765625,904.4375
bifurcating,sample_1723,15563,31122,749,13.953846848029889,6.897406944771769,74.85280210088915,133615.27315588255,133341.734375,134222.75,881.015625
bifurcating,sample_1724,16582,33160,817,11.97828523262608,6.146883909990088,62.190260058891745,133569.5297838017,133342.859375,133904.125,561.265625
bifurcating,sample_1725,15207,30410,698,14.013379890141842,6.019839251512943,66.08893460466676,133624.32024725457,133313.4375,134103.78125,790.34375
bifurcating,sample_1726,18418,36832,874,12.072136690257484,7.1289305762760575,73.21003480518539,133526.02590281927,133305.375,134001.203125,695.828125
bifurcating,sample_1727,13591,27178,656,15.366902985730325,6.984613317720913,53.26032984608067,133686.7610769535,133322.796875,134123.8125,801.015625
bifurcating,sample_1728,17709,35414,881,13.733947675622819,8.134241351978172,86.29687830639377,133544.55469941132,133316.78125,134010.5,693.71875
bifurcating,sample_1729,12878,25752,618,17.68220859618556,9.568010960659851,74.91152447316796,133753.8326130319,133323.40625,134262.4375,939.03125
bifurcating,sample_1730,17213,34422,829,14.260737538792926,8.401147920615719,78.85657495804234,133591.51212927728,133349.5625,134109.71875,760.15625
bifurcating,sample_1731,14151,28298,663,15.0831385912164,7.467644234847507,79.26477227594646,133693.05541127836,133340.84375,134156.921875,816.078125
bifurcating,sample_1732,14627,29250,696,15.585507865943802,8.597355322614282,90.93513063552429,133655.9826124205,133322.359375,134130.21875,807.859375
bifurcating,sample_1733,18483,36962,889,10.245805549353236,5.639429772958466,65.25175266293789,133631.66114216443,133451.21875,133956.0,504.78125
bifurcating,sample_1734,14546,29088,692,14.22382997198778,6.877075459723937,62.306004052743944,133631.53482916264,133315.46875,134025.84375,710.375
bifurcating,sample_1735,16837,33670,818,12.062202312065608,6.2725736723208225,68.49686779834747,133534.39018326454,133317.75,134024.28125,706.53125
bifurcating,sample_1736,17784,35564,859,14.045195336901635,8.924174322890455,84.6288477885951,133551.51649393415,133301.953125,134040.5,738.546875
bifurcating,sample_1737,19875,39746,1002,13.813445074749604,9.989654767391789,113.08190811713644,133521.5037216981,133070.71875,133871.890625,801.171875
bifurcating,sample_1738,22061,44118,1523,10.623191757681397,6.405668679879637,68.93559744314902,133426.0988254159,133265.78125,133801.765625,535.984375
bifurcating,sample_1739,17112,34220,821,13.528244954384322,7.704463257636116,73.53710692499921,133552.1017569907,133313.625,134103.484375,789.859375
bifurcating,sample_1740,16209,32414,746,13.542672240344915,7.905688312119548,87.71280813543939,133561.21854563823,133319.140625,134046.890625,727.75
bifurcating,sample_1741,16444,32884,828,10.859737414581021,4.9016036150492805,44.74047740500708,133475.79960775966,133279.09375,133750.078125,470.984375
bifurcating,sample_1742,18493,36982,863,11.8280271773777,7.329370225492397,60.49891328681733,133510.64076525578,133305.15625,133841.65625,536.5
bifurcating,sample_1743,18085,36166,902,12.73359517573746,7.15621618332498,75.89493954543924,133569.84123842273,133358.828125,134041.046875,682.21875
bifurcating,sample_1744,14430,28856,696,15.446091923831577,7.550909298554392,89.81594455938391,133673.9860728517,133341.5625,134124.09375,782.53125
bifurcating,sample_1745,18598,37192,848,11.122799635908311,6.8908420378827655,70.11518221289235,133480.36915427734,133294.90625,133979.234375,684.328125
bifurcating,sample_1746,13197,26390,646,17.570065493953678,9.311862871914421,85.41267077803889,133757.52347953134,133320.28125,134292.71875,972.4375
bifurcating,sample_1747,19185,38366,993,10.197088489836258,4.841805076989535,50.715144392293276,133486.10711656243,133114.1875,133841.765625,727.578125
bifurcating,sample_1748,18991,37978,934,10.239214922646854,7.135301895232893,323.1413755520451,133482.33743985638,129956.9453125,135022.46875,5065.5234375
bifurcating,sample_1749,15558,31112,726,11.916177759083784,5.777949408690106,53.94474441610853,133526.17966942248,133318.515625,133830.921875,512.40625
bifurcating,sample_1750,15907,31810,788,14.675157990644978,7.416770705724167,69.5712751030356,133613.78855515653,133305.890625,134023.484375,717.59375
bifurcating,sample_1751,17679,35354,827,12.25641852660518,7.076841891768345,78.48980114296728,133580.7722598139,133403.859375,134083.34375,679.484375
bifurcating,sample_1752,15040,30076,731,15.269393536201928,8.031732243776503,95.83479994532365,133626.94451462766,133313.796875,134182.765625,868.96875
bifurcating,sample_1753,21387,42770,1406,10.04143735710037,6.0649361622428835,48.02571182731192,133494.32961173845,133300.34375,133787.390625,487.046875
bifurcating,sample_1754,16259,32514,768,13.712499352185063,7.334481272055246,81.91871495082135,133577.4028912833,133313.453125,134129.5,816.046875
bifurcating,sample_1755,19414,38824,988,11.006426362412371,6.136652677300244,81.23303411411959,133510.66762629416,133336.84375,133968.921875,632.078125
bifurcating,sample_1756,15561,31118,741,15.048005378478516,8.75346535804168,85.93839210385896,133612.79994055652,133303.375,134080.265625,776.890625
bifurcating,sample_1757,12774,25544,646,18.326584555131326,8.904080856169722,89.096882134417,133777.90563962932,133310.296875,134315.78125,1005.484375
bifurcating,sample_1758,11234,22464,582,19.39576378546588,8.315155863685534,117.6984987183756,133825.2168486848,133281.0625,134790.25,1509.1875
bifurcating,sample_1759,21420,42836,1436,10.81130176318434,7.125022875083727,78.30579922246959,133499.73407956932,133334.828125,133970.28125,635.453125
bifurcating,sample_1760,18952,37900,984,12.170680132989139,7.18604143693885,80.34926021143092,133401.27339792633,133103.40625,133937.484375,834.078125
bifurcating,sample_1761,13995,27986,674,14.599108666960703,6.171377491421148,49.02582293375068,133630.64750580565,133317.390625,134052.84375,735.453125
bifurcating,sample_1762,19389,38774,952,10.326648481181538,5.6052958773662835,63.78614885341465,133544.72867830985,133378.640625,133880.9375,502.296875
bifurcating,sample_1763,16713,33422,784,12.236996837568498,6.462078534091908,75.14865627712473,133564.75897411446,133350.09375,134072.25,722.15625
bifurcating,sample_1764,17352,34700,807,10.554662146051271,5.527418454282753,61.698146485729595,133506.03239990346,133299.0625,133872.828125,573.765625
bifurcating,sample_1765,14297,28590,662,14.81786194276119,7.915626357900391,90.17583528576587,133643.4538845562,133309.234375,134150.734375,841.5
bifurcating,sample_1766,15159,30314,698,12.86015039987119,5.859267390494155,64.03997652664181,133557.25018347186,133295.390625,133902.75,607.359375
bifurcating,sample_1767,16462,32920,810,12.524041448530372,6.167596842438591,69.45053383442598,133539.7569354802,133305.921875,133960.640625,654.71875
bifurcating,sample_1768,19080,38156,953,10.36569031752247,5.841226832732627,56.009301322413364,133482.2107761727,133326.703125,133776.671875,449.96875
bifurcating,sample_1769,15245,30486,716,14.159376991619084,8.230472827477977,77.88131539085477,133621.8923694244,133323.703125,134099.59375,775.890625
bifurcating,sample_1770,18842,37680,885,12.285358360754522,7.652434359164992,82.45862360603772,133540.87579526458,133333.90625,134026.03125,692.125
bifurcating,sample_1771,15602,31200,777,13.253128041914474,6.152596438768032,51.42836377514889,133577.6347633717,133318.328125,133862.921875,544.59375
bifurcating,sample_1772,15892,31780,754,15.335700491729186,8.436139870895389,89.82652485036279,133617.789511822,133297.265625,134163.859375,866.59375
bifurcating,sample_1773,15173,30342,751,16.742265199277746,9.738155702358197,83.9708125578121,133658.77444617907,133322.421875,134141.53125,819.109375
bifurcating,sample_1774,11905,23806,606,15.811081910826754,7.261213433394681,32.05097604449437,133726.45482202855,133311.078125,134201.640625,890.5625
bifurcating,sample_1775,11435,22866,556,16.194471878735214,6.943935191375106,82.72811226864471,133766.2859299847,133333.484375,134254.609375,921.125
bifurcating,sample_1776,17243,34482,814,13.511724068318717,7.7679843752566535,79.93058670738016,133588.2498097054,133317.0625,134087.71875,770.65625
bifurcating,sample_1777,16812,33620,779,13.203182792769985,7.339312957609793,75.58762868566126,133597.74161870984,133338.0625,134044.34375,706.28125
bifurcating,sample_1778,21160,42316,1447,13.705727886204274,10.232785709527663,93.75420662179647,133531.43282431475,133138.734375,133871.6875,732.953125
bifurcating,sample_1779,18913,37822,972,12.506583606281849,7.214584355197437,86.8934841425454,133510.08353959577,133299.6875,133950.109375,650.421875
bifurcating,sample_1780,16115,32226,763,14.13994098996783,6.475251855972558,63.64833688787554,133499.37828692212,132933.734375,134131.9375,1198.203125
bifurcating,sample_1781,19135,38266,962,10.70321522109873,6.333525345663449,64.49757918660777,133538.9461458061,133271.421875,133950.421875,679.0
bifurcating,sample_1782,12509,25014,594,16.1911345254917,7.87473677220446,88.7789664777457,133729.35293338797,133330.34375,134246.203125,915.859375
bifurcating,sample_1783,16906,33808,789,12.639507145697753,7.464734904417342,69.78617845908826,133564.16484532118,133319.703125,133959.8125,640.109375
bifurcating,sample_1784,17174,34344,856,13.475273695113037,7.610970201177478,96.37092234701824,133538.09169201992,133311.125,134050.734375,739.609375
bifurcating,sample_1785,15930,31856,756,13.967412230176134,7.081615596160332,80.34650917632933,133585.5710756042,133321.53125,134257.0625,935.53125
bifurcating,sample_1786,17555,35106,852,12.264650186679816,6.820014837019512,97.08645451509557,133593.0589896041,133080.203125,134325.5625,1245.359375
bifurcating,sample_1787,18605,37206,981,9.17484801794683,4.15139635829008,26.543239005969014,133478.6818882693,133314.125,133675.078125,360.953125
bifurcating,sample_1788,17032,34060,805,14.269220977241218,9.584051683688116,93.97484127660262,133588.73160172763,133098.296875,133983.40625,885.109375
bifurcating,sample_1789,16836,33668,811,10.528656474097142,5.156368204145764,46.965772038455384,133460.94953150986,133282.0,133720.65625,438.65625
bifurcating,sample_1790,16321,32638,775,11.013073301072971,5.223152499658727,54.014114824159236,133542.12841201518,133342.734375,133851.734375,509.0
bifurcating,sample_1791,15229,30454,705,13.86807725678276,7.41214574801942,87.7609751207611,133597.68093460667,133323.5,134095.296875,771.796875
bifurcating,sample_1792,20521,41038,1439,12.369500820423236,8.419654238403552,71.86997456021835,133522.5784219519,133180.765625,133876.71875,695.953125
bifurcating,sample_1793,16682,33360,771,12.82002523859293,6.687819952412194,59.34809055010519,133569.39914278864,133308.4375,133882.640625,574.203125
bifurcating,sample_1794,14458,28912,650,13.994131809233515,5.817522027033766,39.583687059310215,133649.70000389058,133321.96875,134045.328125,723.359375
bifurcating,sample_1795,18920,37836,894,12.25166820782767,8.496321980654747,74.13199490134683,133564.84838629756,133307.53125,133930.46875,622.9375
bifurcating,sample_1796,15259,30514,706,13.742184842355616,7.382810075535418,77.94147600212021,133588.97765253292,133299.21875,134262.21875,963.0
bifurcating,sample_1797,16998,33992,780,12.895625606113907,7.080738481475776,63.711775595345685,133572.2045966805,133333.6875,134005.84375,672.15625
bifurcating,sample_1798,17372,34740,837,11.716849913044088,6.279033589128026,67.00287722194822,133518.00475801577,133270.890625,133848.5625,577.671875
bifurcating,sample_1799,17651,35298,855,14.79091395016295,9.670202806295725,89.36942193685923,133570.867383576,133300.03125,134058.59375,758.5625
bifurcating,sample_1800,16664,33324,787,13.245556285980811,6.801947957360382,92.5766133223337,133601.29606299507,133360.671875,134359.734375,999.0625
bifurcating,sample_1801,16375,32746,741,12.554166788298303,7.182617140137984,56.81937257217761,133566.1844265267,133281.59375,133915.1875,633.59375
bifurcating,sample_1802,16187,32370,799,14.538912981719507,7.483174766817297,84.05440307972871,133608.81554256502,133321.484375,134112.96875,791.484375
bifurcating,sample_1803,16327,32650,789,15.140752771373041,8.70899379742844,89.99933318234699,133633.33235974153,133342.625,133937.0625,594.4375
bifurcating,sample_1804,18199,36394,849,11.973348309617105,7.894265084864421,64.75436926460952,133555.34206206384,133344.1875,133961.65625,617.46875
bifurcating,sample_1805,16851,33698,830,12.29580225452598,5.884492444227614,62.32988994340523,133541.30263597117,133331.234375,133911.71875,580.484375
bifurcating,sample_1806,20693,41382,1407,11.794789116086514,7.710493147699178,79.45960565860304,133520.3284723397,133329.84375,133944.890625,615.046875
bifurcating,sample_1807,22953,45902,1569,10.602862790704778,7.493022651223075,86.7991051038555,133465.60789371215,133281.6875,133952.125,670.4375
bifurcating,sample_1808,13369,26734,613,15.012193865106369,6.700210391462361,67.30251637403605,133690.68189117548,133332.328125,134229.546875,897.21875
bifurcating,sample_1809,16223,32442,779,12.80821680251009,6.944284737470673,66.82032836614096,133549.19508857024,133313.359375,133963.828125,650.46875
bifurcating,sample_1810,15670,31336,736,12.059645767088979,6.127662934985665,67.37713802826562,133566.20876276324,133331.734375,133965.671875,633.9375
bifurcating,sample_1811,12303,24602,603,16.316820189002048,7.284764008777586,54.38697024373808,133709.17680265993,133286.296875,134192.65625,906.359375
bifurcating,sample_1812,18585,37166,880,12.17764820948273,7.63013878369911,69.78956900646499,133538.3617778114,133335.140625,133960.59375,625.453125
bifurcating,sample_1813,19760,39516,1072,11.040526203523559,6.026793661005545,75.33838721810505,133578.3440631326,133390.328125,134031.734375,641.40625
bifurcating,sample_1814,17160,34316,778,12.423345954892161,7.66665254126508,63.89392601137616,133582.25033417103,133361.859375,134013.140625,651.28125
bifurcating,sample_1815,11944,23884,573,16.66000141394622,8.147599386812395,77.21569205390769,133755.2568719127,133319.265625,134176.53125,857.265625
bifurcating,sample_1816,15505,31006,738,15.524722419266547,8.674805585692182,99.27454424094871,133630.42604603354,133309.96875,134187.3125,877.34375
bifurcating,sample_1817,14834,29664,678,13.503929698833675,7.274074764074478,72.99005067475109,133625.0009785375,133343.46875,134074.9375,731.46875
bifurcating,sample_1818,18679,37354,859,11.417565508337166,7.997642645741734,61.98064250156673,133439.58559244339,133225.390625,133770.140625,544.75
bifurcating,sample_1819,17697,35390,894,12.27636791484303,6.345705365469287,74.39857885740697,133543.26746411822,133330.671875,134029.6875,699.015625
bifurcating,sample_1820,21703,43402,1472,10.248063375455196,6.316599466405468,71.44572334716439,133430.06366415357,133268.515625,133783.421875,514.90625
bifurcating,sample_1821,13848,27692,673,13.49493735422073,6.4275108638876235,34.40975703521764,133625.41397110594,133333.96875,133987.796875,653.828125
bifurcating,sample_1822,16936,33868,807,12.779184150531096,7.031468188145642,90.86404507999566,133558.25065503956,133334.125,134157.546875,823.421875
bifurcating,sample_1823,18631,37258,911,11.145931004924801,6.135926678036797,68.01810248841846,133543.75271389083,133364.5625,133950.1875,585.625
bifurcating,sample_1824,17300,34596,794,9.95434539256729,4.967936828023341,64.29480871862329,133441.72581195808,133276.515625,133795.296875,518.78125
bifurcating,sample_1825,15757,31510,749,14.10452640487892,6.750706253463216,82.08456185667421,133597.69802805895,133313.578125,134236.265625,922.6875
bifurcating,sample_1826,17951,35898,887,15.129865641271392,10.38527591266925,92.01721125611527,133593.79996587933,133162.28125,134037.015625,874.734375
bifurcating,sample_1827,19203,38402,901,10.933601812797171,6.951107609045626,58.063022720950016,133459.05273508697,133288.828125,133789.65625,500.828125
bifurcating,sample_1828,16969,33934,818,12.859718765294877,7.091497000776296,67.73246838077249,133540.9650382683,133305.359375,133962.125,656.765625
bifurcating,sample_1829,17961,35918,862,11.761922131190529,7.035337385527206,74.96024345789363,133522.0028194769,133336.125,133954.671875,618.546875
bifurcating,sample_1830,17405,34806,819,11.795232169423299,6.3546040215108555,83.26642105485989,133555.49640638466,133238.8125,134556.6875,1317.875
bifurcating,sample_1831,18174,36344,878,10.497505946819908,5.422447733200583,68.29374035910926,133532.7500962914,133354.828125,133962.265625,607.4375
bifurcating,sample_1832,16894,33784,795,13.787121935076463,7.886896524566098,61.99679773514001,133594.63776248225,133330.953125,133949.28125,618.328125
bifurcating,sample_1833,17934,35864,880,11.724983833128254,5.743652330002502,59.74817784973337,133549.3782027155,133336.625,133911.34375,574.71875
bifurcating,sample_1834,14961,29918,749,14.4998567737113,7.085096210015087,71.18400685928778,133608.62910755465,133315.234375,133947.703125,632.46875
bifurcating,sample_1835,16328,32652,782,14.179913095017575,7.510270621813135,87.58724633213353,133609.35081895365,133343.0625,134272.453125,929.390625
bifurcating,sample_1836,15283,30562,713,12.205596973070584,5.804816995244935,68.21202161001443,133575.30104936857,133345.1875,133990.171875,644.984375
bifurcating,sample_1837,15609,31214,753,14.049161102316239,7.473147798375857,65.64525281158542,133581.34223144499,133304.078125,133975.109375,671.03125
bifurcating,sample_1838,15349,30694,714,13.588015426511003,6.672199536093923,93.75652713267975,133609.01807629975,133321.21875,134427.59375,1106.375
bifurcating,sample_1839,16835,33666,821,13.80140241523673,6.953228705221558,68.66879966954681,133558.3005513068,133336.5625,134107.65625,771.09375
bifurcating,sample_1840,8777,17550,310,25.07046364540152,9.824910252811586,92.78492307950268,134120.43980004557,133313.765625,135187.109375,1873.34375
bifurcating,sample_1841,17685,35366,833,10.736536675367258,5.566248156747081,43.4571057540128,133536.12362259685,133354.90625,133905.296875,550.390625
bifurcating,sample_1842,9901,19798,538,18.149775999694732,7.334774268609075,55.777811866563106,133842.88799426827,133316.53125,134435.046875,1118.515625
bifurcating,sample_1843,13195,26386,634,16.563443195606673,8.918011177542674,80.21244009664993,133677.88255612922,133309.484375,134133.75,824.265625
bifurcating,sample_1844,14359,28714,715,17.458047268075266,8.962096071591798,76.79697055824278,133697.9035981353,133301.390625,134136.40625,835.015625
bifurcating,sample_1845,18003,36002,848,12.314720920082301,7.1609345918176,78.94895434743323,133541.27755790701,133327.890625,134066.671875,738.78125
bifurcating,sample_1846,16722,33440,781,12.344108611326606,6.083387453682505,59.87677603252112,133590.88065684427,133358.09375,133898.421875,540.328125
bifurcating,sample_1847,12620,25236,597,15.187211955285683,6.969316221886572,72.26114087218669,133719.0489661747,133319.125,134063.859375,744.734375
bifurcating,sample_1848,17608,35212,894,12.319201484362472,6.7472113719978015,59.728031941831574,134038.49586658052,133720.484375,134406.53125,686.046875
bifurcating,sample_1849,13320,26636,627,15.615299485751157,7.640428101359452,72.60610618955475,133687.1570945946,133319.890625,134093.453125,773.5625
bifurcating,sample_1850,18286,36568,844,10.8506699630091,5.471454399779166,63.50519231632765,133506.86259467626,133329.03125,133964.8125,635.78125
bifurcating,sample_1851,17402,34800,842,14.714912977783616,9.737629721656115,80.88789603403382,133575.03076424406,133219.625,134009.359375,789.734375
bifurcating,sample_1852,23197,46390,1526,8.104858535643508,4.840492558933755,52.860553451005934,133406.80766774798,133289.578125,133736.46875,446.890625
bifurcating,sample_1853,13569,27134,624,13.945900249031215,6.355809228102359,55.90225396728268,133659.6073678974,133317.1875,133969.6875,652.5
bifurcating,sample_1854,17819,35634,817,11.411058509063565,6.253919376404146,79.42780655301922,133529.90562215893,133333.625,134319.265625,985.640625
bifurcating,sample_1855,15236,30468,731,14.34442253050159,7.308866775568235,104.22088372193745,133618.13189772578,133342.53125,134177.765625,835.234375
bifurcating,sample_1856,17945,35886,905,13.375614333018703,6.901901363499683,74.46567723777451,133547.96141595847,133226.34375,134474.578125,1248.234375
bifurcating,sample_1857,18406,36808,955,12.896617165761013,7.421012227896065,82.93535745051456,133512.741578833,133292.4375,133941.609375,649.171875
bifurcating,sample_1858,18539,37074,872,10.337389818902876,5.85563578616627,88.64515856069686,133481.9434519796,133310.78125,134155.265625,844.484375
bifurcating,sample_1859,17327,34650,794,11.500825435768592,6.345959772850218,83.47426593905804,133562.13858338865,133361.1875,134134.328125,773.140625
bifurcating,sample_1860,16599,33194,788,12.774506060031676,6.201472257905333,66.8459570440608,133542.42200584372,133301.421875,134022.625,721.203125
bifurcating,sample_1861,17237,34470,877,10.740454054357897,4.924174722943841,43.4603590754274,133524.30062238933,133333.140625,133819.640625,486.5
bifurcating,sample_1862,21753,43502,1459,7.6471488648781625,3.7396468617092666,32.50737414601352,133469.94068131407,133355.546875,133633.625,278.078125
bifurcating,sample_1863,17028,34052,822,13.606354442605745,7.649780432114353,85.32587972721532,133568.3189709596,133329.90625,134045.9375,716.03125
bifurcating,sample_1864,16150,32296,754,13.095705633857042,6.4086414695714975,96.16961090814063,133605.67390576625,133280.328125,134139.390625,859.0625
bifurcating,sample_1865,19223,38442,1145,11.575851319367189,6.1229997045098115,74.17151106609425,133506.62173974534,133293.328125,133838.125,544.796875
bifurcating,sample_1866,17603,35202,807,12.181467035193723,7.31767052474755,69.69383213318594,133554.32713617707,133350.171875,133954.453125,604.28125
bifurcating,sample_1867,17038,34072,828,14.788021096202758,8.80669077131776,85.11953871196728,133583.2373701432,133279.171875,134014.640625,735.46875
bifurcating,sample_1868,17295,34586,865,12.241952369639275,6.446990584779818,69.15081635181616,133565.7058461622,133344.234375,133909.828125,565.59375
bifurcating,sample_1869,19353,38702,1001,11.190966906053252,6.2558162595312305,76.7008719522444,133516.83506594584,133341.0625,134050.90625,709.84375
bifurcating,sample_1870,8600,17196,289,21.5898107937027,8.484443339124317,68.66046224014593,134061.21412427325,133307.609375,134751.71875,1444.109375
bifurcating,sample_1871,19878,39752,1246,9.541473118420631,5.113988213615629,46.86411282964385,133500.7931019846,133344.921875,133785.625,440.703125
bifurcating,sample_1872,16244,32484,836,12.330871827876523,5.6324385951117915,36.14180145190579,133556.35060445394,133328.078125,133855.734375,527.65625
bifurcating,sample_1873,16445,32886,773,13.559895052749333,6.638877240318696,88.31888910080089,133598.1087659623,133344.703125,134255.296875,910.59375
bifurcating,sample_1874,16503,33002,793,10.03573477109322,4.6933345392571,37.87418629819341,133507.96436916772,133326.734375,133705.734375,379.0
bifurcating,sample_1875,17551,35098,817,12.004682854863711,7.373673446998532,76.56627249463264,133544.47384230242,133339.390625,134035.953125,696.5625
bifurcating,sample_1876,15211,30418,706,13.96920384475412,8.00337782290758,66.4104583512044,133627.37917461048,133325.21875,134025.875,700.65625
bifurcating,sample_1877,16503,33002,791,10.083393142128578,4.685066013273414,44.607437688492226,133574.7312874932,133396.75,133801.65625,404.90625
bifurcating,sample_1878,16729,33454,768,13.627016654159965,8.671703528673737,73.77550030938306,133600.90265594178,133332.609375,134035.546875,702.9375
bifurcating,sample_1879,15242,30480,730,13.91604679246795,7.057481291883049,82.297686937299,133627.79626709913,133338.375,134063.328125,724.953125
bifurcating,sample_1880,22583,45162,1496,9.305408585853522,6.09804213617061,70.79757928407929,133400.30033376877,133097.46875,133996.0625,898.59375
bifurcating,sample_1881,13516,27028,643,16.341803480073974,7.823291072119062,99.19777564527895,133712.82912381622,133325.421875,134407.15625,1081.734375
bifurcating,sample_1882,19512,39020,930,11.505922387038696,7.4291243796576945,70.62368924965877,133484.94133017503,133289.171875,133901.375,612.203125
bifurcating,sample_1883,13113,26222,639,16.88689981036882,8.384767883683898,78.1189490483107,133734.48614209183,133311.515625,134203.53125,892.015625
bifurcating,sample_1884,19790,39576,1080,10.661787948727778,5.459403272687906,52.87991171320712,133485.97749336786,133267.3125,133887.59375,620.28125
bifurcating,sample_1885,12735,25466,606,14.351914145987948,6.256167575300682,46.807678937074954,133661.18708284255,133298.203125,134040.640625,742.4375
bifurcating,sample_1886,14949,29894,705,12.862023733119607,6.231816312949955,55.58092197863627,133612.24052194128,133340.234375,133919.390625,579.15625
bifurcating,sample_1887,16950,33896,786,12.221603959148846,6.320256189831925,75.06109795846889,133532.13709716077,133312.71875,133939.34375,626.625
bifurcating,sample_1888,18419,36834,866,10.795295528932028,5.78631280392644,69.35135512531238,133510.89489284164,133328.75,133958.578125,629.828125
bifurcating,sample_1889,19528,39052,949,10.356612559393925,5.9164206362771665,70.122746992585,133538.91828560273,133378.375,134099.890625,721.515625
bifurcating,sample_1890,19014,38024,1110,10.428343096628481,5.337752023990058,57.16411238199008,133472.6572739166,133301.109375,133781.703125,480.59375
bifurcating,sample_1891,19870,39736,983,11.734975036215905,7.525967569392187,77.00723383944829,133552.10477006793,133386.75,134071.40625,684.65625
bifurcating,sample_1892,12873,25742,617,16.774870057563767,8.291133739422797,82.94447691303128,133720.37184052862,133317.921875,134208.859375,890.9375
bifurcating,sample_1893,22908,45812,1475,8.826680791256106,5.796381849969828,60.51588907116639,133417.06269575586,133283.796875,133677.890625,394.09375
bifurcating,sample_1894,17720,35436,879,12.147645395795692,6.245112208299517,68.37515060369456,133545.01486050367,133329.03125,133938.96875,609.9375
bifurcating,sample_1895,17913,35822,868,12.053045319967682,6.369262580638899,60.47139359011982,133534.13230091275,133268.234375,133904.625,636.390625
bifurcating,sample_1896,14279,28554,698,16.472860309807086,8.395702387784194,78.83447418108688,133681.29079089046,133324.75,134134.40625,809.65625
bifurcating,sample_1897,17513,35022,840,13.425653996555688,8.265969793872362,79.55688739014606,133573.39015302918,133332.546875,134013.15625,680.609375
bifurcating,sample_1898,13321,26638,650,16.976873700904232,8.497549698910053,99.77720140563822,133730.50263915997,133323.203125,134371.8125,1048.609375
bifurcating,sample_1899,18767,37530,892,12.410966163956395,7.832040490131005,77.59718478945,133559.42900520196,133372.796875,134020.453125,647.65625
bifurcating,sample_1900,16014,32024,753,14.173453240278906,8.117678947942398,71.99385386546115,133583.13453169883,133317.28125,134006.78125,689.5
bifurcating,sample_1901,15080,30156,706,13.070223446221663,6.1377938067585465,73.37457640284899,133589.6489762931,133331.640625,134102.765625,771.125
bifurcating,sample_1902,16630,33256,823,14.406651265529598,7.850405806730475,84.46955762384867,133582.24142175284,133311.515625,134147.546875,836.03125
bifurcating,sample_1903,16689,33374,826,13.136063671124932,7.083180575069586,69.048569004262,133568.8949073866,133327.71875,133979.046875,651.328125
bifurcating,sample_1904,17813,35622,816,13.06996370932968,8.818086121308752,78.14399018779875,133505.4731744372,133223.0,133876.375,653.375
bifurcating,sample_1905,14708,29412,688,15.01781913776337,7.83809126616292,80.7333046499756,133610.8571631935,133299.609375,134085.5625,785.953125
bifurcating,sample_1906,14859,29714,694,13.596187648103434,5.866997669779198,24.43127902258895,133613.2774086833,133337.25,134052.078125,714.828125
bifurcating,sample_1907,21737,43470,1396,9.63928148498,6.385792470024658,64.59071426065964,133470.51866704813,133325.96875,133851.265625,525.296875
bifurcating,sample_1908,18969,37934,922,10.315248278745061,5.927484554713872,78.06360772326248,133396.73645487375,133236.578125,133805.078125,568.5
bifurcating,sample_1909,17884,35764,920,14.358812380948086,9.213225507943935,78.57284329781261,133541.6232508807,133250.0625,133991.421875,741.359375
bifurcating,sample_1910,15358,30712,740,14.10113585651634,6.564225885832522,77.07518943038937,133614.40842415192,133323.21875,134133.328125,810.109375
bifurcating,sample_1911,14382,28760,679,14.088554166782709,6.2893745605516145,67.04677035169057,133612.74059914303,133298.5,133969.78125,671.28125
bifurcating,sample_1912,15931,31858,749,11.631313208961098,5.342903897994223,56.11992272578183,133554.95734829106,133343.765625,133851.265625,507.5
bifurcating,sample_1913,19503,39002,973,12.779914322357891,8.863077054905792,77.5881934163863,133488.79406613726,133178.9375,133908.71875,729.78125
bifurcating,sample_1914,19395,38786,919,9.969754491805817,5.978285181690379,70.90910353642823,133416.27759167957,133200.84375,134376.078125,1175.234375
bifurcating,sample_1915,18959,37914,995,11.237867084051175,5.984074891829141,71.81788814024125,133522.4834058033,133228.015625,134393.328125,1165.3125
bifurcating,sample_1916,18994,37984,904,12.254723846941156,7.974782809498424,64.94675635592263,133451.61990628619,133254.015625,133892.1875,638.171875
bifurcating,sample_1917,15230,30456,690,14.594543187027604,8.669228031914317,91.27127320076686,133602.45490294648,133199.25,133965.09375,765.84375
bifurcating,sample_1918,20874,41744,1455,11.114506113818527,6.435054689999495,65.20397912512502,133535.65679194214,133340.921875,133946.421875,605.5
bifurcating,sample_1919,14563,29122,693,13.943780352952865,6.774097130788687,69.91027931197176,133629.84357404037,133319.5,134085.1875,765.6875
bifurcating,sample_1920,22786,45568,1461,8.919444650795972,5.971589963717563,62.999526795759444,133360.62574401498,133209.765625,133674.9375,465.171875
bifurcating,sample_1921,13835,27666,656,15.312301717654503,8.118917730660238,65.73151433307909,133664.51644831948,133323.515625,134078.78125,755.265625
bifurcating,sample_1922,13335,26666,623,14.19002434002656,6.483300642791573,65.52750135067305,133666.72219019497,133327.28125,134317.21875,989.9375
bifurcating,sample_1923,15071,30138,702,13.345582637001959,6.586166000175145,90.90098977567685,133588.10707961483,133317.5625,134202.4375,884.875
bifurcating,sample_1924,16184,32364,776,13.388232505504291,7.181633349092748,76.06852526253213,133600.56692952916,133413.1875,134084.609375,671.421875
bifurcating,sample_1925,18585,37166,860,10.948607371843266,6.436634983196688,72.26061677040151,133526.52391545603,133341.078125,134001.921875,660.84375
bifurcating,sample_1926,17484,34964,833,12.21587165413206,6.4052873058131485,69.47816169901645,133507.83667478123,133124.265625,134352.828125,1228.5625
bifurcating,sample_1927,14713,29422,687,13.695971576721153,6.313252061912944,81.23443217079185,133622.1262297798,133333.03125,134034.4375,701.40625
bifurcating,sample_1928,14809,29614,717,13.851978100768116,6.250147032320937,50.5614934843949,133631.40544495746,133326.015625,133983.71875,657.703125
bifurcating,sample_1929,16440,32876,796,12.581996672064014,6.689749774365371,69.31004544689014,133529.9474490572,133309.484375,133904.71875,595.234375
bifurcating,sample_1930,16424,32844,766,13.885830227318376,8.13485567061919,68.96434055516275,133568.49095930497,133309.78125,134001.5625,691.78125
bifurcating,sample_1931,18439,36874,861,10.90782730571585,5.786862645364655,78.35497210737651,133526.2558046125,133352.296875,134043.0625,690.765625
bifurcating,sample_1932,17717,35430,821,11.802940522825622,6.777651120727008,77.18961252944162,133540.59510551306,133325.671875,134042.25,716.578125
bifurcating,sample_1933,17121,34238,857,10.3912685913949,4.696099891733277,33.94454876972911,133562.55492706326,133391.546875,133822.1875,430.640625
bifurcating,sample_1934,13986,27968,641,13.98971152335212,6.052899996194548,96.84176187420672,133626.3125089375,133309.21875,134302.9375,993.71875
bifurcating,sample_1935,16504,33004,778,13.6485147599908,7.664487771010917,82.00392671554202,133593.68890590916,133352.5,134133.265625,780.765625
bifurcating,sample_1936,20558,41112,1428,12.819971604648233,8.162128409158939,79.18000687563831,133517.76690491536,133266.390625,133935.59375,669.203125
bifurcating,sample_1937,17041,34078,818,12.919971061763055,7.088303137834107,80.75086729697095,133539.21276351885,133312.875,134086.796875,773.921875
bifurcating,sample_1938,16838,33672,862,11.65964035472577,5.865786746623376,39.55664298717319,133464.22993842053,133253.015625,133716.828125,463.8125
bifurcating,sample_1939,17452,34900,890,12.932549946129347,6.867864364544732,84.371589233679,133575.470804743,133362.78125,134060.953125,698.171875
bifurcating,sample_1940,18519,37034,911,13.640204516280933,8.14521334664087,96.0872480831997,133556.67929643203,133330.578125,134167.4375,836.859375
bifurcating,sample_1941,18872,37740,911,11.409998451239833,6.550829702019343,79.24494379405976,133435.56225823972,133234.375,133853.578125,619.203125
bifurcating,sample_1942,16350,32696,771,14.132887840213614,8.273716248165147,71.69076950736456,133591.53629587157,133327.828125,134031.515625,703.6875
bifurcating,sample_1943,19842,39680,1071,11.675368339969,7.85411148750762,199.05687043583222,133678.03523539082,116973.578125,137893.140625,20919.5625
bifurcating,sample_1944,19180,38356,964,14.277770219798194,9.693860668284863,80.68118203560898,133559.84396751173,133248.90625,133933.765625,684.859375
bifurcating,sample_1945,16147,32290,764,13.527990869412733,7.188948916590023,104.33069892035218,133587.95827107975,133334.515625,134142.84375,808.328125
bifurcating,sample_1946,17869,35734,823,11.253854357967645,6.621770048746138,67.13590738882866,133541.4429808607,133325.25,133895.15625,569.90625
bifurcating,sample_1947,17313,34622,832,13.664162140940759,7.7761174479944435,72.66676566756111,133554.52646764714,133313.984375,133988.859375,674.875
bifurcating,sample_1948,15157,30310,744,14.154114312745683,7.081529606746878,84.55674921007059,133630.96765108532,133322.90625,134092.015625,769.109375
bifurcating,sample_1949,13779,27554,633,14.621651742331242,7.390837133855706,72.80968658318152,133641.38566273858,133317.625,134125.46875,807.84375
bifurcating,sample_1950,16539,33074,788,11.617609799156476,5.965851388838506,66.21967719804394,133532.4044446082,133322.6875,133957.59375,634.90625
bifurcating,sample_1951,16710,33416,799,12.230881154208687,6.199310730217401,84.19602973473002,133583.46040451078,133386.109375,134070.828125,684.71875
bifurcating,sample_1952,18319,36634,858,12.64349606865237,8.306549532381629,68.75814559972363,133563.4915806335,133338.984375,133941.78125,602.796875
bifurcating,sample_1953,16031,32058,754,11.14457323561494,5.597491461291985,57.1343902134551,133547.94924482252,133350.171875,133826.125,475.953125
bifurcating,sample_1954,19101,38198,904,10.221709984463951,5.627208173216549,48.38134197705718,133435.4577435409,133218.625,134040.28125,821.65625
bifurcating,sample_1955,15171,30338,727,14.220948658361797,7.740036084691908,76.95231596047903,133625.62226863753,133320.71875,134050.484375,729.765625
bifurcating,sample_1956,17097,34190,814,12.224799768006495,6.148292613506654,74.95968312377114,133531.7486455957,133320.21875,134042.75,722.53125
bifurcating,sample_1957,18242,36480,853,12.187656199715803,7.498213693718779,82.62803240932455,133534.2634134141,133334.0,133978.90625,644.90625
bifurcating,sample_1958,15036,30068,721,12.45751844340558,5.758817013971568,50.22046321788163,133524.56586380186,133287.09375,133799.359375,512.265625
bifurcating,sample_1959,20518,41032,1085,9.077105033752254,5.215779020123183,67.38418872450916,133496.35148558582,133365.546875,134078.21875,712.671875
bifurcating,sample_1960,13847,27690,680,17.405321779512022,9.760077992385455,86.92243954792151,133716.37864925616,133318.8125,134216.03125,897.21875
bifurcating,sample_1961,16864,33724,777,13.384212901030011,8.161491243006028,71.4119925204619,133574.58642485473,133313.984375,134010.984375,697.0
bifurcating,sample_1962,18766,37528,918,9.795669230879424,5.038738638192508,45.907958503032425,133486.87146052034,133330.8125,133701.890625,371.078125
bifurcating,sample_1963,17832,35660,840,12.876724722185935,6.875760181313528,65.15688225737864,133531.18056460997,133279.40625,133983.03125,703.625
bifurcating,sample_1964,17122,34240,792,15.007243518519745,9.512058406982401,92.70635740544309,133558.44395368532,133190.34375,133932.125,741.78125
bifurcating,sample_1965,9368,18732,313,20.823972795049425,8.466359119323318,73.98088883356722,133964.2030949776,133315.390625,134649.328125,1333.9375
bifurcating,sample_1966,14305,28606,677,14.522311796628015,6.372615831483938,77.39424144613082,133661.96145796924,133307.15625,134236.71875,929.5625
bifurcating,sample_1967,12560,25116,612,17.67914016421041,9.373921683555565,83.63514605839086,133750.67580986265,133319.75,134228.515625,908.765625
bifurcating,sample_1968,14489,28974,707,17.062478213550836,8.987280682493672,82.02071837138683,133699.6878698927,133312.46875,134165.46875,853.0
bifurcating,sample_1969,16939,33874,814,10.755670748389926,5.621601474246042,62.59873402437262,133547.0897835616,133348.828125,133918.625,569.796875
bifurcating,sample_1970,18389,36774,908,13.438335062645155,7.974128727397573,71.60277562506077,133557.06622335364,133314.71875,133968.140625,653.421875
bifurcating,sample_1971,12213,24422,595,15.941565490636574,6.860459957281332,51.657059900046455,133745.26379037707,133322.78125,134160.328125,837.546875
bifurcating,sample_1972,20773,41542,1401,10.376454239919974,5.988680658749388,63.11541390580039,133453.88331608337,133279.4375,133860.6875,581.25
bifurcating,sample_1973,21458,42912,1460,12.230806233701973,8.935742335802544,82.04077677222583,133480.41905990773,133136.328125,133833.46875,697.140625
bifurcating,sample_1974,16368,32732,838,12.89929881730025,6.128774112553432,78.55573637416953,133578.57099981673,133267.578125,134512.625,1245.046875
bifurcating,sample_1975,13223,26442,619,15.683401372665172,7.88718014862572,76.37784246108109,133699.26357955835,133334.65625,134111.4375,776.78125
bifurcating,sample_1976,21262,42520,1450,11.859182610429858,7.832601057390516,65.71479296109604,133478.34197894132,133278.640625,133918.515625,639.875
bifurcating,sample_1977,12503,25002,619,14.34991139031786,6.647458563038269,42.227970244605046,133665.40811580222,133318.78125,134051.765625,732.984375
bifurcating,sample_1978,18989,37974,977,13.166104324392553,8.08599355537079,85.61123731908962,133549.06829365029,133342.03125,134172.6875,830.65625
bifurcating,sample_1979,16471,32938,816,12.701475157501017,6.135386695543036,54.78166060227616,133539.42964813157,133335.25,133834.09375,498.84375
bifurcating,sample_1980,14410,28816,689,14.540231564453878,6.796244180724914,60.71688854892665,133644.9839456107,133319.328125,133961.703125,642.375
bifurcating,sample_1981,11139,22274,567,19.272735049534425,8.724490523253998,68.81727102707478,133863.38835257877,133319.890625,134408.9375,1089.046875
bifurcating,sample_1982,14791,29578,699,12.95463366313628,5.8091395136767305,58.6152844693359,133580.23528349164,133315.6875,133970.4375,654.75
bifurcating,sample_1983,21103,42202,1418,11.40044977870357,7.695294871872124,67.86130290465724,133456.91709931646,133257.25,133876.421875,619.171875
bifurcating,sample_1984,16531,33058,812,14.1006830852326,7.967438454934917,71.18778417582753,133569.8895115616,133300.09375,134053.265625,753.171875
bifurcating,sample_1985,17239,34474,809,13.297296373935094,7.849811875956,63.33224207980529,133560.48334807705,133314.015625,133947.90625,633.890625
bifurcating,sample_1986,15688,31372,761,13.166921904316709,6.1032028366084985,65.05021211274489,133573.04803332963,133272.84375,133988.4375,715.59375
bifurcating,sample_1987,15685,31366,733,12.286405015755863,5.573616731734848,75.65994648653927,133564.2659318218,133334.6875,133943.34375,608.65625
bifurcating,sample_1988,14973,29942,702,13.267071065672626,6.187972331832826,58.70460941436736,133584.207792777,133311.28125,134139.234375,827.953125
bifurcating,sample_1989,13827,27650,648,15.204130037325182,6.436213467953341,52.128627739715874,133693.56450242279,133318.078125,134155.375,837.296875
bifurcating,sample_1990,19949,39894,1088,11.783174024578045,7.055075194666087,87.53876378985585,133507.19843099904,133249.859375,134123.546875,873.6875
bifurcating,sample_1991,12448,24892,597,15.517738570843601,6.554495970489513,61.31801503993088,133724.64658604795,133321.53125,134094.359375,772.828125
bifurcating,sample_1992,15121,30238,711,11.975082238771286,5.453662944773195,46.125233481173645,133590.65597926723,133349.78125,133845.578125,495.796875
bifurcating,sample_1993,19622,39240,986,12.535805742954715,8.823444104291497,80.96335214763772,133440.3714325757,133127.015625,133820.421875,693.40625
bifurcating,sample_1994,19362,38720,997,11.640317895945659,5.939601926896729,55.691492042895746,133526.54198058698,133313.5,133870.59375,557.09375
bifurcating,sample_1995,12333,24662,609,16.61377566597707,7.155427467632407,58.958913690532725,133766.69054569042,133325.953125,134196.875,870.921875
bifurcating,sample_1996,18788,37572,921,14.331868806813766,8.836830777312297,73.767777146502,133543.48470932245,133175.234375,134047.609375,872.375
bifurcating,sample_1997,16718,33432,807,14.335233133087257,7.872393634846606,100.60478180464655,133562.1797183425,133303.4375,134336.96875,1033.53125
bifurcating,sample_1998,19684,39364,997,12.966814675193241,8.892961897880593,72.31531049010916,133501.98574667244,133193.609375,133929.734375,736.125
bifurcating,sample_1999,18802,37600,931,12.767427687055555,7.570393229221836,78.93870969105456,133498.8207097317,133300.890625,134027.5625,726.671875
